{"10": {"train": {"MSE": 1.4790576532657624, "MAE": 0.8807930436864972, "RMSE": 1.216165142267185, "MAPE": 42.50005430475217}, "test": {"MSE": 1.3327520881040662, "MAE": 0.9141043091698895, "RMSE": 1.1544488243764062, "MAPE": 47.361006256453855}}, "20": {"train": {"MSE": 1.4165364488102987, "MAE": 0.8636296077057095, "RMSE": 1.190183367725452, "MAPE": 41.2162549015084}, "test": {"MSE": 1.3342286737975886, "MAE": 0.8936867747194166, "RMSE": 1.1550881671100213, "MAPE": 44.878452521538314}}, "30": {"train": {"MSE": 1.3985970281542148, "MAE": 0.8635395479429635, "RMSE": 1.1826229442025107, "MAPE": 41.575332129916056}, "test": {"MSE": 1.3653920755209572, "MAE": 0.8948661486411673, "RMSE": 1.168499925340587, "MAPE": 44.03677534108427}}, "40": {"train": {"MSE": 1.4027807041542941, "MAE": 0.8644303147212541, "RMSE": 1.184390435690146, "MAPE": 41.38140582057962}, "test": {"MSE": 1.3637385288599995, "MAE": 0.9016962631808711, "RMSE": 1.167792159958269, "MAPE": 45.04169423191518}}, "50": {"train": {"MSE": 1.381589397257539, "MAE": 0.8606600225139505, "RMSE": 1.1754103101715327, "MAPE": 41.61303140690276}, "test": {"MSE": 1.3698579023032427, "MAE": 0.8973694013800815, "RMSE": 1.170409288370202, "MAPE": 44.45115367539017}}, "60": {"train": {"MSE": 1.367525626713596, "MAE": 0.8460345465938764, "RMSE": 1.1694125134928204, "MAPE": 39.808226774740135}, "test": {"MSE": 1.4001503326287714, "MAE": 0.9217047210901063, "RMSE": 1.1832794820450372, "MAPE": 46.821650553634285}}, "70": {"train": {"MSE": 1.374887863768513, "MAE": 0.8498321101310534, "RMSE": 1.1725561239311801, "MAPE": 40.398245131478944}, "test": {"MSE": 1.3667866273850784, "MAE": 0.8809336815140782, "RMSE": 1.169096500458828, "MAPE": 42.623353848376155}}, "80": {"train": {"MSE": 1.3811723223982502, "MAE": 0.8691035361247907, "RMSE": 1.1752328800702652, "MAPE": 42.73050210176235}, "test": {"MSE": 1.3739408369771648, "MAE": 0.8903914292320274, "RMSE": 1.1721522243195057, "MAPE": 43.9047813813292}}, "90": {"train": {"MSE": 1.3629137392696193, "MAE": 0.8525913804399777, "RMSE": 1.1674389659719344, "MAPE": 40.980907444250256}, "test": {"MSE": 1.4176991431161898, "MAE": 0.9114849413472331, "RMSE": 1.1906717192896579, "MAPE": 45.12805024176032}}, "200": {"train": {"MSE": 1.4169244793577143, "MAE": 0.8883550479199255, "RMSE": 1.1903463694898702, "MAPE": 44.32368990792775}, "test": {"MSE": 1.3848304022271583, "MAE": 0.915562844982333, "RMSE": 1.1767881721988704, "MAPE": 46.63330204681636}}, "300": {"train": {"MSE": 1.432781481072882, "MAE": 0.8845636609356621, "RMSE": 1.1969885049877806, "MAPE": 43.43447539228828}, "test": {"MSE": 1.392234924943294, "MAE": 0.9185808458846945, "RMSE": 1.179930050868819, "MAPE": 46.635117085164126}}, "500": {"train": {"MSE": 1.4132935763416559, "MAE": 0.8634195351140561, "RMSE": 1.1888202455971448, "MAPE": 40.86679155930401}, "test": {"MSE": 1.430963986212394, "MAE": 0.9200766268566523, "RMSE": 1.1962290692891533, "MAPE": 46.06487803901434}}, "2000": {"train": {"MSE": 1.4242777908900448, "MAE": 0.8812230088204608, "RMSE": 1.19343110018553, "MAPE": 42.833076039284876}, "test": {"MSE": 1.4577096342934999, "MAE": 0.941603179619918, "RMSE": 1.2073564652966, "MAPE": 47.82420882530157}}}