{"10": {"train": {"MSE": 1.4640244862034526, "MAE": 0.8872440938389763, "RMSE": 1.2099687955494771, "MAPE": 43.2524840452837}, "test": {"MSE": 1.3383059348449358, "MAE": 0.9177034305602919, "RMSE": 1.1568517341668878, "MAPE": 47.94362174811306}}, "20": {"train": {"MSE": 1.4445645931895303, "MAE": 0.8839009006937971, "RMSE": 1.2019004090146281, "MAPE": 43.16981956989453}, "test": {"MSE": 1.3332678527950819, "MAE": 0.9093404104645576, "RMSE": 1.1546721841263354, "MAPE": 47.104423175589076}}, "30": {"train": {"MSE": 1.4519633216310184, "MAE": 0.885753128873292, "RMSE": 1.2049744070439912, "MAPE": 43.176669140414994}, "test": {"MSE": 1.4067743964684722, "MAE": 0.9543305243492831, "RMSE": 1.1860752069192206, "MAPE": 51.169982515875425}}, "40": {"train": {"MSE": 1.445353120973875, "MAE": 0.8777157691082949, "RMSE": 1.2022283980067494, "MAPE": 42.30985270692037}, "test": {"MSE": 1.3587759726775244, "MAE": 0.928143786821858, "RMSE": 1.1656654634488939, "MAPE": 49.01418905924773}}, "50": {"train": {"MSE": 1.4620484970723868, "MAE": 0.8749595529745042, "RMSE": 1.2091519743491248, "MAPE": 41.67312455265356}, "test": {"MSE": 1.3284741360784407, "MAE": 0.9009332580955155, "RMSE": 1.1525945237065984, "MAPE": 46.00324300113499}}, "60": {"train": {"MSE": 1.4470828441191097, "MAE": 0.8761358558253267, "RMSE": 1.2029475649915542, "MAPE": 41.98262484385624}, "test": {"MSE": 1.3684628982391038, "MAE": 0.9259548322974521, "RMSE": 1.1698131894619346, "MAPE": 48.4620087332512}}, "70": {"train": {"MSE": 1.4529320010052678, "MAE": 0.8692499866041897, "RMSE": 1.20537629021201, "MAPE": 41.06611377107849}, "test": {"MSE": 1.323350293627937, "MAE": 0.891769512276273, "RMSE": 1.1503696334778388, "MAPE": 45.130147840859216}}, "80": {"train": {"MSE": 1.4517235061389595, "MAE": 0.8729866709182836, "RMSE": 1.2048748923182686, "MAPE": 41.71139249485007}, "test": {"MSE": 1.3413446523244412, "MAE": 0.9166457981919442, "RMSE": 1.1581643459908622, "MAPE": 47.91785672064254}}, "90": {"train": {"MSE": 1.4622857591541258, "MAE": 0.8598931223789684, "RMSE": 1.209250081312433, "MAPE": 39.54306415447127}, "test": {"MSE": 1.3145677519627377, "MAE": 0.88647979822547, "RMSE": 1.1465460095271962, "MAPE": 44.476728891183996}}, "200": {"train": {"MSE": 1.458883835650801, "MAE": 0.8767634714013839, "RMSE": 1.2078426369568185, "MAPE": 42.09747216398762}, "test": {"MSE": 1.3309273886005357, "MAE": 0.9131342297493324, "RMSE": 1.1536582633520793, "MAPE": 47.60703190917797}}, "300": {"train": {"MSE": 1.467250311011383, "MAE": 0.8700117126161423, "RMSE": 1.2113010818996996, "MAPE": 40.83184041987824}, "test": {"MSE": 1.3175073119268732, "MAE": 0.8898113997730368, "RMSE": 1.1478272134458536, "MAPE": 44.52103212320791}}, "500": {"train": {"MSE": 1.465994595170589, "MAE": 0.8770743466002223, "RMSE": 1.2107826374583461, "MAPE": 41.969682931135054}, "test": {"MSE": 1.313849340532791, "MAE": 0.8747299086879088, "RMSE": 1.1462326729476833, "MAPE": 42.93655932360801}}, "2000": {"train": {"MSE": 1.4688853688908472, "MAE": 0.8939907993047432, "RMSE": 1.2119758120073383, "MAPE": 43.68509816948789}, "test": {"MSE": 1.3930980272181006, "MAE": 0.9356203593397672, "RMSE": 1.1802957371854312, "MAPE": 49.275601757581526}}}