{"10": {"train": {"MSE": 1.5223885134813706, "MAE": 0.887021022741974, "RMSE": 1.2338510904810882, "MAPE": 43.01564960513681}, "test": {"MSE": 1.3462609630476556, "MAE": 0.924890002730705, "RMSE": 1.1602848628882718, "MAPE": 48.49297988474297}}, "20": {"train": {"MSE": 1.519442024969735, "MAE": 0.8916589509993075, "RMSE": 1.232656491067051, "MAPE": 43.63170794710122}, "test": {"MSE": 1.3839811436421006, "MAE": 0.9493492769449404, "RMSE": 1.1764272793683852, "MAPE": 50.89821180369193}}, "30": {"train": {"MSE": 1.5163197414829241, "MAE": 0.8851348146035284, "RMSE": 1.2313893541374004, "MAPE": 42.58124812322806}, "test": {"MSE": 1.4375744655043698, "MAE": 0.9771641997604638, "RMSE": 1.1989889346880436, "MAPE": 53.061972647940436}}, "40": {"train": {"MSE": 1.5131431448527473, "MAE": 0.8860073836095967, "RMSE": 1.2300988354001263, "MAPE": 42.83313237200667}, "test": {"MSE": 1.371502451864387, "MAE": 0.9362762406684569, "RMSE": 1.1711116308296092, "MAPE": 49.33502997835502}}, "50": {"train": {"MSE": 1.5164301038156174, "MAE": 0.8893162972027152, "RMSE": 1.2314341654410996, "MAPE": 43.29673304862271}, "test": {"MSE": 1.38037035581851, "MAE": 0.946693932010331, "RMSE": 1.174891635776896, "MAPE": 50.61149904234477}}, "60": {"train": {"MSE": 1.5140570823976336, "MAE": 0.8911103279226956, "RMSE": 1.2304702687987359, "MAPE": 43.44255934434009}, "test": {"MSE": 1.402439814422761, "MAE": 0.9533994213975454, "RMSE": 1.184246517589459, "MAPE": 50.83423119220684}}, "70": {"train": {"MSE": 1.5118918506757535, "MAE": 0.884013508474658, "RMSE": 1.2295901149064892, "MAPE": 42.61623690982719}, "test": {"MSE": 1.3581546059941179, "MAE": 0.9275674950396416, "RMSE": 1.1653989042358492, "MAPE": 48.44105541966705}}, "80": {"train": {"MSE": 1.5154240948506434, "MAE": 0.8951293521723919, "RMSE": 1.2310256272111655, "MAPE": 43.99395356215455}, "test": {"MSE": 1.4247875264545864, "MAE": 0.9704954239173224, "RMSE": 1.1936446399387828, "MAPE": 52.57779071156447}}, "90": {"train": {"MSE": 1.5124480536724663, "MAE": 0.8798816880485691, "RMSE": 1.2298162682581761, "MAPE": 42.09857958935477}, "test": {"MSE": 1.3462276342732553, "MAE": 0.9222503248152724, "RMSE": 1.1602705004753224, "MAPE": 47.986798044661434}}, "200": {"train": {"MSE": 1.5202263840762538, "MAE": 0.9074701106385356, "RMSE": 1.2329746080419717, "MAPE": 45.360289055661006}, "test": {"MSE": 1.427085972800624, "MAE": 0.9705704965411169, "RMSE": 1.1946070369793675, "MAPE": 52.50197170187647}}, "300": {"train": {"MSE": 1.5145219989634886, "MAE": 0.8782773435342258, "RMSE": 1.2306591725427023, "MAPE": 41.6977084528735}, "test": {"MSE": 1.3745846632771628, "MAE": 0.9341185490641741, "RMSE": 1.1724268264063062, "MAPE": 48.81751123272146}}, "500": {"train": {"MSE": 1.515279236296959, "MAE": 0.8833996000936558, "RMSE": 1.2309667892745761, "MAPE": 42.33034172560834}, "test": {"MSE": 1.4006647328650508, "MAE": 0.9495390160895801, "RMSE": 1.183496824188832, "MAPE": 50.301599512531816}}, "2000": {"train": {"MSE": 1.5117123404541881, "MAE": 0.8854882118992908, "RMSE": 1.2295171167796681, "MAPE": 42.78253579121942}, "test": {"MSE": 1.4098203772768394, "MAE": 0.9572391221373022, "RMSE": 1.1873585714841324, "MAPE": 51.14642208059994}}}