{"10": {"train": {"MSE": 1.5129873745487958, "MAE": 0.8859784604146098, "RMSE": 1.230035517596462, "MAPE": 42.823516834925236}, "test": {"MSE": 1.3645340129467391, "MAE": 0.9330927340453923, "RMSE": 1.1681327034831013, "MAPE": 49.21562972014325}}, "20": {"train": {"MSE": 1.5150135260438238, "MAE": 0.8949549761909914, "RMSE": 1.2308588570765633, "MAPE": 43.956781203278}, "test": {"MSE": 1.3829984261812165, "MAE": 0.9458132753710371, "RMSE": 1.1760095349023394, "MAPE": 50.43092777771879}}, "30": {"train": {"MSE": 1.5132901371307705, "MAE": 0.8875887499009081, "RMSE": 1.2301585821067016, "MAPE": 42.948319808798544}, "test": {"MSE": 1.3915096274874152, "MAE": 0.9517841286203779, "RMSE": 1.1796226631798048, "MAPE": 50.93356762870056}}, "40": {"train": {"MSE": 1.514578226516006, "MAE": 0.8961326278898256, "RMSE": 1.230682016816694, "MAPE": 44.074496474996394}, "test": {"MSE": 1.3729096363309927, "MAE": 0.9396465232808727, "RMSE": 1.1717122668688729, "MAPE": 49.86145803104073}}, "50": {"train": {"MSE": 1.5103087096831822, "MAE": 0.8887202683592497, "RMSE": 1.2289461785136004, "MAPE": 43.15609429334528}, "test": {"MSE": 1.3943646196013446, "MAE": 0.951604201562176, "RMSE": 1.1808321724958821, "MAPE": 50.93613059259727}}, "60": {"train": {"MSE": 1.509504040044842, "MAE": 0.8865773203425685, "RMSE": 1.2286187529273846, "MAPE": 42.887126118057246}, "test": {"MSE": 1.3573732686336388, "MAE": 0.9269952248882805, "RMSE": 1.1650636328688828, "MAPE": 48.454018289649305}}, "70": {"train": {"MSE": 1.509567470636195, "MAE": 0.8900332677613775, "RMSE": 1.2286445664374197, "MAPE": 43.314056534910215}, "test": {"MSE": 1.3764208145912629, "MAE": 0.9391124448499106, "RMSE": 1.1732096209080725, "MAPE": 49.76286286588786}}, "80": {"train": {"MSE": 1.507731006235981, "MAE": 0.8814394927763326, "RMSE": 1.2278969851888966, "MAPE": 42.11085403654284}, "test": {"MSE": 1.385710807465517, "MAE": 0.9411305955753971, "RMSE": 1.177162184010987, "MAPE": 49.60952397050507}}, "90": {"train": {"MSE": 1.5088142046235895, "MAE": 0.8896641679832371, "RMSE": 1.2283379846864582, "MAPE": 43.22899484072362}, "test": {"MSE": 1.3921403060894648, "MAE": 0.946979674323583, "RMSE": 1.179889955076093, "MAPE": 50.325399757051656}}, "200": {"train": {"MSE": 1.5166576845799682, "MAE": 0.9016145528157555, "RMSE": 1.231526566737384, "MAPE": 44.58185183647877}, "test": {"MSE": 1.381316340999477, "MAE": 0.9429011076241048, "RMSE": 1.1752941508403234, "MAPE": 50.163720840212264}}, "300": {"train": {"MSE": 1.5090182177382185, "MAE": 0.8853250371485266, "RMSE": 1.228421026252082, "MAPE": 42.71113861255916}, "test": {"MSE": 1.3619490365569922, "MAE": 0.9299365025307592, "RMSE": 1.1670257223202032, "MAPE": 48.75970306698029}}, "500": {"train": {"MSE": 1.511396064253718, "MAE": 0.898248538731479, "RMSE": 1.2293884919966178, "MAPE": 44.21730439056391}, "test": {"MSE": 1.3714919567652275, "MAE": 0.9381753255002707, "RMSE": 1.1711071499932137, "MAPE": 49.69941581162705}}, "2000": {"train": {"MSE": 1.6510204214216642, "MAE": 0.8633233224314658, "RMSE": 1.284920394974593, "MAPE": 35.29343499869266}, "test": {"MSE": 1.3405917550126065, "MAE": 0.8831119164998879, "RMSE": 1.157839261302106, "MAPE": 41.71766010493042}}}