{"10": {"train": {"MSE": 1.5047841898218364, "MAE": 0.8821122839433776, "RMSE": 1.2266964538229645, "MAPE": 42.65981287727219}, "test": {"MSE": 1.3354818987912531, "MAE": 0.9237238203415598, "RMSE": 1.155630520015482, "MAPE": 48.66549617441359}}, "20": {"train": {"MSE": 1.486437987919171, "MAE": 0.8710608756016007, "RMSE": 1.219195631520705, "MAPE": 41.51481274294161}, "test": {"MSE": 1.3175755112289542, "MAE": 0.9028413399176324, "RMSE": 1.147856921061573, "MAPE": 46.04416999881862}}, "30": {"train": {"MSE": 1.4912485028559175, "MAE": 0.8794826524871888, "RMSE": 1.2211668611847921, "MAPE": 42.585807972843746}, "test": {"MSE": 1.3231742970942506, "MAE": 0.9052268038505301, "RMSE": 1.1502931352895447, "MAPE": 46.021192048740254}}, "40": {"train": {"MSE": 1.495286530200658, "MAE": 0.874632873490748, "RMSE": 1.2228190913625197, "MAPE": 41.79293022536984}, "test": {"MSE": 1.3113179659959513, "MAE": 0.9024112289600423, "RMSE": 1.145127925603053, "MAPE": 45.994659752476544}}, "50": {"train": {"MSE": 1.4904407674290614, "MAE": 0.8768812275728642, "RMSE": 1.2208360935969502, "MAPE": 42.15265941299998}, "test": {"MSE": 1.345094154242799, "MAE": 0.9199175021613443, "RMSE": 1.1597819425404066, "MAPE": 47.844995106923626}}, "60": {"train": {"MSE": 1.4963399905739876, "MAE": 0.8782449153695234, "RMSE": 1.2232497662268274, "MAPE": 42.12396034549608}, "test": {"MSE": 1.401460008304951, "MAE": 0.9522989612514393, "RMSE": 1.1838327619663813, "MAPE": 50.86115059673699}}, "70": {"train": {"MSE": 1.498049058202642, "MAE": 0.8766602420977998, "RMSE": 1.2239481435921384, "MAPE": 41.97868949592975}, "test": {"MSE": 1.3231387576526068, "MAE": 0.908323946501346, "RMSE": 1.1502776871923608, "MAPE": 46.26702542015314}}, "80": {"train": {"MSE": 1.4906614309174682, "MAE": 0.8790906000599361, "RMSE": 1.2209264641727888, "MAPE": 42.536283244876124}, "test": {"MSE": 1.3275922976844938, "MAE": 0.9099527475545833, "RMSE": 1.1522119152675405, "MAPE": 46.8061675043349}}, "90": {"train": {"MSE": 1.49383983230998, "MAE": 0.8844458033528312, "RMSE": 1.2222274061360185, "MAPE": 43.00323220504246}, "test": {"MSE": 1.3805998625555174, "MAE": 0.9429289413240489, "RMSE": 1.1749893031664234, "MAPE": 50.29964219650284}}, "200": {"train": {"MSE": 1.4944572981327098, "MAE": 0.8743177579722032, "RMSE": 1.2224799786224352, "MAPE": 41.661488199561234}, "test": {"MSE": 1.3152323045215575, "MAE": 0.8932606806300186, "RMSE": 1.1468357792297716, "MAPE": 44.2580138990692}}, "300": {"train": {"MSE": 1.5037810922541233, "MAE": 0.8635191469449128, "RMSE": 1.2262875243001223, "MAPE": 39.90065542584173}, "test": {"MSE": 1.3308146110795926, "MAE": 0.9055728026878342, "RMSE": 1.1536093840982713, "MAPE": 45.96033794512037}}, "500": {"train": {"MSE": 1.5144668025370571, "MAE": 0.8582105616863437, "RMSE": 1.2306367467847923, "MAPE": 39.006660206386876}, "test": {"MSE": 1.3266694680763842, "MAE": 0.8896422613925266, "RMSE": 1.1518113856341168, "MAPE": 43.101011319313756}}, "2000": {"train": {"MSE": 1.5289329471239193, "MAE": 0.9288738201638499, "RMSE": 1.236500281893991, "MAPE": 47.910036677471645}, "test": {"MSE": 1.452132207888642, "MAE": 0.983962202091066, "RMSE": 1.2050444837800147, "MAPE": 53.898779611967775}}}