{"10": {"train": {"MSE": 1.4871252284698206, "MAE": 0.8717963929776745, "RMSE": 1.2194774407383766, "MAPE": 41.423430449257495}, "test": {"MSE": 1.3214299373159093, "MAE": 0.914269446884219, "RMSE": 1.1495346612068333, "MAPE": 47.447739666438935}}, "20": {"train": {"MSE": 1.4631901648005474, "MAE": 0.8764332223415116, "RMSE": 1.2096239766144468, "MAPE": 42.24100031197125}, "test": {"MSE": 1.3347714499155536, "MAE": 0.9075578324961625, "RMSE": 1.1553230933014165, "MAPE": 46.250027447650595}}, "30": {"train": {"MSE": 1.4750031820231204, "MAE": 0.8776181605597895, "RMSE": 1.2144970901665926, "MAPE": 42.14465807551462}, "test": {"MSE": 1.3229547448180135, "MAE": 0.9091999697158903, "RMSE": 1.1501976981449813, "MAPE": 46.654001108277576}}, "40": {"train": {"MSE": 1.4600756110450577, "MAE": 0.8765232071330185, "RMSE": 1.2083358850274446, "MAPE": 42.14640460090738}, "test": {"MSE": 1.3362272603287975, "MAE": 0.9121914495653684, "RMSE": 1.1559529663134211, "MAPE": 46.805605873500014}}, "50": {"train": {"MSE": 1.4696709355158755, "MAE": 0.890828312260864, "RMSE": 1.2122998537968548, "MAPE": 43.650139639229785}, "test": {"MSE": 1.3750872541978367, "MAE": 0.9384645914056589, "RMSE": 1.1726411446806038, "MAPE": 49.33667999659143}}, "60": {"train": {"MSE": 1.470871293215334, "MAE": 0.8850478615531727, "RMSE": 1.2127948273369795, "MAPE": 43.12750973855415}, "test": {"MSE": 1.347949197704473, "MAE": 0.9224274125746229, "RMSE": 1.1610121436507341, "MAPE": 47.92495345357018}}, "70": {"train": {"MSE": 1.4608005592549422, "MAE": 0.8792155598981474, "RMSE": 1.2086358257369927, "MAPE": 42.48802407412464}, "test": {"MSE": 1.3540604113857544, "MAE": 0.9226276673165246, "RMSE": 1.1636410148262024, "MAPE": 47.68858551060144}}, "80": {"train": {"MSE": 1.4641243469933722, "MAE": 0.8802651834348735, "RMSE": 1.2100100606992374, "MAPE": 42.26440676133503}, "test": {"MSE": 1.3746493598271834, "MAE": 0.9340888718676749, "RMSE": 1.1724544169506903, "MAPE": 48.76592048803947}}, "90": {"train": {"MSE": 1.4683420862504883, "MAE": 0.8704706685588511, "RMSE": 1.2117516603044076, "MAPE": 41.16089315433865}, "test": {"MSE": 1.3207486796140782, "MAE": 0.8948332921339752, "RMSE": 1.149238304101494, "MAPE": 44.713888227129395}}, "200": {"train": {"MSE": 1.471268689659831, "MAE": 0.88819822847412, "RMSE": 1.2129586512572599, "MAPE": 43.30298650266791}, "test": {"MSE": 1.3416068613538483, "MAE": 0.9064382600451094, "RMSE": 1.1582775407275445, "MAPE": 46.085605597664994}}, "300": {"train": {"MSE": 1.466788870434321, "MAE": 0.8837052336808601, "RMSE": 1.2111105938081463, "MAPE": 43.015595152094996}, "test": {"MSE": 1.381369119370493, "MAE": 0.9391260473896145, "RMSE": 1.1753166038861584, "MAPE": 49.859624789486425}}, "500": {"train": {"MSE": 1.4679253648061803, "MAE": 0.8818030905602005, "RMSE": 1.2115796980827056, "MAPE": 42.50849034529631}, "test": {"MSE": 1.3268927364163496, "MAE": 0.8934924606123629, "RMSE": 1.1519083020867371, "MAPE": 44.777743596351534}}, "2000": {"train": {"MSE": 1.4685930120554138, "MAE": 0.88737802213404, "RMSE": 1.2118551943427127, "MAPE": 43.07434570629914}, "test": {"MSE": 1.3506958006382328, "MAE": 0.910623884590897, "RMSE": 1.1621943902111354, "MAPE": 46.141605425748864}}}