{"10": {"train": {"MSE": 1.252399927564977, "MAE": 0.8144515480848952, "RMSE": 1.1191067543201485, "MAPE": 40.25465701726913}, "test": {"MSE": 0.9444014242056215, "MAE": 0.7374684791404338, "RMSE": 0.97180318182522, "MAPE": 40.17552898046471}}, "20": {"train": {"MSE": 1.2131804332618152, "MAE": 0.7999941863702453, "RMSE": 1.1014447027707814, "MAPE": 39.40027951128787}, "test": {"MSE": 0.953034822223785, "MAE": 0.7388221544020283, "RMSE": 0.9762350240714502, "MAPE": 40.109878235669036}}, "30": {"train": {"MSE": 1.1905148161882688, "MAE": 0.7937556357575601, "RMSE": 1.0911071515613253, "MAPE": 39.21512080920565}, "test": {"MSE": 0.955043211339886, "MAE": 0.7407964040961044, "RMSE": 0.977263122879343, "MAPE": 40.21067437234045}}, "40": {"train": {"MSE": 1.179113696872081, "MAE": 0.7870710070613174, "RMSE": 1.0858700184055552, "MAPE": 38.594364708121304}, "test": {"MSE": 0.9592098265050646, "MAE": 0.7421776095085022, "RMSE": 0.9793925803808525, "MAPE": 40.08173821910134}}, "50": {"train": {"MSE": 1.1661473570021252, "MAE": 0.7867639273855012, "RMSE": 1.0798830293148074, "MAPE": 38.898315352556665}, "test": {"MSE": 0.9720525943199857, "MAE": 0.7524240689042826, "RMSE": 0.9859272763850211, "MAPE": 40.89182175543865}}, "60": {"train": {"MSE": 1.1479084535608974, "MAE": 0.7791284869221938, "RMSE": 1.0714048971144836, "MAPE": 38.480433168514196}, "test": {"MSE": 0.9667329218540797, "MAE": 0.7490912638390492, "RMSE": 0.9832257735912335, "MAPE": 40.622976693680876}}, "70": {"train": {"MSE": 1.1559483431600088, "MAE": 0.7796525178245391, "RMSE": 1.0751503816490087, "MAPE": 38.315377483642784}, "test": {"MSE": 0.9577217935201784, "MAE": 0.7397535059256435, "RMSE": 0.9786326141715176, "MAPE": 39.70834208010372}}, "80": {"train": {"MSE": 1.1632047985039344, "MAE": 0.7821515058931289, "RMSE": 1.0785197255979764, "MAPE": 38.45472597927189}, "test": {"MSE": 0.961286255562441, "MAE": 0.7457331541520456, "RMSE": 0.9804520669377167, "MAPE": 40.372072583889896}}, "90": {"train": {"MSE": 1.1582238964429796, "MAE": 0.7818916850427116, "RMSE": 1.0762081101919738, "MAPE": 38.52281482127605}, "test": {"MSE": 0.9631553849176704, "MAE": 0.7472061973021307, "RMSE": 0.9814048017600435, "MAPE": 40.392412022907585}}, "200": {"train": {"MSE": 1.315715464814847, "MAE": 0.8629798228053882, "RMSE": 1.147046409180922, "MAPE": 44.87487434061892}, "test": {"MSE": 0.9784676389618698, "MAE": 0.7773690869251575, "RMSE": 0.9891752316763041, "MAPE": 44.32343773879726}}, "300": {"train": {"MSE": 1.3016002170475616, "MAE": 0.8203851267445735, "RMSE": 1.1408769508792618, "MAPE": 39.72399804689718}, "test": {"MSE": 0.9306702236544157, "MAE": 0.7256809681714314, "RMSE": 0.9647125082916753, "MAPE": 38.97682968394322}}, "500": {"train": {"MSE": 1.3009080316730885, "MAE": 0.8404854154619287, "RMSE": 1.1405735538197825, "MAPE": 42.36206777585864}, "test": {"MSE": 0.9502722860329696, "MAE": 0.750619679505673, "RMSE": 0.9748191042613853, "MAPE": 41.69281221334172}}, "2000": {"train": {"MSE": 1.3190219820461553, "MAE": 0.8624790144149163, "RMSE": 1.1484868227568636, "MAPE": 44.6331526179272}, "test": {"MSE": 0.9886036011733083, "MAE": 0.7837824153726429, "RMSE": 0.9942854726753823, "MAPE": 44.86335749244801}}}