{"10": {"train": {"MSE": 1.1574319657050811, "MAE": 0.7849351924343286, "RMSE": 1.075840120884642, "MAPE": 38.44633553591139}, "test": {"MSE": 0.9438692078123384, "MAE": 0.7279073320917716, "RMSE": 0.9715293139233311, "MAPE": 38.71946766313653}}, "20": {"train": {"MSE": 1.0967543341420742, "MAE": 0.7669664251262881, "RMSE": 1.0472603946211632, "MAPE": 37.87377804817994}, "test": {"MSE": 0.9646881807922737, "MAE": 0.741725228145213, "RMSE": 0.9821854105983624, "MAPE": 39.60032278041511}}, "30": {"train": {"MSE": 1.0366530998555739, "MAE": 0.7488611937436602, "RMSE": 1.018161627569795, "MAPE": 36.88554787936578}, "test": {"MSE": 0.9759667800554586, "MAE": 0.7437680865231855, "RMSE": 0.987910309722223, "MAPE": 40.00801312713446}}, "40": {"train": {"MSE": 1.0092040340385457, "MAE": 0.7373828166470412, "RMSE": 1.00459147619246, "MAPE": 36.48797490042323}, "test": {"MSE": 1.0014914419773724, "MAE": 0.753657755630012, "RMSE": 1.0007454431459444, "MAPE": 40.296528485392656}}, "50": {"train": {"MSE": 0.9891369999741233, "MAE": 0.7294695681375615, "RMSE": 0.9945536687248825, "MAPE": 35.99789218026716}, "test": {"MSE": 0.9723975622603173, "MAE": 0.7428259440568517, "RMSE": 0.9861022068022752, "MAPE": 39.878381478752075}}, "60": {"train": {"MSE": 0.9830376725644127, "MAE": 0.7263912883483232, "RMSE": 0.9914825629149575, "MAPE": 35.86972919811797}, "test": {"MSE": 1.0052443675747686, "MAE": 0.7572705671040117, "RMSE": 1.002618754848905, "MAPE": 40.7209293970847}}, "70": {"train": {"MSE": 0.9798484086316727, "MAE": 0.7175083011697853, "RMSE": 0.98987292549684, "MAPE": 34.913635182647695}, "test": {"MSE": 1.0010343876190593, "MAE": 0.749259082282599, "RMSE": 1.0005170601339386, "MAPE": 39.54861643519159}}, "80": {"train": {"MSE": 0.9654949148028368, "MAE": 0.7173778818672966, "RMSE": 0.9825960079314574, "MAPE": 35.395180807617535}, "test": {"MSE": 0.9901000150330682, "MAE": 0.7528912597015148, "RMSE": 0.9950376952824793, "MAPE": 40.47821774545516}}, "90": {"train": {"MSE": 0.9636795239938599, "MAE": 0.7131083650667224, "RMSE": 0.9816718005493791, "MAPE": 34.85365625025524}, "test": {"MSE": 0.9876138022572643, "MAE": 0.7461577386773243, "RMSE": 0.9937876041978307, "MAPE": 39.57131781236217}}, "200": {"train": {"MSE": 0.955235619169055, "MAE": 0.7005024830203519, "RMSE": 0.9773615601040666, "MAPE": 33.06298176879452}, "test": {"MSE": 0.9988200619480231, "MAE": 0.7400058004810847, "RMSE": 0.9994098568395366, "MAPE": 38.13323116115015}}, "300": {"train": {"MSE": 1.2711604779710401, "MAE": 0.7990058363031594, "RMSE": 1.1274575282337869, "MAPE": 37.18555098932986}, "test": {"MSE": 0.9288271830900962, "MAE": 0.70470819578659, "RMSE": 0.9637568070265943, "MAPE": 36.18466324867177}}, "500": {"train": {"MSE": 1.265912639760542, "MAE": 0.8059438523309059, "RMSE": 1.125127832630827, "MAPE": 38.28215471925259}, "test": {"MSE": 0.9306167859606688, "MAE": 0.7107682626105513, "RMSE": 0.9646848117186612, "MAPE": 37.060361824579466}}, "2000": {"train": {"MSE": 1.2783097718201784, "MAE": 0.8456107114149438, "RMSE": 1.1306236207598788, "MAPE": 43.18244080849632}, "test": {"MSE": 0.9408673272632536, "MAE": 0.737962541628252, "RMSE": 0.9699831582369116, "MAPE": 40.44777563174504}}}