{"10": {"train": {"MSE": 1.3254908618860668, "MAE": 0.8368935331868245, "RMSE": 1.1512996403569606, "MAPE": 41.28753054769148}, "test": {"MSE": 0.9663594142278037, "MAE": 0.7569669610457042, "RMSE": 0.9830358153331972, "MAPE": 41.678869991101564}}, "20": {"train": {"MSE": 1.3220849166120237, "MAE": 0.8337113731618733, "RMSE": 1.149819514798746, "MAPE": 40.884393733163044}, "test": {"MSE": 0.9601549191620057, "MAE": 0.7513715075646703, "RMSE": 0.979874950777907, "MAPE": 41.12277871211988}}, "30": {"train": {"MSE": 1.3232468199201464, "MAE": 0.8369451037416049, "RMSE": 1.1503246584856583, "MAPE": 41.253010616522104}, "test": {"MSE": 0.9623084941327271, "MAE": 0.7545070140705511, "RMSE": 0.9809732382347274, "MAPE": 41.50515451904474}}, "40": {"train": {"MSE": 1.3221432760801677, "MAE": 0.8372919477688584, "RMSE": 1.1498448921833622, "MAPE": 41.31339519251596}, "test": {"MSE": 0.9621116705491539, "MAE": 0.7547960924633755, "RMSE": 0.9808729125371716, "MAPE": 41.55158425438596}}, "50": {"train": {"MSE": 1.323313698372998, "MAE": 0.8394849306979334, "RMSE": 1.1503537274999365, "MAPE": 41.57127298179967}, "test": {"MSE": 0.9639848645553392, "MAE": 0.7571812942374645, "RMSE": 0.9818273089272569, "MAPE": 41.811578465794966}}, "60": {"train": {"MSE": 1.3231949070978384, "MAE": 0.839845107759264, "RMSE": 1.1503020938422386, "MAPE": 41.597118097342154}, "test": {"MSE": 0.9627183701780173, "MAE": 0.7562302944323681, "RMSE": 0.9811821289536501, "MAPE": 41.717840037226786}}, "70": {"train": {"MSE": 1.3233107142996978, "MAE": 0.8394140830677079, "RMSE": 1.1503524304749817, "MAPE": 41.54788427316215}, "test": {"MSE": 0.9641170592835987, "MAE": 0.7577256370940797, "RMSE": 0.9818946273829992, "MAPE": 41.85943709028848}}, "80": {"train": {"MSE": 1.3235295533336915, "MAE": 0.843104798744268, "RMSE": 1.1504475447988454, "MAPE": 41.991714580489415}, "test": {"MSE": 0.968988456204768, "MAE": 0.7622339644211847, "RMSE": 0.9843721126712033, "MAPE": 42.32736251158042}}, "90": {"train": {"MSE": 1.323414856903398, "MAE": 0.8394553840812764, "RMSE": 1.150397695105218, "MAPE": 41.54215618607534}, "test": {"MSE": 0.9638927192780335, "MAE": 0.7576393539384587, "RMSE": 0.9817803824063881, "MAPE": 41.85618920381984}}, "200": {"train": {"MSE": 1.3271522437421184, "MAE": 0.8263632655832499, "RMSE": 1.1520209389338887, "MAPE": 39.77156185215685}, "test": {"MSE": 0.9492250554995295, "MAE": 0.7398022249830639, "RMSE": 0.9742818152359868, "MAPE": 39.867601026116844}}, "300": {"train": {"MSE": 1.3276813731792114, "MAE": 0.8269904944283519, "RMSE": 1.152250568747619, "MAPE": 39.84082462170554}, "test": {"MSE": 0.9483856269410088, "MAE": 0.7396101497280666, "RMSE": 0.9738509264466553, "MAPE": 39.87204131479676}}, "500": {"train": {"MSE": 1.3304898286938367, "MAE": 0.8239830248850072, "RMSE": 1.1534686075892298, "MAPE": 39.383847200986175}, "test": {"MSE": 0.9475423259493716, "MAE": 0.7374030456465299, "RMSE": 0.9734178578336087, "MAPE": 39.578967197443085}}, "2000": {"train": {"MSE": 1.3670356778617219, "MAE": 0.8080924232922838, "RMSE": 1.1692030096872492, "MAPE": 36.328419692031936}, "test": {"MSE": 0.9459964096965667, "MAE": 0.7112036193681455, "RMSE": 0.9726234675847415, "MAPE": 36.03849413698267}}}