{"10": {"train": {"MSE": 1.2944580924482756, "MAE": 0.8268389779365151, "RMSE": 1.1377425422512228, "MAPE": 40.679827031586534}, "test": {"MSE": 0.9717955158708159, "MAE": 0.7567636878169897, "RMSE": 0.9857968938228685, "MAPE": 41.55485660629241}}, "20": {"train": {"MSE": 1.287096406241282, "MAE": 0.8287150833785751, "RMSE": 1.134502713192561, "MAPE": 41.04737094436943}, "test": {"MSE": 0.9734424162282603, "MAE": 0.7603541288822273, "RMSE": 0.986631854456494, "MAPE": 41.91796293517381}}, "30": {"train": {"MSE": 1.2870163088705835, "MAE": 0.8260801524900242, "RMSE": 1.1344674119914522, "MAPE": 40.71087142439401}, "test": {"MSE": 0.9789280470400749, "MAE": 0.7598901173694388, "RMSE": 0.9894079275203301, "MAPE": 41.82222707392023}}, "40": {"train": {"MSE": 1.2889621489285137, "MAE": 0.8292320400047379, "RMSE": 1.1353246887690382, "MAPE": 41.048088432816655}, "test": {"MSE": 0.9833727515206693, "MAE": 0.7648536142686138, "RMSE": 0.9916515272618044, "MAPE": 42.235482340865325}}, "50": {"train": {"MSE": 1.2849064869017008, "MAE": 0.8205559100885237, "RMSE": 1.1335371572655661, "MAPE": 40.06185310464537}, "test": {"MSE": 0.9747796428793928, "MAE": 0.7551770918050261, "RMSE": 0.9873092944358383, "MAPE": 41.19926675593765}}, "60": {"train": {"MSE": 1.287651481185913, "MAE": 0.8273509200186385, "RMSE": 1.1347473204136298, "MAPE": 40.852902795328816}, "test": {"MSE": 0.981434130052192, "MAE": 0.7626635316004436, "RMSE": 0.9906735739143303, "MAPE": 41.99375711428024}}, "70": {"train": {"MSE": 1.281096150411655, "MAE": 0.8247946411220657, "RMSE": 1.131855180847645, "MAPE": 40.763401691730884}, "test": {"MSE": 0.9814202205038162, "MAE": 0.7635284485384404, "RMSE": 0.9906665536414441, "MAPE": 42.1077723415136}}, "80": {"train": {"MSE": 1.3151444247534425, "MAE": 0.825924009778747, "RMSE": 1.1467974645740382, "MAPE": 39.934449337979814}, "test": {"MSE": 0.956914828792178, "MAE": 0.7415797037759714, "RMSE": 0.9782202353213606, "MAPE": 40.0295856752828}}, "90": {"train": {"MSE": 1.28469534957931, "MAE": 0.8248714114280152, "RMSE": 1.1334440213699617, "MAPE": 40.63119633781338}, "test": {"MSE": 0.9797639610367472, "MAE": 0.7612695629111704, "RMSE": 0.9898302688020544, "MAPE": 41.823549342233555}}, "200": {"train": {"MSE": 1.3237565074347388, "MAE": 0.8263306882097308, "RMSE": 1.1505461778802009, "MAPE": 39.74951338118192}, "test": {"MSE": 0.9544383893260023, "MAE": 0.7405161179142205, "RMSE": 0.9769536270089806, "MAPE": 39.9595533468719}}, "300": {"train": {"MSE": 1.3296693751552182, "MAE": 0.8206716321090111, "RMSE": 1.1531129065079526, "MAPE": 38.843287595089606}, "test": {"MSE": 0.9470444165622853, "MAE": 0.7277065920290443, "RMSE": 0.9731620710664207, "MAPE": 38.46215714641441}}, "500": {"train": {"MSE": 1.3314006368840032, "MAE": 0.8197447898113907, "RMSE": 1.1538633527779636, "MAPE": 38.693588717733824}, "test": {"MSE": 0.945792532391494, "MAE": 0.7251009468019254, "RMSE": 0.9725186540069521, "MAPE": 38.147014021743395}}, "2000": {"train": {"MSE": 1.3979378348523457, "MAE": 0.9242756603674921, "RMSE": 1.182344211662723, "MAPE": 50.05662864894461}, "test": {"MSE": 1.134803069122545, "MAE": 0.8780256772842818, "RMSE": 1.0652713593833945, "MAPE": 52.65245909749403}}}