{"10": {"train": {"MSE": 1.2673700659837253, "MAE": 0.8205817417238149, "RMSE": 1.1257753177182939, "MAPE": 40.59893143226523}, "test": {"MSE": 0.954493352564222, "MAE": 0.7472294556365628, "RMSE": 0.9769817565155564, "MAPE": 40.91298963080423}}, "20": {"train": {"MSE": 1.2572592769704154, "MAE": 0.8156315743229495, "RMSE": 1.1212757363692551, "MAPE": 40.189341413924886}, "test": {"MSE": 0.9565867398061696, "MAE": 0.7482724197789431, "RMSE": 0.9780525240528597, "MAPE": 40.93135057118065}}, "30": {"train": {"MSE": 1.2444379695136254, "MAE": 0.8140907527035791, "RMSE": 1.1155437999081996, "MAPE": 40.35599051847046}, "test": {"MSE": 0.9573466437221937, "MAE": 0.7491989411616454, "RMSE": 0.9784409250037499, "MAPE": 41.063017277100606}}, "40": {"train": {"MSE": 1.2267142937988764, "MAE": 0.8032167100797526, "RMSE": 1.1075713493039065, "MAPE": 39.49779357399077}, "test": {"MSE": 0.9583243656791377, "MAE": 0.7478180706785925, "RMSE": 0.978940430097326, "MAPE": 40.64066761653856}}, "50": {"train": {"MSE": 1.2313175118961954, "MAE": 0.8099516257577322, "RMSE": 1.1096474719009617, "MAPE": 40.15307573796455}, "test": {"MSE": 0.9660760564927203, "MAE": 0.7552350525783684, "RMSE": 0.9828916809561064, "MAPE": 41.38858070881935}}, "60": {"train": {"MSE": 1.2369595454301043, "MAE": 0.8068715175888297, "RMSE": 1.1121868302718318, "MAPE": 39.551342964418616}, "test": {"MSE": 0.9498920733322479, "MAE": 0.7416931566284815, "RMSE": 0.9746240676959748, "MAPE": 40.11869496412568}}, "70": {"train": {"MSE": 1.227892777700539, "MAE": 0.808218774156815, "RMSE": 1.1081032342252861, "MAPE": 40.09570352715717}, "test": {"MSE": 0.9611317765771883, "MAE": 0.7535648687438053, "RMSE": 0.9803732843040901, "MAPE": 41.313833213326525}}, "80": {"train": {"MSE": 1.229307633116329, "MAE": 0.8088153424496696, "RMSE": 1.1087414636047166, "MAPE": 40.106161930763584}, "test": {"MSE": 0.9568736241106465, "MAE": 0.7475846371349653, "RMSE": 0.9781991740492559, "MAPE": 40.74641232577104}}, "90": {"train": {"MSE": 1.2343590669492042, "MAE": 0.8060479697362486, "RMSE": 1.1110171317082398, "MAPE": 39.710064608619994}, "test": {"MSE": 0.9593869804221544, "MAE": 0.7502154222949969, "RMSE": 0.9794830169135933, "MAPE": 40.89895328312417}}, "200": {"train": {"MSE": 1.3103199820229385, "MAE": 0.8545209048621394, "RMSE": 1.1446920904867555, "MAPE": 43.814832929597486}, "test": {"MSE": 0.9809718969294488, "MAE": 0.7784964927263703, "RMSE": 0.9904402540938291, "MAPE": 44.243743037834044}}, "300": {"train": {"MSE": 1.3067473516505297, "MAE": 0.8250507947730965, "RMSE": 1.1431305050826566, "MAPE": 40.135391303784736}, "test": {"MSE": 0.9338429309551873, "MAE": 0.7313503112547372, "RMSE": 0.9663554889145026, "MAPE": 39.502711593789435}}, "500": {"train": {"MSE": 1.3044007002317852, "MAE": 0.8355681487156653, "RMSE": 1.1421036293751041, "MAPE": 41.557523346810335}, "test": {"MSE": 0.9476265352435833, "MAE": 0.7471833088716257, "RMSE": 0.9734611113154872, "MAPE": 41.175776465785376}}, "2000": {"train": {"MSE": 1.3126752164306472, "MAE": 0.8488279762324558, "RMSE": 1.1457203919066148, "MAPE": 43.04230092850015}, "test": {"MSE": 0.966817253614967, "MAE": 0.7666243110750965, "RMSE": 0.9832686579033052, "MAPE": 43.09732603754089}}}