{"10": {"train": {"MSE": 1.2513554820502653, "MAE": 0.8141638239745373, "RMSE": 1.1186400145043378, "MAPE": 40.109404028571355}, "test": {"MSE": 0.9514560507862008, "MAE": 0.7446234754777015, "RMSE": 0.9754260867878205, "MAPE": 40.59595491556116}}, "20": {"train": {"MSE": 1.2314663274789113, "MAE": 0.8074752354845235, "RMSE": 1.1097145252175946, "MAPE": 39.8447456563709}, "test": {"MSE": 0.9485763633600819, "MAE": 0.7396511844761142, "RMSE": 0.9739488504845015, "MAPE": 40.16151569276719}}, "30": {"train": {"MSE": 1.214595310960502, "MAE": 0.8019408790105085, "RMSE": 1.1020867982879126, "MAPE": 39.38537542124375}, "test": {"MSE": 0.956662121745492, "MAE": 0.7420401542907037, "RMSE": 0.9780910600478322, "MAPE": 40.022427943506386}}, "40": {"train": {"MSE": 1.2198055819436737, "MAE": 0.8046063610489176, "RMSE": 1.1044480892933237, "MAPE": 39.76283917994217}, "test": {"MSE": 0.951085731269107, "MAE": 0.7403466578412737, "RMSE": 0.9752362438245961, "MAPE": 40.090446769572544}}, "50": {"train": {"MSE": 1.2112614534117234, "MAE": 0.8012094497687369, "RMSE": 1.1005732385496767, "MAPE": 39.64801565416634}, "test": {"MSE": 0.9485549121274935, "MAE": 0.7411519514092985, "RMSE": 0.9739378379175406, "MAPE": 40.1388021718585}}, "60": {"train": {"MSE": 1.2169155845703954, "MAE": 0.8050715363893325, "RMSE": 1.103138968838648, "MAPE": 39.96789345073553}, "test": {"MSE": 0.9585143788756646, "MAE": 0.7480356684289908, "RMSE": 0.9790374757258603, "MAPE": 40.77571241896894}}, "70": {"train": {"MSE": 1.2093284049366624, "MAE": 0.8014887018427501, "RMSE": 1.0996946871457833, "MAPE": 39.664478367096464}, "test": {"MSE": 0.9644207137790981, "MAE": 0.7501347018368678, "RMSE": 0.982049242033768, "MAPE": 40.8323010447982}}, "80": {"train": {"MSE": 1.207485848417941, "MAE": 0.8010597491090206, "RMSE": 1.0988566095801313, "MAPE": 39.63118578064503}, "test": {"MSE": 0.9594733142937718, "MAE": 0.7452621632810202, "RMSE": 0.979527087064861, "MAPE": 40.30895211947499}}, "90": {"train": {"MSE": 1.206020184812267, "MAE": 0.8017405859507322, "RMSE": 1.0981895031424527, "MAPE": 39.8270356474344}, "test": {"MSE": 0.9511853151700655, "MAE": 0.7418218996622798, "RMSE": 0.9752872987843457, "MAPE": 40.085562468177336}}, "200": {"train": {"MSE": 1.3008313105041105, "MAE": 0.8334667398641541, "RMSE": 1.1405399206095814, "MAPE": 41.430111193027024}, "test": {"MSE": 0.9423619468421434, "MAE": 0.7410758843421416, "RMSE": 0.9707532883498996, "MAPE": 40.520060071782034}}, "300": {"train": {"MSE": 1.3073092673294495, "MAE": 0.8465389410121122, "RMSE": 1.1433762579874787, "MAPE": 42.94145404108395}, "test": {"MSE": 0.9608125472167339, "MAE": 0.7605293198882283, "RMSE": 0.9802104606750195, "MAPE": 42.515304038545466}}, "500": {"train": {"MSE": 1.302190895319992, "MAE": 0.8325647967963109, "RMSE": 1.1411357917969238, "MAPE": 41.23326547382067}, "test": {"MSE": 0.9483692114405479, "MAE": 0.7466107800827165, "RMSE": 0.9738424982719474, "MAPE": 41.049471348679596}}, "2000": {"train": {"MSE": 1.3091329433211487, "MAE": 0.8280775549441526, "RMSE": 1.1441734760608413, "MAPE": 40.482197602947636}, "test": {"MSE": 0.9419237026135074, "MAE": 0.7412858686509526, "RMSE": 0.9705275383076503, "MAPE": 40.55845000171473}}}