{"10": {"train": {"MSE": 0.8041065938273219, "MAE": 0.6855995521040084, "RMSE": 0.896719908236302, "MAPE": 34.891319830876654}, "test": {"MSE": 0.9713222319947041, "MAE": 0.7466662359344893, "RMSE": 0.9855568131745142, "MAPE": 40.69090186244522}}, "20": {"train": {"MSE": 0.8041065938273219, "MAE": 0.6855995521040084, "RMSE": 0.896719908236302, "MAPE": 34.891319830876654}, "test": {"MSE": 0.9713222319947041, "MAE": 0.7466662359344893, "RMSE": 0.9855568131745142, "MAPE": 40.69090186244522}}, "30": {"train": {"MSE": 0.8041065938273219, "MAE": 0.6855995521040084, "RMSE": 0.896719908236302, "MAPE": 34.891319830876654}, "test": {"MSE": 0.9713222319947041, "MAE": 0.7466662359344893, "RMSE": 0.9855568131745142, "MAPE": 40.69090186244522}}, "40": {"train": {"MSE": 0.8041065938273219, "MAE": 0.6855995521040084, "RMSE": 0.896719908236302, "MAPE": 34.891319830876654}, "test": {"MSE": 0.9713222319947041, "MAE": 0.7466662359344893, "RMSE": 0.9855568131745142, "MAPE": 40.69090186244522}}, "50": {"train": {"MSE": 0.8041065938273219, "MAE": 0.6855995521040084, "RMSE": 0.896719908236302, "MAPE": 34.891319830876654}, "test": {"MSE": 0.9713222319947041, "MAE": 0.7466662359344893, "RMSE": 0.9855568131745142, "MAPE": 40.69090186244522}}, "60": {"train": {"MSE": 0.8041065938273219, "MAE": 0.6855995521040084, "RMSE": 0.896719908236302, "MAPE": 34.891319830876654}, "test": {"MSE": 0.9713222319947041, "MAE": 0.7466662359344893, "RMSE": 0.9855568131745142, "MAPE": 40.69090186244522}}, "70": {"train": {"MSE": 0.8041065938273219, "MAE": 0.6855995521040084, "RMSE": 0.896719908236302, "MAPE": 34.891319830876654}, "test": {"MSE": 0.9713222319947041, "MAE": 0.7466662359344893, "RMSE": 0.9855568131745142, "MAPE": 40.69090186244522}}, "80": {"train": {"MSE": 0.8041065938273219, "MAE": 0.6855995521040084, "RMSE": 0.896719908236302, "MAPE": 34.891319830876654}, "test": {"MSE": 0.9713222319947041, "MAE": 0.7466662359344893, "RMSE": 0.9855568131745142, "MAPE": 40.69090186244522}}, "90": {"train": {"MSE": 0.8041065938273219, "MAE": 0.6855995521040084, "RMSE": 0.896719908236302, "MAPE": 34.891319830876654}, "test": {"MSE": 0.9713222319947041, "MAE": 0.7466662359344893, "RMSE": 0.9855568131745142, "MAPE": 40.69090186244522}}, "200": {"train": {"MSE": 0.8041065938273219, "MAE": 0.6855995521040084, "RMSE": 0.896719908236302, "MAPE": 34.891319830876654}, "test": {"MSE": 0.9713222319947041, "MAE": 0.7466662359344893, "RMSE": 0.9855568131745142, "MAPE": 40.69090186244522}}, "300": {"train": {"MSE": 0.8041065938273219, "MAE": 0.6855995521040084, "RMSE": 0.896719908236302, "MAPE": 34.891319830876654}, "test": {"MSE": 0.9713222319947041, "MAE": 0.7466662359344893, "RMSE": 0.9855568131745142, "MAPE": 40.69090186244522}}, "500": {"train": {"MSE": 0.8041065938273219, "MAE": 0.6855995521040084, "RMSE": 0.896719908236302, "MAPE": 34.891319830876654}, "test": {"MSE": 0.9713222319947041, "MAE": 0.7466662359344893, "RMSE": 0.9855568131745142, "MAPE": 40.69090186244522}}}