{"10": {"train": {"MSE": 0.7203575415762464, "MAE": 0.6544166793207679, "RMSE": 0.848738794669035, "MAPE": 33.492968326668716}, "test": {"MSE": 0.9390489151575788, "MAE": 0.726375803083392, "RMSE": 0.9690453627965921, "MAPE": 39.438949989318985}}, "20": {"train": {"MSE": 0.7203575415762464, "MAE": 0.6544166793207679, "RMSE": 0.848738794669035, "MAPE": 33.492968326668716}, "test": {"MSE": 0.9390489151575788, "MAE": 0.726375803083392, "RMSE": 0.9690453627965921, "MAPE": 39.438949989318985}}, "30": {"train": {"MSE": 0.7203575415762464, "MAE": 0.6544166793207679, "RMSE": 0.848738794669035, "MAPE": 33.492968326668716}, "test": {"MSE": 0.9390489151575788, "MAE": 0.726375803083392, "RMSE": 0.9690453627965921, "MAPE": 39.438949989318985}}, "40": {"train": {"MSE": 0.7203575415762464, "MAE": 0.6544166793207679, "RMSE": 0.848738794669035, "MAPE": 33.492968326668716}, "test": {"MSE": 0.9390489151575788, "MAE": 0.726375803083392, "RMSE": 0.9690453627965921, "MAPE": 39.438949989318985}}, "50": {"train": {"MSE": 0.7203575415762464, "MAE": 0.6544166793207679, "RMSE": 0.848738794669035, "MAPE": 33.492968326668716}, "test": {"MSE": 0.9390489151575788, "MAE": 0.726375803083392, "RMSE": 0.9690453627965921, "MAPE": 39.438949989318985}}, "60": {"train": {"MSE": 0.7203575415762464, "MAE": 0.6544166793207679, "RMSE": 0.848738794669035, "MAPE": 33.492968326668716}, "test": {"MSE": 0.9390489151575788, "MAE": 0.726375803083392, "RMSE": 0.9690453627965921, "MAPE": 39.438949989318985}}, "70": {"train": {"MSE": 0.7203575415762464, "MAE": 0.6544166793207679, "RMSE": 0.848738794669035, "MAPE": 33.492968326668716}, "test": {"MSE": 0.9390489151575788, "MAE": 0.726375803083392, "RMSE": 0.9690453627965921, "MAPE": 39.438949989318985}}, "80": {"train": {"MSE": 0.7203575415762464, "MAE": 0.6544166793207679, "RMSE": 0.848738794669035, "MAPE": 33.492968326668716}, "test": {"MSE": 0.9390489151575788, "MAE": 0.726375803083392, "RMSE": 0.9690453627965921, "MAPE": 39.438949989318985}}, "90": {"train": {"MSE": 0.7203575415762464, "MAE": 0.6544166793207679, "RMSE": 0.848738794669035, "MAPE": 33.492968326668716}, "test": {"MSE": 0.9390489151575788, "MAE": 0.726375803083392, "RMSE": 0.9690453627965921, "MAPE": 39.438949989318985}}, "200": {"train": {"MSE": 0.7203575415762464, "MAE": 0.6544166793207679, "RMSE": 0.848738794669035, "MAPE": 33.492968326668716}, "test": {"MSE": 0.9390489151575788, "MAE": 0.726375803083392, "RMSE": 0.9690453627965921, "MAPE": 39.438949989318985}}, "300": {"train": {"MSE": 0.7203575415762464, "MAE": 0.6544166793207679, "RMSE": 0.848738794669035, "MAPE": 33.492968326668716}, "test": {"MSE": 0.9390489151575788, "MAE": 0.726375803083392, "RMSE": 0.9690453627965921, "MAPE": 39.438949989318985}}, "500": {"train": {"MSE": 0.7203575415762464, "MAE": 0.6544166793207679, "RMSE": 0.848738794669035, "MAPE": 33.492968326668716}, "test": {"MSE": 0.9390489151575788, "MAE": 0.726375803083392, "RMSE": 0.9690453627965921, "MAPE": 39.438949989318985}}}