{"10": {"train": {"MSE": 1.0742105136074507, "MAE": 0.7655355707445338, "RMSE": 1.036441273593179, "MAPE": 38.84056333819789}, "test": {"MSE": 1.4957238615515223, "MAE": 0.8830139309724132, "RMSE": 1.2229978992424813, "MAPE": 41.969248528652855}}, "20": {"train": {"MSE": 1.0453535307821868, "MAE": 0.7535952369870866, "RMSE": 1.0224253179485467, "MAPE": 37.9656098279061}, "test": {"MSE": 1.5091690487747675, "MAE": 0.8834902843139079, "RMSE": 1.2284824169579178, "MAPE": 41.756628879362}}, "30": {"train": {"MSE": 1.0453492376629765, "MAE": 0.7534921359366579, "RMSE": 1.022423218468251, "MAPE": 37.95687523915706}, "test": {"MSE": 1.5096223042978743, "MAE": 0.8835137766244624, "RMSE": 1.228666880931473, "MAPE": 41.75371915033127}}, "40": {"train": {"MSE": 1.0453490849478904, "MAE": 0.7534820909697747, "RMSE": 1.0224231437853362, "MAPE": 37.95643476290058}, "test": {"MSE": 1.509704037633641, "MAE": 0.8835232020650755, "RMSE": 1.2287001414639949, "MAPE": 41.754161895658186}}, "50": {"train": {"MSE": 1.043899325324956, "MAE": 0.752875550692761, "RMSE": 1.0217139155971968, "MAPE": 37.93484846805652}, "test": {"MSE": 1.5172665279342754, "MAE": 0.8843591992899006, "RMSE": 1.231773732442073, "MAPE": 41.76487871313605}}, "60": {"train": {"MSE": 1.0438993181909306, "MAE": 0.7528779663396654, "RMSE": 1.021713912105992, "MAPE": 37.93515700102614}, "test": {"MSE": 1.5172657518466592, "MAE": 0.8843606259783368, "RMSE": 1.2317734174135515, "MAPE": 41.76514111564845}}, "70": {"train": {"MSE": 1.0438993209104335, "MAE": 0.7528780196819085, "RMSE": 1.0217139134368454, "MAPE": 37.9351638819341}, "test": {"MSE": 1.5172657668369611, "MAE": 0.8843606713334746, "RMSE": 1.231773423498397, "MAPE": 41.76514801204893}}, "80": {"train": {"MSE": 1.0438993209104335, "MAE": 0.7528780196819085, "RMSE": 1.0217139134368454, "MAPE": 37.9351638819341}, "test": {"MSE": 1.5172657668369611, "MAE": 0.8843606713334746, "RMSE": 1.231773423498397, "MAPE": 41.76514801204893}}, "90": {"train": {"MSE": 1.0438993209104335, "MAE": 0.7528780196819085, "RMSE": 1.0217139134368454, "MAPE": 37.9351638819341}, "test": {"MSE": 1.5172657668369611, "MAE": 0.8843606713334746, "RMSE": 1.231773423498397, "MAPE": 41.76514801204893}}, "200": {"train": {"MSE": 1.0438993209104335, "MAE": 0.7528780196819085, "RMSE": 1.0217139134368454, "MAPE": 37.9351638819341}, "test": {"MSE": 1.5172657668369611, "MAE": 0.8843606713334746, "RMSE": 1.231773423498397, "MAPE": 41.76514801204893}}, "300": {"train": {"MSE": 1.0438993209104335, "MAE": 0.7528780196819085, "RMSE": 1.0217139134368454, "MAPE": 37.9351638819341}, "test": {"MSE": 1.5172657668369611, "MAE": 0.8843606713334746, "RMSE": 1.231773423498397, "MAPE": 41.76514801204893}}, "500": {"train": {"MSE": 1.0438993209104335, "MAE": 0.7528780196819085, "RMSE": 1.0217139134368454, "MAPE": 37.9351638819341}, "test": {"MSE": 1.5172657668369611, "MAE": 0.8843606713334746, "RMSE": 1.231773423498397, "MAPE": 41.76514801204893}}}