{"10": {"train": {"MSE": 1.040117335321057, "MAE": 0.7605931565753692, "RMSE": 1.0198614294702282, "MAPE": 38.05588459944157}, "test": {"MSE": 0.9901564364656401, "MAE": 0.757290711824869, "RMSE": 0.9950660462831802, "MAPE": 41.65230115749406}}, "20": {"train": {"MSE": 1.0379041350366833, "MAE": 0.7585585102819236, "RMSE": 1.018775802145243, "MAPE": 37.88810085098342}, "test": {"MSE": 0.9884999447790431, "MAE": 0.7554250796789037, "RMSE": 0.9942333452359376, "MAPE": 41.48134060798952}}, "30": {"train": {"MSE": 1.0379041350366833, "MAE": 0.7585585102819236, "RMSE": 1.018775802145243, "MAPE": 37.88810085098342}, "test": {"MSE": 0.9884999447790431, "MAE": 0.7554250796789037, "RMSE": 0.9942333452359376, "MAPE": 41.48134060798952}}, "40": {"train": {"MSE": 1.0379041350366833, "MAE": 0.7585585102819236, "RMSE": 1.018775802145243, "MAPE": 37.88810085098342}, "test": {"MSE": 0.9884999447790431, "MAE": 0.7554250796789037, "RMSE": 0.9942333452359376, "MAPE": 41.48134060798952}}, "50": {"train": {"MSE": 1.0379041350366833, "MAE": 0.7585585102819236, "RMSE": 1.018775802145243, "MAPE": 37.88810085098342}, "test": {"MSE": 0.9884999447790431, "MAE": 0.7554250796789037, "RMSE": 0.9942333452359376, "MAPE": 41.48134060798952}}, "60": {"train": {"MSE": 1.0379041350366833, "MAE": 0.7585585102819236, "RMSE": 1.018775802145243, "MAPE": 37.88810085098342}, "test": {"MSE": 0.9884999447790431, "MAE": 0.7554250796789037, "RMSE": 0.9942333452359376, "MAPE": 41.48134060798952}}, "70": {"train": {"MSE": 1.0379041350366833, "MAE": 0.7585585102819236, "RMSE": 1.018775802145243, "MAPE": 37.88810085098342}, "test": {"MSE": 0.9884999447790431, "MAE": 0.7554250796789037, "RMSE": 0.9942333452359376, "MAPE": 41.48134060798952}}, "80": {"train": {"MSE": 1.0379041350366833, "MAE": 0.7585585102819236, "RMSE": 1.018775802145243, "MAPE": 37.88810085098342}, "test": {"MSE": 0.9884999447790431, "MAE": 0.7554250796789037, "RMSE": 0.9942333452359376, "MAPE": 41.48134060798952}}, "90": {"train": {"MSE": 1.0379041350366833, "MAE": 0.7585585102819236, "RMSE": 1.018775802145243, "MAPE": 37.88810085098342}, "test": {"MSE": 0.9884999447790431, "MAE": 0.7554250796789037, "RMSE": 0.9942333452359376, "MAPE": 41.48134060798952}}, "200": {"train": {"MSE": 1.0379041350366833, "MAE": 0.7585585102819236, "RMSE": 1.018775802145243, "MAPE": 37.88810085098342}, "test": {"MSE": 0.9884999447790431, "MAE": 0.7554250796789037, "RMSE": 0.9942333452359376, "MAPE": 41.48134060798952}}, "300": {"train": {"MSE": 1.0379041350366833, "MAE": 0.7585585102819236, "RMSE": 1.018775802145243, "MAPE": 37.88810085098342}, "test": {"MSE": 0.9884999447790431, "MAE": 0.7554250796789037, "RMSE": 0.9942333452359376, "MAPE": 41.48134060798952}}, "500": {"train": {"MSE": 1.0379041350366833, "MAE": 0.7585585102819236, "RMSE": 1.018775802145243, "MAPE": 37.88810085098342}, "test": {"MSE": 0.9884999447790431, "MAE": 0.7554250796789037, "RMSE": 0.9942333452359376, "MAPE": 41.48134060798952}}}