{"10": {"train": {"MSE": 0.9937081634155136, "MAE": 0.7521446982087949, "RMSE": 0.9968491176780534, "MAPE": 38.215343571156474}, "test": {"MSE": 0.9759298504479942, "MAE": 0.7639080037583672, "RMSE": 0.987891618776065, "MAPE": 42.57093864472055}}, "20": {"train": {"MSE": 0.9937081634155136, "MAE": 0.7521446982087949, "RMSE": 0.9968491176780534, "MAPE": 38.215343571156474}, "test": {"MSE": 0.9759298504479942, "MAE": 0.7639080037583672, "RMSE": 0.987891618776065, "MAPE": 42.57093864472055}}, "30": {"train": {"MSE": 0.9937081634155136, "MAE": 0.7521446982087949, "RMSE": 0.9968491176780534, "MAPE": 38.215343571156474}, "test": {"MSE": 0.9759298504479942, "MAE": 0.7639080037583672, "RMSE": 0.987891618776065, "MAPE": 42.57093864472055}}, "40": {"train": {"MSE": 0.9937081634155136, "MAE": 0.7521446982087949, "RMSE": 0.9968491176780534, "MAPE": 38.215343571156474}, "test": {"MSE": 0.9759298504479942, "MAE": 0.7639080037583672, "RMSE": 0.987891618776065, "MAPE": 42.57093864472055}}, "50": {"train": {"MSE": 0.9937081634155136, "MAE": 0.7521446982087949, "RMSE": 0.9968491176780534, "MAPE": 38.215343571156474}, "test": {"MSE": 0.9759298504479942, "MAE": 0.7639080037583672, "RMSE": 0.987891618776065, "MAPE": 42.57093864472055}}, "60": {"train": {"MSE": 0.9937081634155136, "MAE": 0.7521446982087949, "RMSE": 0.9968491176780534, "MAPE": 38.215343571156474}, "test": {"MSE": 0.9759298504479942, "MAE": 0.7639080037583672, "RMSE": 0.987891618776065, "MAPE": 42.57093864472055}}, "70": {"train": {"MSE": 0.9937081634155136, "MAE": 0.7521446982087949, "RMSE": 0.9968491176780534, "MAPE": 38.215343571156474}, "test": {"MSE": 0.9759298504479942, "MAE": 0.7639080037583672, "RMSE": 0.987891618776065, "MAPE": 42.57093864472055}}, "80": {"train": {"MSE": 0.9937081634155136, "MAE": 0.7521446982087949, "RMSE": 0.9968491176780534, "MAPE": 38.215343571156474}, "test": {"MSE": 0.9759298504479942, "MAE": 0.7639080037583672, "RMSE": 0.987891618776065, "MAPE": 42.57093864472055}}, "90": {"train": {"MSE": 0.9937081634155136, "MAE": 0.7521446982087949, "RMSE": 0.9968491176780534, "MAPE": 38.215343571156474}, "test": {"MSE": 0.9759298504479942, "MAE": 0.7639080037583672, "RMSE": 0.987891618776065, "MAPE": 42.57093864472055}}, "200": {"train": {"MSE": 0.9937081634155136, "MAE": 0.7521446982087949, "RMSE": 0.9968491176780534, "MAPE": 38.215343571156474}, "test": {"MSE": 0.9759298504479942, "MAE": 0.7639080037583672, "RMSE": 0.987891618776065, "MAPE": 42.57093864472055}}, "300": {"train": {"MSE": 0.9937081634155136, "MAE": 0.7521446982087949, "RMSE": 0.9968491176780534, "MAPE": 38.215343571156474}, "test": {"MSE": 0.9759298504479942, "MAE": 0.7639080037583672, "RMSE": 0.987891618776065, "MAPE": 42.57093864472055}}, "500": {"train": {"MSE": 0.9937081634155136, "MAE": 0.7521446982087949, "RMSE": 0.9968491176780534, "MAPE": 38.215343571156474}, "test": {"MSE": 0.9759298504479942, "MAE": 0.7639080037583672, "RMSE": 0.987891618776065, "MAPE": 42.57093864472055}}}