{"10": {"train": {"MSE": 0.8610286661554435, "MAE": 0.7067313318119676, "RMSE": 0.927916303421512, "MAPE": 35.93486213442736}, "test": {"MSE": 1.002970659803745, "MAE": 0.7612572295100336, "RMSE": 1.001484228434849, "MAPE": 42.22811462264292}}, "20": {"train": {"MSE": 0.8610286661554435, "MAE": 0.7067313318119676, "RMSE": 0.927916303421512, "MAPE": 35.93486213442736}, "test": {"MSE": 1.002970659803745, "MAE": 0.7612572295100336, "RMSE": 1.001484228434849, "MAPE": 42.22811462264292}}, "30": {"train": {"MSE": 0.8610286661554435, "MAE": 0.7067313318119676, "RMSE": 0.927916303421512, "MAPE": 35.93486213442736}, "test": {"MSE": 1.002970659803745, "MAE": 0.7612572295100336, "RMSE": 1.001484228434849, "MAPE": 42.22811462264292}}, "40": {"train": {"MSE": 0.8610286661554435, "MAE": 0.7067313318119676, "RMSE": 0.927916303421512, "MAPE": 35.93486213442736}, "test": {"MSE": 1.002970659803745, "MAE": 0.7612572295100336, "RMSE": 1.001484228434849, "MAPE": 42.22811462264292}}, "50": {"train": {"MSE": 0.8610286661554435, "MAE": 0.7067313318119676, "RMSE": 0.927916303421512, "MAPE": 35.93486213442736}, "test": {"MSE": 1.002970659803745, "MAE": 0.7612572295100336, "RMSE": 1.001484228434849, "MAPE": 42.22811462264292}}, "60": {"train": {"MSE": 0.8610286661554435, "MAE": 0.7067313318119676, "RMSE": 0.927916303421512, "MAPE": 35.93486213442736}, "test": {"MSE": 1.002970659803745, "MAE": 0.7612572295100336, "RMSE": 1.001484228434849, "MAPE": 42.22811462264292}}, "70": {"train": {"MSE": 0.8610286661554435, "MAE": 0.7067313318119676, "RMSE": 0.927916303421512, "MAPE": 35.93486213442736}, "test": {"MSE": 1.002970659803745, "MAE": 0.7612572295100336, "RMSE": 1.001484228434849, "MAPE": 42.22811462264292}}, "80": {"train": {"MSE": 0.8610286661554435, "MAE": 0.7067313318119676, "RMSE": 0.927916303421512, "MAPE": 35.93486213442736}, "test": {"MSE": 1.002970659803745, "MAE": 0.7612572295100336, "RMSE": 1.001484228434849, "MAPE": 42.22811462264292}}, "90": {"train": {"MSE": 0.8610286661554435, "MAE": 0.7067313318119676, "RMSE": 0.927916303421512, "MAPE": 35.93486213442736}, "test": {"MSE": 1.002970659803745, "MAE": 0.7612572295100336, "RMSE": 1.001484228434849, "MAPE": 42.22811462264292}}, "200": {"train": {"MSE": 0.8610286661554435, "MAE": 0.7067313318119676, "RMSE": 0.927916303421512, "MAPE": 35.93486213442736}, "test": {"MSE": 1.002970659803745, "MAE": 0.7612572295100336, "RMSE": 1.001484228434849, "MAPE": 42.22811462264292}}, "300": {"train": {"MSE": 0.8610286661554435, "MAE": 0.7067313318119676, "RMSE": 0.927916303421512, "MAPE": 35.93486213442736}, "test": {"MSE": 1.002970659803745, "MAE": 0.7612572295100336, "RMSE": 1.001484228434849, "MAPE": 42.22811462264292}}, "500": {"train": {"MSE": 0.8610286661554435, "MAE": 0.7067313318119676, "RMSE": 0.927916303421512, "MAPE": 35.93486213442736}, "test": {"MSE": 1.002970659803745, "MAE": 0.7612572295100336, "RMSE": 1.001484228434849, "MAPE": 42.22811462264292}}}