{"10": {"train": {"MSE": 0.8835998845740136, "MAE": 0.7148343466351095, "RMSE": 0.9399999386031967, "MAPE": 36.27872867967302}, "test": {"MSE": 0.9730259228619731, "MAE": 0.7490745336596367, "RMSE": 0.9864207636003883, "MAPE": 40.91621495837154}}, "20": {"train": {"MSE": 0.8835998845740136, "MAE": 0.7148343466351095, "RMSE": 0.9399999386031967, "MAPE": 36.27872867967302}, "test": {"MSE": 0.9730259228619731, "MAE": 0.7490745336596367, "RMSE": 0.9864207636003883, "MAPE": 40.91621495837154}}, "30": {"train": {"MSE": 0.8835998845740136, "MAE": 0.7148343466351095, "RMSE": 0.9399999386031967, "MAPE": 36.27872867967302}, "test": {"MSE": 0.9730259228619731, "MAE": 0.7490745336596367, "RMSE": 0.9864207636003883, "MAPE": 40.91621495837154}}, "40": {"train": {"MSE": 0.8835998845740136, "MAE": 0.7148343466351095, "RMSE": 0.9399999386031967, "MAPE": 36.27872867967302}, "test": {"MSE": 0.9730259228619731, "MAE": 0.7490745336596367, "RMSE": 0.9864207636003883, "MAPE": 40.91621495837154}}, "50": {"train": {"MSE": 0.8835998845740136, "MAE": 0.7148343466351095, "RMSE": 0.9399999386031967, "MAPE": 36.27872867967302}, "test": {"MSE": 0.9730259228619731, "MAE": 0.7490745336596367, "RMSE": 0.9864207636003883, "MAPE": 40.91621495837154}}, "60": {"train": {"MSE": 0.8835998845740136, "MAE": 0.7148343466351095, "RMSE": 0.9399999386031967, "MAPE": 36.27872867967302}, "test": {"MSE": 0.9730259228619731, "MAE": 0.7490745336596367, "RMSE": 0.9864207636003883, "MAPE": 40.91621495837154}}, "70": {"train": {"MSE": 0.8835998845740136, "MAE": 0.7148343466351095, "RMSE": 0.9399999386031967, "MAPE": 36.27872867967302}, "test": {"MSE": 0.9730259228619731, "MAE": 0.7490745336596367, "RMSE": 0.9864207636003883, "MAPE": 40.91621495837154}}, "80": {"train": {"MSE": 0.8835998845740136, "MAE": 0.7148343466351095, "RMSE": 0.9399999386031967, "MAPE": 36.27872867967302}, "test": {"MSE": 0.9730259228619731, "MAE": 0.7490745336596367, "RMSE": 0.9864207636003883, "MAPE": 40.91621495837154}}, "90": {"train": {"MSE": 0.8835998845740136, "MAE": 0.7148343466351095, "RMSE": 0.9399999386031967, "MAPE": 36.27872867967302}, "test": {"MSE": 0.9730259228619731, "MAE": 0.7490745336596367, "RMSE": 0.9864207636003883, "MAPE": 40.91621495837154}}, "200": {"train": {"MSE": 0.8835998845740136, "MAE": 0.7148343466351095, "RMSE": 0.9399999386031967, "MAPE": 36.27872867967302}, "test": {"MSE": 0.9730259228619731, "MAE": 0.7490745336596367, "RMSE": 0.9864207636003883, "MAPE": 40.91621495837154}}, "300": {"train": {"MSE": 0.8835998845740136, "MAE": 0.7148343466351095, "RMSE": 0.9399999386031967, "MAPE": 36.27872867967302}, "test": {"MSE": 0.9730259228619731, "MAE": 0.7490745336596367, "RMSE": 0.9864207636003883, "MAPE": 40.91621495837154}}, "500": {"train": {"MSE": 0.8835998845740136, "MAE": 0.7148343466351095, "RMSE": 0.9399999386031967, "MAPE": 36.27872867967302}, "test": {"MSE": 0.9730259228619731, "MAE": 0.7490745336596367, "RMSE": 0.9864207636003883, "MAPE": 40.91621495837154}}}