{"10": {"train": {"MSE": 1.1929328426645753, "MAE": 0.797441005874226, "RMSE": 1.092214650453186, "MAPE": 39.48822410555703}, "test": {"MSE": 0.9768191470949087, "MAE": 0.7428302306715432, "RMSE": 0.9883416145720612, "MAPE": 39.336480289857434}}, "20": {"train": {"MSE": 1.1314174720568677, "MAE": 0.7752729300620685, "RMSE": 1.0636810950923532, "MAPE": 38.259758543385914}, "test": {"MSE": 0.9824650242594624, "MAE": 0.750727773391188, "RMSE": 0.9911937369956806, "MAPE": 40.06779454098436}}, "30": {"train": {"MSE": 1.1131268724235, "MAE": 0.7676561211643311, "RMSE": 1.055048279664727, "MAPE": 37.63886475826}, "test": {"MSE": 0.9842725975214051, "MAE": 0.7465097872652665, "RMSE": 0.9921051343085596, "MAPE": 39.320795176852634}}, "40": {"train": {"MSE": 1.056483660211198, "MAE": 0.7478176212885465, "RMSE": 1.0278539099556891, "MAPE": 36.725178514447585}, "test": {"MSE": 1.0132900901677877, "MAE": 0.7649101681779857, "RMSE": 1.006623112275785, "MAPE": 40.804217752264464}}, "50": {"train": {"MSE": 1.0590938451453444, "MAE": 0.750474667814512, "RMSE": 1.0291228523093559, "MAPE": 37.2345004796943}, "test": {"MSE": 1.0129021004157504, "MAE": 0.7647666950037153, "RMSE": 1.0064303753443407, "MAPE": 40.70602385496752}}, "60": {"train": {"MSE": 1.0659365578764999, "MAE": 0.7569667860733484, "RMSE": 1.0324420360855615, "MAPE": 37.609962077364564}, "test": {"MSE": 1.0068204636716893, "MAE": 0.762478058442006, "RMSE": 1.0034044367410826, "MAPE": 40.48404930893884}}, "70": {"train": {"MSE": 1.0396364334326247, "MAE": 0.7401055493112922, "RMSE": 1.019625633962105, "MAPE": 36.502939517635674}, "test": {"MSE": 1.0119245708335913, "MAE": 0.7647473322887284, "RMSE": 1.0059446161859962, "MAPE": 40.72309249329364}}, "80": {"train": {"MSE": 1.0237590610601757, "MAE": 0.7417729955750216, "RMSE": 1.011809794902271, "MAPE": 37.091382826070316}, "test": {"MSE": 1.025334800406663, "MAE": 0.7680749505681258, "RMSE": 1.0125881692014098, "MAPE": 40.83117780376386}}, "90": {"train": {"MSE": 1.017201237337658, "MAE": 0.7331858495963653, "RMSE": 1.008563948065594, "MAPE": 36.034577582237354}, "test": {"MSE": 1.0340439766253533, "MAE": 0.7773585543773114, "RMSE": 1.0168795290619992, "MAPE": 41.73517613488991}}, "200": {"train": {"MSE": 1.014530167133104, "MAE": 0.7378112700254928, "RMSE": 1.0072388828540646, "MAPE": 36.92227848017394}, "test": {"MSE": 1.0424910336152755, "MAE": 0.7792846713043566, "RMSE": 1.021024501966175, "MAPE": 41.896597149965295}}, "300": {"train": {"MSE": 1.30057207047983, "MAE": 0.8137790488157884, "RMSE": 1.1404262670071355, "MAPE": 38.67772822852599}, "test": {"MSE": 0.9295817391519872, "MAE": 0.7104745752904509, "RMSE": 0.9641481935636177, "MAPE": 36.83605952007414}}, "500": {"train": {"MSE": 1.0712673213978925, "MAE": 0.7455150630926776, "RMSE": 1.035020444917825, "MAPE": 36.07743698063546}, "test": {"MSE": 1.0206052355248885, "MAE": 0.760093520363878, "RMSE": 1.010250085634685, "MAPE": 40.014897336962676}}, "2000": {"train": {"MSE": 1.3007773219175465, "MAE": 0.8346829718360613, "RMSE": 1.1405162523688763, "MAPE": 41.571654919148884}, "test": {"MSE": 0.9332438653680224, "MAE": 0.7300471443494978, "RMSE": 0.9660454778984385, "MAPE": 39.29532511963489}}}