{"10": {"train": {"MSE": 1.126290778925675, "MAE": 0.7759122274215476, "RMSE": 1.0612684763648053, "MAPE": 38.071643229376384}, "test": {"MSE": 0.9794924805896473, "MAE": 0.7337665193748139, "RMSE": 0.9896931244530536, "MAPE": 38.16387518989994}}, "20": {"train": {"MSE": 0.99840296736951, "MAE": 0.7354210024462364, "RMSE": 0.9992011646157695, "MAPE": 36.16872913333062}, "test": {"MSE": 1.0392350184923254, "MAE": 0.7602499324436707, "RMSE": 1.0194287706810738, "MAPE": 39.32736225492264}}, "30": {"train": {"MSE": 0.9184103256538657, "MAE": 0.702233321806584, "RMSE": 0.958337271347549, "MAPE": 34.35045076627951}, "test": {"MSE": 1.012935452920391, "MAE": 0.757485059152616, "RMSE": 1.0064469449108537, "MAPE": 39.971990343591244}}, "40": {"train": {"MSE": 0.8692219763081862, "MAE": 0.6771561436584501, "RMSE": 0.9323207475478523, "MAPE": 33.082235563264895}, "test": {"MSE": 1.0756328362819214, "MAE": 0.7698642251544872, "RMSE": 1.0371272035203403, "MAPE": 39.59149062836039}}, "50": {"train": {"MSE": 0.7982575137680017, "MAE": 0.6518234957199397, "RMSE": 0.893452580592838, "MAPE": 31.656915263797952}, "test": {"MSE": 1.0612808924919164, "MAE": 0.771832804655857, "RMSE": 1.0301848826749092, "MAPE": 40.53186601139301}}, "60": {"train": {"MSE": 0.8100625533385025, "MAE": 0.65291724128733, "RMSE": 0.9000347511838098, "MAPE": 31.87362707608476}, "test": {"MSE": 1.0919227027145404, "MAE": 0.7814429832481509, "RMSE": 1.044951052784072, "MAPE": 40.66788809471474}}, "70": {"train": {"MSE": 0.7617090999286054, "MAE": 0.638236983589911, "RMSE": 0.87275947427032, "MAPE": 31.0947587959705}, "test": {"MSE": 1.0609126793314145, "MAE": 0.7849777702081812, "RMSE": 1.0300061549968595, "MAPE": 42.0013492622226}}, "80": {"train": {"MSE": 0.7409061901015913, "MAE": 0.6358754416948204, "RMSE": 0.8607590778502375, "MAPE": 31.768049563535406}, "test": {"MSE": 1.1174651729331389, "MAE": 0.7958490059346591, "RMSE": 1.057102252827577, "MAPE": 41.523605097852375}}, "90": {"train": {"MSE": 0.7199569944625385, "MAE": 0.6310190775323526, "RMSE": 0.848502795789465, "MAPE": 31.854257565776617}, "test": {"MSE": 1.098505301733866, "MAE": 0.7853609074361716, "RMSE": 1.048096036503271, "MAPE": 40.58489106652969}}, "200": {"train": {"MSE": 0.6617776895308141, "MAE": 0.6031523990733546, "RMSE": 0.8134971970024323, "MAPE": 30.42864438524559}, "test": {"MSE": 1.1479468883102792, "MAE": 0.8212990123569319, "RMSE": 1.071422833577052, "MAPE": 43.97250454862552}}, "300": {"train": {"MSE": 0.6782242067364066, "MAE": 0.6018353491653793, "RMSE": 0.823543688419993, "MAPE": 29.528004328259687}, "test": {"MSE": 1.1579314891405543, "MAE": 0.8250571191093802, "RMSE": 1.076072250892362, "MAPE": 44.4090435792598}}, "500": {"train": {"MSE": 0.6681611780756868, "MAE": 0.605426063719076, "RMSE": 0.8174112661785906, "MAPE": 30.366481139639628}, "test": {"MSE": 1.1064512758530158, "MAE": 0.7997949269464646, "RMSE": 1.0518798771024265, "MAPE": 41.85373482862292}}, "2000": {"train": {"MSE": 1.2709407739520493, "MAE": 0.8034902936011411, "RMSE": 1.1273600906330015, "MAPE": 37.68274546990229}, "test": {"MSE": 0.9549862411671384, "MAE": 0.694412847109446, "RMSE": 0.9772339746279487, "MAPE": 33.591776536765025}}}