{"10": {"train": {"MSE": 1.319886475863852, "MAE": 0.833497513514411, "RMSE": 1.1488631232065254, "MAPE": 40.94830602292143}, "test": {"MSE": 0.9570601064383935, "MAE": 0.7373482030588586, "RMSE": 0.978294488606776, "MAPE": 39.22894525802311}}, "20": {"train": {"MSE": 1.2980775252143886, "MAE": 0.8303461127119743, "RMSE": 1.1393320522193644, "MAPE": 40.94375182823472}, "test": {"MSE": 0.9670871132957992, "MAE": 0.7454305657434578, "RMSE": 0.983405874141394, "MAPE": 39.84255154077319}}, "30": {"train": {"MSE": 1.3181777586904315, "MAE": 0.8289648173738635, "RMSE": 1.1481192266879043, "MAPE": 40.32622534453258}, "test": {"MSE": 0.9551052076674832, "MAE": 0.7326779257664726, "RMSE": 0.9772948417276555, "MAPE": 38.68976477485791}}, "40": {"train": {"MSE": 1.3202809653195609, "MAE": 0.8398416332921245, "RMSE": 1.1490347972622765, "MAPE": 41.6757903615519}, "test": {"MSE": 0.958327459941758, "MAE": 0.7455444275796874, "RMSE": 0.9789420105102028, "MAPE": 40.28252243352408}}, "50": {"train": {"MSE": 1.3191917465984795, "MAE": 0.8344790329227495, "RMSE": 1.1485607283023738, "MAPE": 40.998790045559375}, "test": {"MSE": 0.954510755118124, "MAE": 0.7374709784945079, "RMSE": 0.9769906627589252, "MAPE": 39.310263619314554}}, "60": {"train": {"MSE": 1.321440685329495, "MAE": 0.8296396370605578, "RMSE": 1.149539336138392, "MAPE": 40.339226320624086}, "test": {"MSE": 0.9512257042602095, "MAE": 0.7327121221902548, "RMSE": 0.9753080048170473, "MAPE": 38.801942154845534}}, "70": {"train": {"MSE": 1.321436090166028, "MAE": 0.8361071086251665, "RMSE": 1.149537337438862, "MAPE": 41.15787596844277}, "test": {"MSE": 0.9542163215081085, "MAE": 0.7402079892483325, "RMSE": 0.9768399671942731, "MAPE": 39.678265449146615}}, "80": {"train": {"MSE": 1.3213537936714226, "MAE": 0.8397136792365938, "RMSE": 1.1495015413958445, "MAPE": 41.62107672584895}, "test": {"MSE": 0.9547750444835494, "MAE": 0.7420656591905469, "RMSE": 0.9771259102508486, "MAPE": 39.92386585825931}}, "90": {"train": {"MSE": 1.3217394844804633, "MAE": 0.8453403236143414, "RMSE": 1.1496692935276924, "MAPE": 42.29378642002376}, "test": {"MSE": 0.9574895949568073, "MAE": 0.7454488354210194, "RMSE": 0.9785139727958959, "MAPE": 40.29774806462708}}, "200": {"train": {"MSE": 1.3327377358935473, "MAE": 0.8182796216289244, "RMSE": 1.1544426083151762, "MAPE": 38.554794446510456}, "test": {"MSE": 0.9491458822942807, "MAE": 0.7183636527747299, "RMSE": 0.9742411828157752, "MAPE": 36.88035302745247}}, "300": {"train": {"MSE": 1.3260147773272788, "MAE": 0.8517120363779295, "RMSE": 1.1515271500608566, "MAPE": 43.0060634008284}, "test": {"MSE": 0.9609340577085417, "MAE": 0.7527484290802043, "RMSE": 0.9802724405534115, "MAPE": 41.15561307908515}}, "500": {"train": {"MSE": 1.3244265829366528, "MAE": 0.8448411567967167, "RMSE": 1.1508373399124017, "MAPE": 42.1506129168753}, "test": {"MSE": 0.9552389137028542, "MAE": 0.7454431246889777, "RMSE": 0.9773632455248428, "MAPE": 40.347876312972936}}, "2000": {"train": {"MSE": 1.3280918601305591, "MAE": 0.824402546616279, "RMSE": 1.1524286789778182, "MAPE": 39.46281554790443}, "test": {"MSE": 0.9457596403316176, "MAE": 0.7237249153613343, "RMSE": 0.9725017430995266, "MAPE": 37.75722881434778}}}