{"10": {"train": {"MSE": 1.2829360380566552, "MAE": 0.8266862962728655, "RMSE": 1.1326676644350078, "MAPE": 40.79583343592779}, "test": {"MSE": 0.9787999553757504, "MAE": 0.7461625619137837, "RMSE": 0.9893431939300691, "MAPE": 39.675304455742676}}, "20": {"train": {"MSE": 1.2460530008163058, "MAE": 0.8134340094215935, "RMSE": 1.1162674414387914, "MAPE": 40.005192886035076}, "test": {"MSE": 0.9927707473974285, "MAE": 0.7572927625704228, "RMSE": 0.9963788172163379, "MAPE": 40.654237048008135}}, "30": {"train": {"MSE": 1.2450493037365609, "MAE": 0.8149713204201149, "RMSE": 1.1158177735349804, "MAPE": 40.26795243146001}, "test": {"MSE": 0.9891501021171333, "MAE": 0.7564644291710403, "RMSE": 0.994560255649266, "MAPE": 40.53876416750113}}, "40": {"train": {"MSE": 1.2441956502611755, "MAE": 0.8156147767005705, "RMSE": 1.1154351842492578, "MAPE": 40.400755847155295}, "test": {"MSE": 0.9880224837135066, "MAE": 0.7519653527822122, "RMSE": 0.9939932010398796, "MAPE": 40.0894403375393}}, "50": {"train": {"MSE": 1.2494510179736615, "MAE": 0.8172004825163589, "RMSE": 1.1177884495617503, "MAPE": 40.46995623026892}, "test": {"MSE": 0.9804722533098195, "MAE": 0.74733637579924, "RMSE": 0.9901879888737388, "MAPE": 39.790796654151094}}, "60": {"train": {"MSE": 1.2374893395574615, "MAE": 0.8116143349653282, "RMSE": 1.1124249815414349, "MAPE": 40.03066008866041}, "test": {"MSE": 0.9859138241719188, "MAE": 0.7506288146413012, "RMSE": 0.9929319333025395, "MAPE": 40.00654220322742}}, "70": {"train": {"MSE": 1.2395510775567846, "MAE": 0.8108440088632726, "RMSE": 1.113351282191198, "MAPE": 39.922636962007154}, "test": {"MSE": 0.988541192222796, "MAE": 0.7532380561007823, "RMSE": 0.9942540883611171, "MAPE": 40.29384801765705}}, "80": {"train": {"MSE": 1.2412113230026804, "MAE": 0.8083806604691027, "RMSE": 1.1140966398848353, "MAPE": 39.568123778174545}, "test": {"MSE": 0.9897454238105379, "MAE": 0.7523218621771895, "RMSE": 0.994859499532742, "MAPE": 40.17292050647415}}, "90": {"train": {"MSE": 1.2381127043740734, "MAE": 0.8076716416651889, "RMSE": 1.1127051291218502, "MAPE": 39.48552948497569}, "test": {"MSE": 0.992374420894787, "MAE": 0.7572463260240191, "RMSE": 0.9961799139185586, "MAPE": 40.53921628760606}}, "200": {"train": {"MSE": 1.3107444205987804, "MAE": 0.8393034632276987, "RMSE": 1.144877469687818, "MAPE": 41.702931678472034}, "test": {"MSE": 0.9578901202938351, "MAE": 0.736235512998436, "RMSE": 0.9787186113964703, "MAPE": 39.19598336249114}}, "300": {"train": {"MSE": 1.3151197733599473, "MAE": 0.8382292110832454, "RMSE": 1.1467867165955261, "MAPE": 41.443802539043915}, "test": {"MSE": 0.9560000442829547, "MAE": 0.7337700609177131, "RMSE": 0.9777525475717027, "MAPE": 38.896043105958825}}, "500": {"train": {"MSE": 1.3248108981719267, "MAE": 0.8575420968430091, "RMSE": 1.1510042998060115, "MAPE": 43.68544250001731}, "test": {"MSE": 0.9673153616475662, "MAE": 0.7559441779027729, "RMSE": 0.9835219172176928, "MAPE": 41.547880057443884}}, "2000": {"train": {"MSE": 1.3572262884776571, "MAE": 0.8102223250707766, "RMSE": 1.1650005529945713, "MAPE": 36.70274086793844}, "test": {"MSE": 0.9697375921268171, "MAE": 0.7019789532237448, "RMSE": 0.9847525537549101, "MAPE": 34.120320662403515}}}