{"10": {"train": {"MSE": 1.2212291524402643, "MAE": 0.807824666774516, "RMSE": 1.1050923728088364, "MAPE": 40.02543406107415}, "test": {"MSE": 0.9611551507062336, "MAE": 0.7395183170167693, "RMSE": 0.9803852052669061, "MAPE": 38.90385676117118}}, "20": {"train": {"MSE": 1.2075949315104741, "MAE": 0.8030796068674553, "RMSE": 1.098906243275774, "MAPE": 39.773171079869165}, "test": {"MSE": 0.9744166725961416, "MAE": 0.7464500195041242, "RMSE": 0.9871254594002434, "MAPE": 39.5360144498558}}, "30": {"train": {"MSE": 1.18275464750314, "MAE": 0.7921623179561804, "RMSE": 1.0875452392903664, "MAPE": 38.993207178902836}, "test": {"MSE": 0.9783866928246191, "MAE": 0.7523296627169288, "RMSE": 0.9891343148554796, "MAPE": 40.345111147315045}}, "40": {"train": {"MSE": 1.1899957465386812, "MAE": 0.7949320856116607, "RMSE": 1.0908692618910303, "MAPE": 39.31596115025153}, "test": {"MSE": 0.9854657478456071, "MAE": 0.7511035163358338, "RMSE": 0.9927062747084896, "MAPE": 39.643955658448135}}, "50": {"train": {"MSE": 1.1627793068529224, "MAE": 0.7919272090008315, "RMSE": 1.0783224503148037, "MAPE": 39.478707237515266}, "test": {"MSE": 0.9997197030683829, "MAE": 0.7668738862827185, "RMSE": 0.9998598417120186, "MAPE": 41.394761908045965}}, "60": {"train": {"MSE": 1.1646450253440492, "MAE": 0.785850357024679, "RMSE": 1.079187205884155, "MAPE": 38.634002965034156}, "test": {"MSE": 0.9864253078496856, "MAE": 0.752703205582136, "RMSE": 0.9931894622123644, "MAPE": 39.70204950114912}}, "70": {"train": {"MSE": 1.1482714802361307, "MAE": 0.7762497633691561, "RMSE": 1.0715742999139775, "MAPE": 37.95898356754675}, "test": {"MSE": 0.989936921261223, "MAE": 0.7541233248830025, "RMSE": 0.9949557383427783, "MAPE": 39.7373911220885}}, "80": {"train": {"MSE": 1.1518431778102842, "MAE": 0.7776345444202494, "RMSE": 1.0732395714891825, "MAPE": 38.00593517194592}, "test": {"MSE": 0.9961780442902205, "MAE": 0.7554985155947467, "RMSE": 0.9980871927292828, "MAPE": 40.0195259171825}}, "90": {"train": {"MSE": 1.1547660986812363, "MAE": 0.7792994171982335, "RMSE": 1.07460043675835, "MAPE": 38.126865890692606}, "test": {"MSE": 0.9957658708412455, "MAE": 0.7561051278514337, "RMSE": 0.9978806896825119, "MAPE": 39.76150585288769}}, "200": {"train": {"MSE": 1.1726856161981731, "MAE": 0.7783191573451461, "RMSE": 1.0829060975902634, "MAPE": 37.412939530910464}, "test": {"MSE": 0.9915699745513002, "MAE": 0.7547363296841011, "RMSE": 0.9957760664684104, "MAPE": 39.727388973243}}, "300": {"train": {"MSE": 1.2914759343803053, "MAE": 0.8294102236236215, "RMSE": 1.1364312272989974, "MAPE": 40.932118774638646}, "test": {"MSE": 0.9396805949450849, "MAE": 0.7217984934158097, "RMSE": 0.9693712369082781, "MAPE": 37.914410366947564}}, "500": {"train": {"MSE": 1.3079222018517933, "MAE": 0.8182863338816726, "RMSE": 1.1436442636815844, "MAPE": 39.085586439390354}, "test": {"MSE": 0.9329323478772427, "MAE": 0.7093709790376064, "RMSE": 0.9658842310946186, "MAPE": 36.43806654740736}}, "2000": {"train": {"MSE": 1.495676806757371, "MAE": 0.9920689329976804, "RMSE": 1.2229786616116287, "MAPE": 56.09444937871558}, "test": {"MSE": 1.1690755595656646, "MAE": 0.9025957849577313, "RMSE": 1.0812379754548322, "MAPE": 54.77572946005003}}}