{"10": {"train": {"MSE": 1.219877556523497, "MAE": 0.8035529546457473, "RMSE": 1.1044806727704641, "MAPE": 39.61384658000656}, "test": {"MSE": 0.9725253773969351, "MAE": 0.736832095918646, "RMSE": 0.9861670129328678, "MAPE": 38.61911643175531}}, "20": {"train": {"MSE": 1.1641620866743358, "MAE": 0.7845742581161028, "RMSE": 1.0789634315741825, "MAPE": 38.46922359944395}, "test": {"MSE": 0.9829024616377197, "MAE": 0.7504372717972126, "RMSE": 0.9914143743348286, "MAPE": 39.694156193972105}}, "30": {"train": {"MSE": 1.1452635632316408, "MAE": 0.7813126007061894, "RMSE": 1.0701698758756204, "MAPE": 38.560651278367196}, "test": {"MSE": 0.9797684154137535, "MAE": 0.7463909511155061, "RMSE": 0.9898325188706186, "MAPE": 39.126123634845065}}, "40": {"train": {"MSE": 1.1478736966112395, "MAE": 0.7815172829664512, "RMSE": 1.0713886767234566, "MAPE": 38.522271830520076}, "test": {"MSE": 0.9912483545792604, "MAE": 0.7578706375554709, "RMSE": 0.995614561253129, "MAPE": 40.532297480823836}}, "50": {"train": {"MSE": 1.1276530072854671, "MAE": 0.7733998284581809, "RMSE": 1.061910074952426, "MAPE": 38.15686531348046}, "test": {"MSE": 1.0046379997791919, "MAE": 0.7617682672414728, "RMSE": 1.0023163172268483, "MAPE": 40.22854241083147}}, "60": {"train": {"MSE": 1.1311982821295374, "MAE": 0.7743206648241033, "RMSE": 1.0635780564347581, "MAPE": 38.119597965392295}, "test": {"MSE": 0.9969004917305727, "MAE": 0.7579749166758839, "RMSE": 0.9984490431316827, "MAPE": 40.294546705519544}}, "70": {"train": {"MSE": 1.1270148700203193, "MAE": 0.7724657699172902, "RMSE": 1.061609565716285, "MAPE": 38.079959257465326}, "test": {"MSE": 1.016829367005382, "MAE": 0.7692175687567927, "RMSE": 1.00837957486523, "MAPE": 40.896947678262165}}, "80": {"train": {"MSE": 1.111918046354939, "MAE": 0.7726116755182028, "RMSE": 1.0544752469142835, "MAPE": 38.61373694115942}, "test": {"MSE": 1.020501715274771, "MAE": 0.7726493535363541, "RMSE": 1.0101988493731178, "MAPE": 41.390021427656}}, "90": {"train": {"MSE": 1.1110825060731253, "MAE": 0.7702946008756693, "RMSE": 1.054078984741241, "MAPE": 38.255180610257824}, "test": {"MSE": 1.0149671062062542, "MAE": 0.772951887699989, "RMSE": 1.0074557589324973, "MAPE": 41.66919205339259}}, "200": {"train": {"MSE": 1.2932310041897368, "MAE": 0.8356954755154924, "RMSE": 1.1372031499207769, "MAPE": 41.79323785126656}, "test": {"MSE": 0.9405234075547445, "MAE": 0.7286262836113728, "RMSE": 0.969805860754999, "MAPE": 38.75774039718107}}, "300": {"train": {"MSE": 1.2900530408767017, "MAE": 0.8408454742797689, "RMSE": 1.135805018864022, "MAPE": 42.48887511877047}, "test": {"MSE": 0.9466908899874557, "MAE": 0.7343021660488227, "RMSE": 0.9729804160349044, "MAPE": 39.280467741080095}}, "500": {"train": {"MSE": 1.3052217468833884, "MAE": 0.8497441497717889, "RMSE": 1.1424630177311599, "MAPE": 43.301509151245625}, "test": {"MSE": 0.9395110374796077, "MAE": 0.7332185676302612, "RMSE": 0.9692837755165449, "MAPE": 39.398136127178304}}, "2000": {"train": {"MSE": 1.3708524686399388, "MAE": 0.803022660744776, "RMSE": 1.1708340909966446, "MAPE": 35.144608128712775}, "test": {"MSE": 0.9633142176249541, "MAE": 0.6931134492829673, "RMSE": 0.9814857195216617, "MAPE": 33.051453060288594}}}