{"10": {"train": {"MSE": 1.2497271904522385, "MAE": 0.8182860266237187, "RMSE": 1.1179119779536484, "MAPE": 40.2268152636856}, "test": {"MSE": 0.9154347364331133, "MAE": 0.7005598137126345, "RMSE": 0.9567835368739961, "MAPE": 36.30679374219387}}, "20": {"train": {"MSE": 1.2330862782594292, "MAE": 0.817263174933567, "RMSE": 1.110444180613969, "MAPE": 40.47272541292822}, "test": {"MSE": 0.9218117079301671, "MAE": 0.7013678929282514, "RMSE": 0.9601102582152568, "MAPE": 36.25685015655684}}, "30": {"train": {"MSE": 1.2166641575227601, "MAE": 0.8152358742347505, "RMSE": 1.103025003126747, "MAPE": 40.46202845317598}, "test": {"MSE": 0.9252630938563725, "MAE": 0.6990452163643464, "RMSE": 0.9619059693423118, "MAPE": 35.91067402121894}}, "40": {"train": {"MSE": 1.2093191921286979, "MAE": 0.8070508011585706, "RMSE": 1.0996904983351896, "MAPE": 39.64401478643431}, "test": {"MSE": 0.9221325164342226, "MAE": 0.7033884903887901, "RMSE": 0.9602773122563203, "MAPE": 36.64934523461484}}, "50": {"train": {"MSE": 1.1975117103019983, "MAE": 0.8033182052059584, "RMSE": 1.0943087819724369, "MAPE": 39.51971269640735}, "test": {"MSE": 0.926627859698702, "MAE": 0.7076345500081866, "RMSE": 0.9626151150375222, "MAPE": 37.11414374682585}}, "60": {"train": {"MSE": 1.2006928265020995, "MAE": 0.8056489210662582, "RMSE": 1.0957612999655078, "MAPE": 39.63875410686405}, "test": {"MSE": 0.9236893226984171, "MAE": 0.7106470936759471, "RMSE": 0.9610875728560936, "MAPE": 37.49605490760554}}, "70": {"train": {"MSE": 1.1876103332176078, "MAE": 0.8019771384828333, "RMSE": 1.0897753590614938, "MAPE": 39.51701815567503}, "test": {"MSE": 0.9267456187914863, "MAE": 0.7084761292839258, "RMSE": 0.9626762793335496, "MAPE": 37.122781558947906}}, "80": {"train": {"MSE": 1.1919285284072338, "MAE": 0.8090659714515559, "RMSE": 1.0917547931688845, "MAPE": 40.18762001336219}, "test": {"MSE": 0.9268922814469519, "MAE": 0.7127755756636617, "RMSE": 0.9627524507613324, "MAPE": 37.63439974770133}}, "90": {"train": {"MSE": 1.203790919337677, "MAE": 0.8070483333937026, "RMSE": 1.0971740606383642, "MAPE": 39.750468933107285}, "test": {"MSE": 0.9314727382245831, "MAE": 0.7240973329334691, "RMSE": 0.9651283532383571, "MAPE": 39.004433177265604}}, "200": {"train": {"MSE": 1.1906300866699282, "MAE": 0.8156339150293491, "RMSE": 1.0911599729965942, "MAPE": 41.06636786277113}, "test": {"MSE": 0.9291039526440237, "MAE": 0.7145029515623962, "RMSE": 0.9639003852286935, "MAPE": 37.99356756180928}}, "300": {"train": {"MSE": 1.2980689255415498, "MAE": 0.8324593665046585, "RMSE": 1.1393282782155236, "MAPE": 40.945492273834795}, "test": {"MSE": 0.9154987731186026, "MAE": 0.709140710030582, "RMSE": 0.9568170008515748, "MAPE": 37.36594165967723}}, "500": {"train": {"MSE": 1.2998826902958276, "MAE": 0.8391106760072418, "RMSE": 1.1401239802301448, "MAPE": 41.740074230817456}, "test": {"MSE": 0.9257579938065892, "MAE": 0.7282547154478004, "RMSE": 0.9621631846036249, "MAPE": 39.63565314109166}}, "2000": {"train": {"MSE": 1.315165404507086, "MAE": 0.8610230134093291, "RMSE": 1.1468066116425586, "MAPE": 43.91981694008836}, "test": {"MSE": 0.9285559489257645, "MAE": 0.69992869167663, "RMSE": 0.9636160796322177, "MAPE": 35.59406916357693}}}