{"10": {"train": {"MSE": 1.3062624123790176, "MAE": 0.8379519674790176, "RMSE": 1.142918375204029, "MAPE": 41.510709776822985}, "test": {"MSE": 0.9226776192172397, "MAE": 0.7173459508754443, "RMSE": 0.9605610960356659, "MAPE": 37.86875296580512}}, "20": {"train": {"MSE": 1.293596109142413, "MAE": 0.8333723635071955, "RMSE": 1.1373636661782427, "MAPE": 41.2267416426349}, "test": {"MSE": 0.9200393013399847, "MAE": 0.717202174896905, "RMSE": 0.9591867916834472, "MAPE": 38.04294687888605}}, "30": {"train": {"MSE": 1.2880496518019622, "MAE": 0.8298659503613315, "RMSE": 1.1349227514689986, "MAPE": 40.936611475079594}, "test": {"MSE": 0.9288444415611063, "MAE": 0.7178616864808864, "RMSE": 0.9637657607329212, "MAPE": 37.82917429068149}}, "40": {"train": {"MSE": 1.2865940201030166, "MAE": 0.8303031096574784, "RMSE": 1.134281279093954, "MAPE": 41.04140652800295}, "test": {"MSE": 0.9317727859377668, "MAE": 0.7198391090639781, "RMSE": 0.9652837851832832, "MAPE": 37.85242089123663}}, "50": {"train": {"MSE": 1.2805435303510844, "MAE": 0.8292481112695423, "RMSE": 1.1316110331518885, "MAPE": 41.0153632611606}, "test": {"MSE": 0.923966499368237, "MAE": 0.7172905538852158, "RMSE": 0.9612317615269675, "MAPE": 37.91723013089345}}, "60": {"train": {"MSE": 1.325965488106817, "MAE": 0.8429868028389503, "RMSE": 1.1515057481866156, "MAPE": 41.659565333726356}, "test": {"MSE": 0.9283185942438237, "MAE": 0.7219665788932672, "RMSE": 0.9634929134372622, "MAPE": 38.33298526079788}}, "70": {"train": {"MSE": 1.2879946260628463, "MAE": 0.8262125132065555, "RMSE": 1.134898509146455, "MAPE": 40.47585562913583}, "test": {"MSE": 0.9239872658648443, "MAE": 0.717755237526183, "RMSE": 0.9612425634900091, "MAPE": 38.016227758720895}}, "80": {"train": {"MSE": 1.3259993790951703, "MAE": 0.8323213398834031, "RMSE": 1.151520464036645, "MAPE": 40.31508009676138}, "test": {"MSE": 0.9241843348040041, "MAE": 0.718345984560664, "RMSE": 0.961345065418242, "MAPE": 37.97673799850879}}, "90": {"train": {"MSE": 1.3262930730114, "MAE": 0.8528256187004155, "RMSE": 1.1516479813777298, "MAPE": 42.85077372864725}, "test": {"MSE": 0.930343233565218, "MAE": 0.7221715530210333, "RMSE": 0.9645430179962001, "MAPE": 38.2784825560335}}, "200": {"train": {"MSE": 1.3302950135777818, "MAE": 0.8319763604197464, "RMSE": 1.1533841569823047, "MAPE": 40.156769293691816}, "test": {"MSE": 0.9260518765550367, "MAE": 0.7135144474084151, "RMSE": 0.9623158922905912, "MAPE": 37.271517036230186}}, "300": {"train": {"MSE": 1.3288840778766364, "MAE": 0.8394778336652454, "RMSE": 1.1527723443406492, "MAPE": 41.125938581928715}, "test": {"MSE": 0.9297654264826706, "MAE": 0.7122511503199843, "RMSE": 0.9642434477260764, "MAPE": 36.95952264273319}}, "500": {"train": {"MSE": 1.329067089471634, "MAE": 0.8362153593987722, "RMSE": 1.152851720505128, "MAPE": 40.74605227746715}, "test": {"MSE": 0.9284382852781073, "MAE": 0.7232486024285724, "RMSE": 0.9635550245201917, "MAPE": 38.516796357488325}}, "2000": {"train": {"MSE": 1.3541363717681465, "MAE": 0.8322898669150226, "RMSE": 1.1636736534648133, "MAPE": 39.41677876868668}, "test": {"MSE": 0.9471770459759602, "MAE": 0.6988233354879964, "RMSE": 0.9732302122190619, "MAPE": 34.649571557922066}}}