{"10": {"train": {"MSE": 1.3392095773655384, "MAE": 0.8427474947735198, "RMSE": 1.1572422293390172, "MAPE": 41.601072675331075}, "test": {"MSE": 0.9468541818639132, "MAE": 0.7375269504289603, "RMSE": 0.9730643256557674, "MAPE": 39.555979823410695}}, "20": {"train": {"MSE": 1.337907006897922, "MAE": 0.8433875323139584, "RMSE": 1.1566793016640013, "MAPE": 41.64275848510302}, "test": {"MSE": 0.946286622782941, "MAE": 0.7361212499598159, "RMSE": 0.9727726470162188, "MAPE": 39.38819981356095}}, "30": {"train": {"MSE": 1.3378249375076994, "MAE": 0.8434968502578906, "RMSE": 1.1566438248258188, "MAPE": 41.66157078844993}, "test": {"MSE": 0.9466515359749242, "MAE": 0.7368841875828147, "RMSE": 0.97296019238966, "MAPE": 39.474893714512135}}, "40": {"train": {"MSE": 1.3374719429071675, "MAE": 0.8445491374933171, "RMSE": 1.1564912204194062, "MAPE": 41.764016152152415}, "test": {"MSE": 0.9456019655121514, "MAE": 0.7367929467185237, "RMSE": 0.9724206731205128, "MAPE": 39.49615263723469}}, "50": {"train": {"MSE": 1.3375258148128142, "MAE": 0.8443583030079731, "RMSE": 1.1565145112850137, "MAPE": 41.731382307944365}, "test": {"MSE": 0.9457268581279377, "MAE": 0.7365029183284415, "RMSE": 0.972484888380245, "MAPE": 39.46348469700847}}, "60": {"train": {"MSE": 1.3374705140566774, "MAE": 0.8450494119153218, "RMSE": 1.1564906026668256, "MAPE": 41.82101063250296}, "test": {"MSE": 0.9455945499658639, "MAE": 0.7359840207987105, "RMSE": 0.9724168601818173, "MAPE": 39.37906954655271}}, "70": {"train": {"MSE": 1.337145847917059, "MAE": 0.8420836416546584, "RMSE": 1.156350227187706, "MAPE": 41.4363325879765}, "test": {"MSE": 0.9448806253441251, "MAE": 0.7339470536023214, "RMSE": 0.9720497031243439, "MAPE": 39.15507314773332}}, "80": {"train": {"MSE": 1.3376212932304634, "MAE": 0.8400253393642352, "RMSE": 1.1565557890696252, "MAPE": 41.1602949838005}, "test": {"MSE": 0.9440804091153467, "MAE": 0.7320916075343263, "RMSE": 0.9716380031242843, "MAPE": 38.91761722981772}}, "90": {"train": {"MSE": 1.3370461109494, "MAE": 0.841785537880398, "RMSE": 1.1563071006222352, "MAPE": 41.40089635062469}, "test": {"MSE": 0.9444119782104148, "MAE": 0.7334382010848897, "RMSE": 0.9718086119243926, "MAPE": 39.09615416841129}}, "200": {"train": {"MSE": 1.3463857680149875, "MAE": 0.8687125916619277, "RMSE": 1.1603386436790717, "MAPE": 44.540031555837174}, "test": {"MSE": 0.9667437767143373, "MAE": 0.7635216084885745, "RMSE": 0.983231293600004, "MAPE": 42.47818516119693}}, "300": {"train": {"MSE": 1.338028271372585, "MAE": 0.8372065666114331, "RMSE": 1.1567317197053884, "MAPE": 40.763490607054486}, "test": {"MSE": 0.9432498830213117, "MAE": 0.7297173894050107, "RMSE": 0.9712105245626778, "MAPE": 38.64098554862094}}, "500": {"train": {"MSE": 1.343525901751516, "MAE": 0.828884483605921, "RMSE": 1.1591056473641719, "MAPE": 39.5804739171158}, "test": {"MSE": 0.9405766855275975, "MAE": 0.7224160906626373, "RMSE": 0.9698333287362306, "MAPE": 37.7250299899156}}, "2000": {"train": {"MSE": 1.350391863403299, "MAE": 0.8230212013005644, "RMSE": 1.162063622786334, "MAPE": 38.65273972088598}, "test": {"MSE": 0.9419275657193417, "MAE": 0.7154947708044391, "RMSE": 0.9705295285148936, "MAPE": 36.78841150482406}}}