{"10": {"train": {"MSE": 1.3343752049162836, "MAE": 0.8443179978435668, "RMSE": 1.155151593911502, "MAPE": 41.812868573547576}, "test": {"MSE": 0.9476957416218602, "MAE": 0.734548131520979, "RMSE": 0.9734966572217185, "MAPE": 39.30619691872148}}, "20": {"train": {"MSE": 1.3322456681587016, "MAE": 0.8386897638445889, "RMSE": 1.1542294694551434, "MAPE": 41.11519482232419}, "test": {"MSE": 0.9423865391967092, "MAE": 0.7299008100014917, "RMSE": 0.9707659549019574, "MAPE": 38.88324999852202}}, "30": {"train": {"MSE": 1.3330345194146591, "MAE": 0.8431072195827445, "RMSE": 1.154571140906726, "MAPE": 41.66680509178622}, "test": {"MSE": 0.9430986394626705, "MAE": 0.733679358560674, "RMSE": 0.9711326580146867, "MAPE": 39.30417834141364}}, "40": {"train": {"MSE": 1.3350461566228704, "MAE": 0.8434477512154771, "RMSE": 1.1554419745806668, "MAPE": 41.68667148466076}, "test": {"MSE": 0.9437166154691536, "MAE": 0.7339821472862051, "RMSE": 0.9714507787166335, "MAPE": 39.30659613847484}}, "50": {"train": {"MSE": 1.3351963529489108, "MAE": 0.8397431488788453, "RMSE": 1.1555069679361136, "MAPE": 41.196892393658395}, "test": {"MSE": 0.9426356321755845, "MAE": 0.7320270127099859, "RMSE": 0.9708942435587846, "MAPE": 39.09843976855475}}, "60": {"train": {"MSE": 1.334101463165145, "MAE": 0.842577004817986, "RMSE": 1.155033100462989, "MAPE": 41.54753890025727}, "test": {"MSE": 0.9439966847977452, "MAE": 0.7346267852983976, "RMSE": 0.9715949180588304, "MAPE": 39.42126934457244}}, "70": {"train": {"MSE": 1.3362032685378942, "MAE": 0.8492906768337144, "RMSE": 1.1559425887724244, "MAPE": 42.36549849980564}, "test": {"MSE": 0.9458484931061462, "MAE": 0.7361845869831953, "RMSE": 0.9725474246051686, "MAPE": 39.53364627662926}}, "80": {"train": {"MSE": 1.3348785051183216, "MAE": 0.8402778885995775, "RMSE": 1.155369423655621, "MAPE": 41.242585660864876}, "test": {"MSE": 0.9422805997343818, "MAE": 0.7313959744396437, "RMSE": 0.9707113884849512, "MAPE": 39.02108507113106}}, "90": {"train": {"MSE": 1.335175381327946, "MAE": 0.8401809893608991, "RMSE": 1.1554978932598476, "MAPE": 41.230423403954944}, "test": {"MSE": 0.9432741618871539, "MAE": 0.7312589225362567, "RMSE": 0.9712230237629017, "MAPE": 38.993642150760046}}, "200": {"train": {"MSE": 1.3366414141698635, "MAE": 0.8515161565284086, "RMSE": 1.1561320920075973, "MAPE": 42.57900984029466}, "test": {"MSE": 0.9476041533005204, "MAE": 0.7382230480824924, "RMSE": 0.9734496151833029, "MAPE": 39.78586114576589}}, "300": {"train": {"MSE": 1.3500069212179475, "MAE": 0.8215394696987, "RMSE": 1.1618979822763906, "MAPE": 38.42696609105017}, "test": {"MSE": 0.9421208931694791, "MAE": 0.7109534627070818, "RMSE": 0.9706291223580091, "MAPE": 36.27311704526876}}, "500": {"train": {"MSE": 1.3354610940803413, "MAE": 0.8367604555472691, "RMSE": 1.1556215185260013, "MAPE": 40.744015546868674}, "test": {"MSE": 0.9416491560374471, "MAE": 0.7264365731791562, "RMSE": 0.9703860860695845, "MAPE": 38.41408900739119}}, "2000": {"train": {"MSE": 1.3552432065517286, "MAE": 0.8181863950813466, "RMSE": 1.1641491341540948, "MAPE": 37.84803405370108}, "test": {"MSE": 0.9445232769444621, "MAE": 0.7084239853418557, "RMSE": 0.9718658739478726, "MAPE": 35.89364910268047}}}