{"10": {"train": {"MSE": 1.3291461172768058, "MAE": 0.841408566794758, "RMSE": 1.152885994917453, "MAPE": 41.50942370590839}, "test": {"MSE": 0.9329274502095858, "MAE": 0.7258545585281599, "RMSE": 0.9658816957627812, "MAPE": 38.78416767658804}}, "20": {"train": {"MSE": 1.327327294368585, "MAE": 0.840757045371689, "RMSE": 1.1520969118822362, "MAPE": 41.442532023761636}, "test": {"MSE": 0.9308220459308628, "MAE": 0.7254527333560767, "RMSE": 0.9647911929173394, "MAPE": 38.757741449672466}}, "30": {"train": {"MSE": 1.306040405505503, "MAE": 0.8358520608201485, "RMSE": 1.1428212482735447, "MAPE": 41.257125527178374}, "test": {"MSE": 0.9307242011480668, "MAE": 0.7229402471834886, "RMSE": 0.9647404838338997, "MAPE": 38.473023246645866}}, "40": {"train": {"MSE": 1.3178397329722793, "MAE": 0.8397033449891399, "RMSE": 1.147972008793019, "MAPE": 41.410725759262554}, "test": {"MSE": 0.9324760285035626, "MAE": 0.7244605449051011, "RMSE": 0.9656479837412609, "MAPE": 38.52445830609138}}, "50": {"train": {"MSE": 1.3182464886324876, "MAE": 0.8381324748277437, "RMSE": 1.1481491578329392, "MAPE": 41.202459409545604}, "test": {"MSE": 0.9309801056850063, "MAE": 0.7222694814332421, "RMSE": 0.9648731034104984, "MAPE": 38.303358597455365}}, "60": {"train": {"MSE": 1.3103716907023202, "MAE": 0.8390035898262224, "RMSE": 1.144714676547095, "MAPE": 41.48141243425188}, "test": {"MSE": 0.9306187605690829, "MAE": 0.7239436299451325, "RMSE": 0.9646858351655646, "MAPE": 38.49945341224888}}, "70": {"train": {"MSE": 1.3275804299200387, "MAE": 0.8446297696921373, "RMSE": 1.1522067652639603, "MAPE": 41.84203140017475}, "test": {"MSE": 0.932972529142802, "MAE": 0.7219456512342732, "RMSE": 0.9659050311199348, "MAPE": 38.19724065096551}}, "80": {"train": {"MSE": 1.3276767956171682, "MAE": 0.836619361164914, "RMSE": 1.1522485823888733, "MAPE": 40.833829392228985}, "test": {"MSE": 0.9304477689506943, "MAE": 0.7167589693422433, "RMSE": 0.964597205547836, "MAPE": 37.586482606232096}}, "90": {"train": {"MSE": 1.327108845096115, "MAE": 0.8449039873042786, "RMSE": 1.1520021029043805, "MAPE": 41.875323283051294}, "test": {"MSE": 0.9338320434998405, "MAE": 0.7228325710478909, "RMSE": 0.9663498556422723, "MAPE": 38.29891570902619}}, "200": {"train": {"MSE": 1.3268182877954573, "MAE": 0.8420050924607658, "RMSE": 1.1518759862916916, "MAPE": 41.5460982980087}, "test": {"MSE": 0.9335134504093489, "MAE": 0.7276452009361299, "RMSE": 0.9661849980254035, "MAPE": 38.990256192702304}}, "300": {"train": {"MSE": 1.332292689522915, "MAE": 0.8581856691761675, "RMSE": 1.1542498384331337, "MAPE": 43.481558286234176}, "test": {"MSE": 0.9454379156101969, "MAE": 0.7448836901417616, "RMSE": 0.972336318158587, "MAPE": 40.917574359248086}}, "500": {"train": {"MSE": 1.3355796578964585, "MAE": 0.86324558508465, "RMSE": 1.1556728161103638, "MAPE": 44.05470488108742}, "test": {"MSE": 0.9537359778341129, "MAE": 0.7538439497368186, "RMSE": 0.9765940701407688, "MAPE": 41.90488234499991}}, "2000": {"train": {"MSE": 1.3389544577468606, "MAE": 0.8661419434533497, "RMSE": 1.1571319966826865, "MAPE": 44.36429115033297}, "test": {"MSE": 0.9599532189644977, "MAE": 0.760324361358907, "RMSE": 0.9797720239752193, "MAPE": 42.64322700422065}}}