{"10": {"train": {"MSE": 1.3229619459440445, "MAE": 0.8409827559504252, "RMSE": 1.1502008285269336, "MAPE": 41.5414352463087}, "test": {"MSE": 0.9267308692120075, "MAE": 0.7217143738289895, "RMSE": 0.9626686185868986, "MAPE": 38.28409817899819}}, "20": {"train": {"MSE": 1.326443743804998, "MAE": 0.8404248908703587, "RMSE": 1.1517133948187797, "MAPE": 41.41305282180691}, "test": {"MSE": 0.9296441203347657, "MAE": 0.7229368806674059, "RMSE": 0.9641805434330054, "MAPE": 38.426340159080524}}, "30": {"train": {"MSE": 1.29823898073449, "MAE": 0.8315876294692774, "RMSE": 1.1394029053563495, "MAPE": 40.90813622139934}, "test": {"MSE": 0.932329418294443, "MAE": 0.7199881243350275, "RMSE": 0.9655720678926266, "MAPE": 37.9670770462649}}, "40": {"train": {"MSE": 1.3208221716080146, "MAE": 0.8387127507327605, "RMSE": 1.1492702778754937, "MAPE": 41.26347970402102}, "test": {"MSE": 0.9276929332250637, "MAE": 0.7212680801530259, "RMSE": 0.963168174944056, "MAPE": 38.23815439103778}}, "50": {"train": {"MSE": 1.2975910806439312, "MAE": 0.8359330797173593, "RMSE": 1.1391185542532134, "MAPE": 41.3880112682044}, "test": {"MSE": 0.9285670035435317, "MAE": 0.7178927262914174, "RMSE": 0.9636218156224629, "MAPE": 37.744945640229005}}, "60": {"train": {"MSE": 1.3262499071155975, "MAE": 0.8389764529367039, "RMSE": 1.1516292403007131, "MAPE": 41.18702848829831}, "test": {"MSE": 0.9285108545883834, "MAE": 0.7181929052566479, "RMSE": 0.9635926808503599, "MAPE": 37.80887614325779}}, "70": {"train": {"MSE": 1.3261231603081607, "MAE": 0.8427350119171082, "RMSE": 1.1515742096400738, "MAPE": 41.64554545867748}, "test": {"MSE": 0.9298715667276918, "MAE": 0.7217281934583814, "RMSE": 0.9642984842504377, "MAPE": 38.245991173396696}}, "80": {"train": {"MSE": 1.3276173587511493, "MAE": 0.8472234387960789, "RMSE": 1.1522227904147484, "MAPE": 42.19383958865438}, "test": {"MSE": 0.9323619281450667, "MAE": 0.7291654902637082, "RMSE": 0.9655889022482946, "MAPE": 39.17908524644366}}, "90": {"train": {"MSE": 1.3263665143092471, "MAE": 0.8366688598313003, "RMSE": 1.1516798662428926, "MAPE": 40.867395177389795}, "test": {"MSE": 0.9286503601174243, "MAE": 0.7176274685504216, "RMSE": 0.9636650663573025, "MAPE": 37.7163076632292}}, "200": {"train": {"MSE": 1.333697061299939, "MAE": 0.8276600588698111, "RMSE": 1.1548580264690285, "MAPE": 39.57420883662787}, "test": {"MSE": 0.9274265017005431, "MAE": 0.7127093669521668, "RMSE": 0.9630298550411317, "MAPE": 37.130696755075746}}, "300": {"train": {"MSE": 1.3274036845257562, "MAE": 0.8464852623933138, "RMSE": 1.1521300640664474, "MAPE": 42.11422508540152}, "test": {"MSE": 0.9321373235018422, "MAE": 0.724575875902516, "RMSE": 0.965472590756383, "MAPE": 38.552354280157154}}, "500": {"train": {"MSE": 1.3361149776483865, "MAE": 0.8254988117119448, "RMSE": 1.155904398143889, "MAPE": 39.24840055533739}, "test": {"MSE": 0.9275553000720459, "MAE": 0.715188783540584, "RMSE": 0.963096724151861, "MAPE": 37.42921098868487}}, "2000": {"train": {"MSE": 1.3580836723974905, "MAE": 0.888114168312341, "RMSE": 1.1653684706553076, "MAPE": 46.686013396145704}, "test": {"MSE": 0.9836967442788773, "MAE": 0.7809565881978585, "RMSE": 0.9918148739955845, "MAPE": 44.54895645693945}}}