{"10": {"train": {"MSE": 1.487729627342177, "MAE": 0.9945270096569819, "RMSE": 1.219725226164556, "MAPE": 56.18879256144371}, "test": {"MSE": 2.8060807820537796, "MAE": 1.4362255724839958, "RMSE": 1.6751360488192533, "MAPE": 84.12080684551778}}, "20": {"train": {"MSE": 1.487729627342177, "MAE": 0.9945270096569819, "RMSE": 1.219725226164556, "MAPE": 56.18879256144371}, "test": {"MSE": 2.8060807820537796, "MAE": 1.4362255724839958, "RMSE": 1.6751360488192533, "MAPE": 84.12080684551778}}, "30": {"train": {"MSE": 1.487729627342177, "MAE": 0.9945270096569819, "RMSE": 1.219725226164556, "MAPE": 56.18879256144371}, "test": {"MSE": 2.8060807820537796, "MAE": 1.4362255724839958, "RMSE": 1.6751360488192533, "MAPE": 84.12080684551778}}, "40": {"train": {"MSE": 1.487729627342177, "MAE": 0.9945270096569819, "RMSE": 1.219725226164556, "MAPE": 56.18879256144371}, "test": {"MSE": 2.8060807820537796, "MAE": 1.4362255724839958, "RMSE": 1.6751360488192533, "MAPE": 84.12080684551778}}, "50": {"train": {"MSE": 1.487729627342177, "MAE": 0.9945270096569819, "RMSE": 1.219725226164556, "MAPE": 56.18879256144371}, "test": {"MSE": 2.8060807820537796, "MAE": 1.4362255724839958, "RMSE": 1.6751360488192533, "MAPE": 84.12080684551778}}, "60": {"train": {"MSE": 1.487729627342177, "MAE": 0.9945270096569819, "RMSE": 1.219725226164556, "MAPE": 56.18879256144371}, "test": {"MSE": 2.8060807820537796, "MAE": 1.4362255724839958, "RMSE": 1.6751360488192533, "MAPE": 84.12080684551778}}, "70": {"train": {"MSE": 1.487729627342177, "MAE": 0.9945270096569819, "RMSE": 1.219725226164556, "MAPE": 56.18879256144371}, "test": {"MSE": 2.8060807820537796, "MAE": 1.4362255724839958, "RMSE": 1.6751360488192533, "MAPE": 84.12080684551778}}, "80": {"train": {"MSE": 1.487729627342177, "MAE": 0.9945270096569819, "RMSE": 1.219725226164556, "MAPE": 56.18879256144371}, "test": {"MSE": 2.8060807820537796, "MAE": 1.4362255724839958, "RMSE": 1.6751360488192533, "MAPE": 84.12080684551778}}, "90": {"train": {"MSE": 1.487729627342177, "MAE": 0.9945270096569819, "RMSE": 1.219725226164556, "MAPE": 56.18879256144371}, "test": {"MSE": 2.8060807820537796, "MAE": 1.4362255724839958, "RMSE": 1.6751360488192533, "MAPE": 84.12080684551778}}, "200": {"train": {"MSE": 1.487729627342177, "MAE": 0.9945270096569819, "RMSE": 1.219725226164556, "MAPE": 56.18879256144371}, "test": {"MSE": 2.8060807820537796, "MAE": 1.4362255724839958, "RMSE": 1.6751360488192533, "MAPE": 84.12080684551778}}, "300": {"train": {"MSE": 1.487729627342177, "MAE": 0.9945270096569819, "RMSE": 1.219725226164556, "MAPE": 56.18879256144371}, "test": {"MSE": 2.8060807820537796, "MAE": 1.4362255724839958, "RMSE": 1.6751360488192533, "MAPE": 84.12080684551778}}, "500": {"train": {"MSE": 1.487729627342177, "MAE": 0.9945270096569819, "RMSE": 1.219725226164556, "MAPE": 56.18879256144371}, "test": {"MSE": 2.8060807820537796, "MAE": 1.4362255724839958, "RMSE": 1.6751360488192533, "MAPE": 84.12080684551778}}}