{"10": {"train": {"MSE": 1.5086029897825752, "MAE": 1.0006089447601358, "RMSE": 1.2282520058125592, "MAPE": 56.52858622519439}, "test": {"MSE": 2.8576286130038833, "MAE": 1.4501500512224792, "RMSE": 1.6904521918717144, "MAPE": 85.11528633577213}}, "20": {"train": {"MSE": 1.5086029897825752, "MAE": 1.0006089447601358, "RMSE": 1.2282520058125592, "MAPE": 56.52858622519439}, "test": {"MSE": 2.8576286130038833, "MAE": 1.4501500512224792, "RMSE": 1.6904521918717144, "MAPE": 85.11528633577213}}, "30": {"train": {"MSE": 1.5086029897825752, "MAE": 1.0006089447601358, "RMSE": 1.2282520058125592, "MAPE": 56.52858622519439}, "test": {"MSE": 2.8576286130038833, "MAE": 1.4501500512224792, "RMSE": 1.6904521918717144, "MAPE": 85.11528633577213}}, "40": {"train": {"MSE": 1.5086029897825752, "MAE": 1.0006089447601358, "RMSE": 1.2282520058125592, "MAPE": 56.52858622519439}, "test": {"MSE": 2.8576286130038833, "MAE": 1.4501500512224792, "RMSE": 1.6904521918717144, "MAPE": 85.11528633577213}}, "50": {"train": {"MSE": 1.5086029897825752, "MAE": 1.0006089447601358, "RMSE": 1.2282520058125592, "MAPE": 56.52858622519439}, "test": {"MSE": 2.8576286130038833, "MAE": 1.4501500512224792, "RMSE": 1.6904521918717144, "MAPE": 85.11528633577213}}, "60": {"train": {"MSE": 1.5086029897825752, "MAE": 1.0006089447601358, "RMSE": 1.2282520058125592, "MAPE": 56.52858622519439}, "test": {"MSE": 2.8576286130038833, "MAE": 1.4501500512224792, "RMSE": 1.6904521918717144, "MAPE": 85.11528633577213}}, "70": {"train": {"MSE": 1.5086029897825752, "MAE": 1.0006089447601358, "RMSE": 1.2282520058125592, "MAPE": 56.52858622519439}, "test": {"MSE": 2.8576286130038833, "MAE": 1.4501500512224792, "RMSE": 1.6904521918717144, "MAPE": 85.11528633577213}}, "80": {"train": {"MSE": 1.5086029897825752, "MAE": 1.0006089447601358, "RMSE": 1.2282520058125592, "MAPE": 56.52858622519439}, "test": {"MSE": 2.8576286130038833, "MAE": 1.4501500512224792, "RMSE": 1.6904521918717144, "MAPE": 85.11528633577213}}, "90": {"train": {"MSE": 1.5086029897825752, "MAE": 1.0006089447601358, "RMSE": 1.2282520058125592, "MAPE": 56.52858622519439}, "test": {"MSE": 2.8576286130038833, "MAE": 1.4501500512224792, "RMSE": 1.6904521918717144, "MAPE": 85.11528633577213}}, "200": {"train": {"MSE": 1.5086029897825752, "MAE": 1.0006089447601358, "RMSE": 1.2282520058125592, "MAPE": 56.52858622519439}, "test": {"MSE": 2.8576286130038833, "MAE": 1.4501500512224792, "RMSE": 1.6904521918717144, "MAPE": 85.11528633577213}}, "300": {"train": {"MSE": 1.5086029897825752, "MAE": 1.0006089447601358, "RMSE": 1.2282520058125592, "MAPE": 56.52858622519439}, "test": {"MSE": 2.8576286130038833, "MAE": 1.4501500512224792, "RMSE": 1.6904521918717144, "MAPE": 85.11528633577213}}, "500": {"train": {"MSE": 1.5086029897825752, "MAE": 1.0006089447601358, "RMSE": 1.2282520058125592, "MAPE": 56.52858622519439}, "test": {"MSE": 2.8576286130038833, "MAE": 1.4501500512224792, "RMSE": 1.6904521918717144, "MAPE": 85.11528633577213}}}