{"10": {"train": {"MSE": 1.5018661647279994, "MAE": 0.999089988471432, "RMSE": 1.225506493139877, "MAPE": 56.426618597946586}, "test": {"MSE": 2.9002183977289584, "MAE": 1.4632817936713687, "RMSE": 1.7030027591665724, "MAPE": 85.98681529931149}}, "20": {"train": {"MSE": 1.5018661647279994, "MAE": 0.999089988471432, "RMSE": 1.225506493139877, "MAPE": 56.426618597946586}, "test": {"MSE": 2.9002183977289584, "MAE": 1.4632817936713687, "RMSE": 1.7030027591665724, "MAPE": 85.98681529931149}}, "30": {"train": {"MSE": 1.5018661647279994, "MAE": 0.999089988471432, "RMSE": 1.225506493139877, "MAPE": 56.426618597946586}, "test": {"MSE": 2.9002183977289584, "MAE": 1.4632817936713687, "RMSE": 1.7030027591665724, "MAPE": 85.98681529931149}}, "40": {"train": {"MSE": 1.5018661647279994, "MAE": 0.999089988471432, "RMSE": 1.225506493139877, "MAPE": 56.426618597946586}, "test": {"MSE": 2.9002183977289584, "MAE": 1.4632817936713687, "RMSE": 1.7030027591665724, "MAPE": 85.98681529931149}}, "50": {"train": {"MSE": 1.5018661647279994, "MAE": 0.999089988471432, "RMSE": 1.225506493139877, "MAPE": 56.426618597946586}, "test": {"MSE": 2.9002183977289584, "MAE": 1.4632817936713687, "RMSE": 1.7030027591665724, "MAPE": 85.98681529931149}}, "60": {"train": {"MSE": 1.5018661647279994, "MAE": 0.999089988471432, "RMSE": 1.225506493139877, "MAPE": 56.426618597946586}, "test": {"MSE": 2.9002183977289584, "MAE": 1.4632817936713687, "RMSE": 1.7030027591665724, "MAPE": 85.98681529931149}}, "70": {"train": {"MSE": 1.5018661647279994, "MAE": 0.999089988471432, "RMSE": 1.225506493139877, "MAPE": 56.426618597946586}, "test": {"MSE": 2.9002183977289584, "MAE": 1.4632817936713687, "RMSE": 1.7030027591665724, "MAPE": 85.98681529931149}}, "80": {"train": {"MSE": 1.5018661647279994, "MAE": 0.999089988471432, "RMSE": 1.225506493139877, "MAPE": 56.426618597946586}, "test": {"MSE": 2.9002183977289584, "MAE": 1.4632817936713687, "RMSE": 1.7030027591665724, "MAPE": 85.98681529931149}}, "90": {"train": {"MSE": 1.5018661647279994, "MAE": 0.999089988471432, "RMSE": 1.225506493139877, "MAPE": 56.426618597946586}, "test": {"MSE": 2.9002183977289584, "MAE": 1.4632817936713687, "RMSE": 1.7030027591665724, "MAPE": 85.98681529931149}}, "200": {"train": {"MSE": 1.5018661647279994, "MAE": 0.999089988471432, "RMSE": 1.225506493139877, "MAPE": 56.426618597946586}, "test": {"MSE": 2.9002183977289584, "MAE": 1.4632817936713687, "RMSE": 1.7030027591665724, "MAPE": 85.98681529931149}}, "300": {"train": {"MSE": 1.5018661647279994, "MAE": 0.999089988471432, "RMSE": 1.225506493139877, "MAPE": 56.426618597946586}, "test": {"MSE": 2.9002183977289584, "MAE": 1.4632817936713687, "RMSE": 1.7030027591665724, "MAPE": 85.98681529931149}}, "500": {"train": {"MSE": 1.5018661647279994, "MAE": 0.999089988471432, "RMSE": 1.225506493139877, "MAPE": 56.426618597946586}, "test": {"MSE": 2.9002183977289584, "MAE": 1.4632817936713687, "RMSE": 1.7030027591665724, "MAPE": 85.98681529931149}}}