{"10": {"train": {"MSE": 1.5185937614031024, "MAE": 1.0035880738089469, "RMSE": 1.2323123635682238, "MAPE": 56.62989237507395}, "test": {"MSE": 2.8589662642727296, "MAE": 1.450359132683455, "RMSE": 1.6908477945317046, "MAPE": 85.11988108091363}}, "20": {"train": {"MSE": 1.5185937614031024, "MAE": 1.0035880738089469, "RMSE": 1.2323123635682238, "MAPE": 56.62989237507395}, "test": {"MSE": 2.8589662642727296, "MAE": 1.450359132683455, "RMSE": 1.6908477945317046, "MAPE": 85.11988108091363}}, "30": {"train": {"MSE": 1.5185937614031024, "MAE": 1.0035880738089469, "RMSE": 1.2323123635682238, "MAPE": 56.62989237507395}, "test": {"MSE": 2.8589662642727296, "MAE": 1.450359132683455, "RMSE": 1.6908477945317046, "MAPE": 85.11988108091363}}, "40": {"train": {"MSE": 1.5185937614031024, "MAE": 1.0035880738089469, "RMSE": 1.2323123635682238, "MAPE": 56.62989237507395}, "test": {"MSE": 2.8589662642727296, "MAE": 1.450359132683455, "RMSE": 1.6908477945317046, "MAPE": 85.11988108091363}}, "50": {"train": {"MSE": 1.5185937614031024, "MAE": 1.0035880738089469, "RMSE": 1.2323123635682238, "MAPE": 56.62989237507395}, "test": {"MSE": 2.8589662642727296, "MAE": 1.450359132683455, "RMSE": 1.6908477945317046, "MAPE": 85.11988108091363}}, "60": {"train": {"MSE": 1.5185937614031024, "MAE": 1.0035880738089469, "RMSE": 1.2323123635682238, "MAPE": 56.62989237507395}, "test": {"MSE": 2.8589662642727296, "MAE": 1.450359132683455, "RMSE": 1.6908477945317046, "MAPE": 85.11988108091363}}, "70": {"train": {"MSE": 1.5185937614031024, "MAE": 1.0035880738089469, "RMSE": 1.2323123635682238, "MAPE": 56.62989237507395}, "test": {"MSE": 2.8589662642727296, "MAE": 1.450359132683455, "RMSE": 1.6908477945317046, "MAPE": 85.11988108091363}}, "80": {"train": {"MSE": 1.5185937614031024, "MAE": 1.0035880738089469, "RMSE": 1.2323123635682238, "MAPE": 56.62989237507395}, "test": {"MSE": 2.8589662642727296, "MAE": 1.450359132683455, "RMSE": 1.6908477945317046, "MAPE": 85.11988108091363}}, "90": {"train": {"MSE": 1.5185937614031024, "MAE": 1.0035880738089469, "RMSE": 1.2323123635682238, "MAPE": 56.62989237507395}, "test": {"MSE": 2.8589662642727296, "MAE": 1.450359132683455, "RMSE": 1.6908477945317046, "MAPE": 85.11988108091363}}, "200": {"train": {"MSE": 1.5185937614031024, "MAE": 1.0035880738089469, "RMSE": 1.2323123635682238, "MAPE": 56.62989237507395}, "test": {"MSE": 2.8589662642727296, "MAE": 1.450359132683455, "RMSE": 1.6908477945317046, "MAPE": 85.11988108091363}}, "300": {"train": {"MSE": 1.5185937614031024, "MAE": 1.0035880738089469, "RMSE": 1.2323123635682238, "MAPE": 56.62989237507395}, "test": {"MSE": 2.8589662642727296, "MAE": 1.450359132683455, "RMSE": 1.6908477945317046, "MAPE": 85.11988108091363}}, "500": {"train": {"MSE": 1.5185937614031024, "MAE": 1.0035880738089469, "RMSE": 1.2323123635682238, "MAPE": 56.62989237507395}, "test": {"MSE": 2.8589662642727296, "MAE": 1.450359132683455, "RMSE": 1.6908477945317046, "MAPE": 85.11988108091363}}}