{"10": {"train": {"MSE": 1.5085208292620362, "MAE": 1.0013188703830915, "RMSE": 1.228218559240185, "MAPE": 56.459754633573986}, "test": {"MSE": 2.8581162136575045, "MAE": 1.4502507550263801, "RMSE": 1.690596407679108, "MAPE": 85.11749628547585}}, "20": {"train": {"MSE": 1.5085208292620362, "MAE": 1.0013188703830915, "RMSE": 1.228218559240185, "MAPE": 56.459754633573986}, "test": {"MSE": 2.8581162136575045, "MAE": 1.4502507550263801, "RMSE": 1.690596407679108, "MAPE": 85.11749628547585}}, "30": {"train": {"MSE": 1.5085208292620362, "MAE": 1.0013188703830915, "RMSE": 1.228218559240185, "MAPE": 56.459754633573986}, "test": {"MSE": 2.8581162136575045, "MAE": 1.4502507550263801, "RMSE": 1.690596407679108, "MAPE": 85.11749628547585}}, "40": {"train": {"MSE": 1.5085208292620362, "MAE": 1.0013188703830915, "RMSE": 1.228218559240185, "MAPE": 56.459754633573986}, "test": {"MSE": 2.8581162136575045, "MAE": 1.4502507550263801, "RMSE": 1.690596407679108, "MAPE": 85.11749628547585}}, "50": {"train": {"MSE": 1.5085208292620362, "MAE": 1.0013188703830915, "RMSE": 1.228218559240185, "MAPE": 56.459754633573986}, "test": {"MSE": 2.8581162136575045, "MAE": 1.4502507550263801, "RMSE": 1.690596407679108, "MAPE": 85.11749628547585}}, "60": {"train": {"MSE": 1.5085208292620362, "MAE": 1.0013188703830915, "RMSE": 1.228218559240185, "MAPE": 56.459754633573986}, "test": {"MSE": 2.8581162136575045, "MAE": 1.4502507550263801, "RMSE": 1.690596407679108, "MAPE": 85.11749628547585}}, "70": {"train": {"MSE": 1.5085208292620362, "MAE": 1.0013188703830915, "RMSE": 1.228218559240185, "MAPE": 56.459754633573986}, "test": {"MSE": 2.8581162136575045, "MAE": 1.4502507550263801, "RMSE": 1.690596407679108, "MAPE": 85.11749628547585}}, "80": {"train": {"MSE": 1.5085208292620362, "MAE": 1.0013188703830915, "RMSE": 1.228218559240185, "MAPE": 56.459754633573986}, "test": {"MSE": 2.8581162136575045, "MAE": 1.4502507550263801, "RMSE": 1.690596407679108, "MAPE": 85.11749628547585}}, "90": {"train": {"MSE": 1.5085208292620362, "MAE": 1.0013188703830915, "RMSE": 1.228218559240185, "MAPE": 56.459754633573986}, "test": {"MSE": 2.8581162136575045, "MAE": 1.4502507550263801, "RMSE": 1.690596407679108, "MAPE": 85.11749628547585}}, "200": {"train": {"MSE": 1.5085208292620362, "MAE": 1.0013188703830915, "RMSE": 1.228218559240185, "MAPE": 56.459754633573986}, "test": {"MSE": 2.8581162136575045, "MAE": 1.4502507550263801, "RMSE": 1.690596407679108, "MAPE": 85.11749628547585}}, "300": {"train": {"MSE": 1.5085208292620362, "MAE": 1.0013188703830915, "RMSE": 1.228218559240185, "MAPE": 56.459754633573986}, "test": {"MSE": 2.8581162136575045, "MAE": 1.4502507550263801, "RMSE": 1.690596407679108, "MAPE": 85.11749628547585}}, "500": {"train": {"MSE": 1.5085208292620362, "MAE": 1.0013188703830915, "RMSE": 1.228218559240185, "MAPE": 56.459754633573986}, "test": {"MSE": 2.8581162136575045, "MAE": 1.4502507550263801, "RMSE": 1.690596407679108, "MAPE": 85.11749628547585}}}