{"10": {"train": {"MSE": 1.2526612790553218, "MAE": 0.8207457289259419, "RMSE": 1.1192235161286246, "MAPE": 40.32441087833935}, "test": {"MSE": 0.9219528850842695, "MAE": 0.7037545434185912, "RMSE": 0.960183776724159, "MAPE": 36.62180626974988}}, "20": {"train": {"MSE": 1.224902522164524, "MAE": 0.8106800601634025, "RMSE": 1.1067531441855152, "MAPE": 39.867871301810794}, "test": {"MSE": 0.9230060143258482, "MAE": 0.7030580331244806, "RMSE": 0.9607320200377669, "MAPE": 36.71237678752043}}, "30": {"train": {"MSE": 1.210112713050709, "MAE": 0.810877724146597, "RMSE": 1.1000512320118137, "MAPE": 40.14330091792942}, "test": {"MSE": 0.9281467015277509, "MAE": 0.7083505306896584, "RMSE": 0.9634037064116739, "MAPE": 37.11281274578178}}, "40": {"train": {"MSE": 1.1984977109354213, "MAE": 0.8050254253337774, "RMSE": 1.0947592022611279, "MAPE": 39.572259647137315}, "test": {"MSE": 0.9259674331962139, "MAE": 0.707226590948858, "RMSE": 0.9622720162179788, "MAPE": 36.93588971338722}}, "50": {"train": {"MSE": 1.1993218662334146, "MAE": 0.8002097927485745, "RMSE": 1.0951355469682347, "MAPE": 39.08177363990617}, "test": {"MSE": 0.9303220638704237, "MAE": 0.7115278451907406, "RMSE": 0.9645320439832072, "MAPE": 37.32700008737472}}, "60": {"train": {"MSE": 1.1930206044076117, "MAE": 0.8054884080738105, "RMSE": 1.0922548257653117, "MAPE": 39.7965821113072}, "test": {"MSE": 0.9207498427342525, "MAE": 0.7047367215487909, "RMSE": 0.9595571075940466, "MAPE": 36.74362649389666}}, "70": {"train": {"MSE": 1.2054320318153855, "MAE": 0.8097933579621217, "RMSE": 1.0979216874692774, "MAPE": 40.12978723887838}, "test": {"MSE": 0.9205749685401993, "MAE": 0.6985369723904529, "RMSE": 0.9594659809186563, "MAPE": 36.05277469007225}}, "80": {"train": {"MSE": 1.1961490862446489, "MAE": 0.8061652481076567, "RMSE": 1.0936860089827651, "MAPE": 39.70105900312241}, "test": {"MSE": 0.924837680578621, "MAE": 0.7055600871890394, "RMSE": 0.9616848135322825, "MAPE": 36.67712323235162}}, "90": {"train": {"MSE": 1.290425245338583, "MAE": 0.8444807847661954, "RMSE": 1.1359688575566598, "MAPE": 42.56145107668664}, "test": {"MSE": 0.9161922944320491, "MAE": 0.7121656671559693, "RMSE": 0.9571793428778377, "MAPE": 37.72373515281628}}, "200": {"train": {"MSE": 1.29807222600925, "MAE": 0.8346668590778403, "RMSE": 1.1393297266416118, "MAPE": 41.2192437262282}, "test": {"MSE": 0.9194670989951542, "MAE": 0.7201854749589368, "RMSE": 0.9588884705716063, "MAPE": 38.78543948566416}}, "300": {"train": {"MSE": 1.2948124671901418, "MAE": 0.8184715141155008, "RMSE": 1.1378982675046754, "MAPE": 39.12253634130503}, "test": {"MSE": 0.9133109653995158, "MAE": 0.698247411859001, "RMSE": 0.9556730431478727, "MAPE": 35.97724614330004}}, "500": {"train": {"MSE": 1.3089607860532935, "MAE": 0.860977008213242, "RMSE": 1.144098241434403, "MAPE": 44.14417723004765}, "test": {"MSE": 0.9263868768912079, "MAE": 0.726381059398349, "RMSE": 0.9624899359947655, "MAPE": 39.31248359375431}}, "2000": {"train": {"MSE": 1.2983781517356947, "MAE": 0.8418500680485825, "RMSE": 1.1394639756199818, "MAPE": 42.09322748463634}, "test": {"MSE": 0.9191087176163669, "MAE": 0.7145277342673263, "RMSE": 0.9587015790204827, "MAPE": 37.95544847301071}}}