{"10": {"train": {"MSE": 1.3093154398839628, "MAE": 0.8373162056022333, "RMSE": 1.1442532236720868, "MAPE": 41.407749830323084}, "test": {"MSE": 0.9287535664064839, "MAE": 0.7207142043605688, "RMSE": 0.9637186137075925, "MAPE": 38.20806857325262}}, "20": {"train": {"MSE": 1.2983741836105929, "MAE": 0.8362877816774618, "RMSE": 1.139462234394187, "MAPE": 41.532646314271254}, "test": {"MSE": 0.9271724902310041, "MAE": 0.7204716567631293, "RMSE": 0.9628979646000941, "MAPE": 38.18034524609967}}, "30": {"train": {"MSE": 1.2924376863295846, "MAE": 0.8364925725120123, "RMSE": 1.1368542942389692, "MAPE": 41.68044055399912}, "test": {"MSE": 0.9250327578408639, "MAE": 0.7222803483939392, "RMSE": 0.9617862329233372, "MAPE": 38.55229532079248}}, "40": {"train": {"MSE": 1.2906442016710002, "MAE": 0.8320158905655388, "RMSE": 1.1360652277360663, "MAPE": 41.11559944659153}, "test": {"MSE": 0.9230724816293718, "MAE": 0.7173845386319453, "RMSE": 0.9607666114251535, "MAPE": 37.91811934905318}}, "50": {"train": {"MSE": 1.2909290767697796, "MAE": 0.8281095210251325, "RMSE": 1.13619059878604, "MAPE": 40.58011120262463}, "test": {"MSE": 0.9294819241902689, "MAE": 0.7188249941633481, "RMSE": 0.9640964288857566, "MAPE": 37.8912407704581}}, "60": {"train": {"MSE": 1.2905803931772482, "MAE": 0.8328136240079816, "RMSE": 1.1360371442770911, "MAPE": 41.20784257346754}, "test": {"MSE": 0.9226257536199743, "MAE": 0.7208572779061692, "RMSE": 0.9605340981037448, "MAPE": 38.50985405291817}}, "70": {"train": {"MSE": 1.320679614822731, "MAE": 0.8422833126867916, "RMSE": 1.149208255636345, "MAPE": 41.69137366413961}, "test": {"MSE": 0.9283522768652704, "MAE": 0.7264922385658572, "RMSE": 0.9635103927126424, "MAPE": 38.965018304910785}}, "80": {"train": {"MSE": 1.282513824583388, "MAE": 0.8201079186074725, "RMSE": 1.1324812689768375, "MAPE": 39.81676320444139}, "test": {"MSE": 0.9259996037390408, "MAE": 0.712266158886961, "RMSE": 0.962288732002532, "MAPE": 37.133641521940724}}, "90": {"train": {"MSE": 1.3238279130523838, "MAE": 0.84376498730537, "RMSE": 1.1505772086445931, "MAPE": 41.83535331834031}, "test": {"MSE": 0.9292246492243906, "MAE": 0.7271098104863791, "RMSE": 0.9639629916259185, "MAPE": 39.0318542992891}}, "200": {"train": {"MSE": 1.33272820070535, "MAE": 0.8608500102929894, "RMSE": 1.1544384785276995, "MAPE": 43.78215553475466}, "test": {"MSE": 0.9383928242873837, "MAE": 0.7395301325464584, "RMSE": 0.9687067793132159, "MAPE": 40.38419578770223}}, "300": {"train": {"MSE": 1.3328413161426425, "MAE": 0.8288409921197293, "RMSE": 1.154487469027985, "MAPE": 39.669116198288044}, "test": {"MSE": 0.9255186947457845, "MAE": 0.7111319317019232, "RMSE": 0.9620388218496094, "MAPE": 36.9947611609209}}, "500": {"train": {"MSE": 1.3296276997885985, "MAE": 0.8403339903502728, "RMSE": 1.153094835557162, "MAPE": 41.22668240584445}, "test": {"MSE": 0.9301201455470454, "MAE": 0.7145971839783192, "RMSE": 0.9644273666518621, "MAPE": 37.21705126050282}}, "2000": {"train": {"MSE": 1.3285111624545611, "MAE": 0.8370650787741408, "RMSE": 1.1526105857810613, "MAPE": 40.865910651437645}, "test": {"MSE": 0.9281333601684862, "MAE": 0.7175537758900811, "RMSE": 0.9633967823116736, "MAPE": 37.704690152844336}}}