{"10": {"train": {"MSE": 1.3361472089245185, "MAE": 0.8429245741745024, "RMSE": 1.1559183400762005, "MAPE": 41.67251330448221}, "test": {"MSE": 0.9448444120453794, "MAE": 0.7363096465208249, "RMSE": 0.9720310756582731, "MAPE": 39.4327964751705}}, "20": {"train": {"MSE": 1.3380616815245325, "MAE": 0.8434661453307177, "RMSE": 1.1567461612318117, "MAPE": 41.66304098827575}, "test": {"MSE": 0.9466148776401601, "MAE": 0.7368271107940217, "RMSE": 0.9729413536489032, "MAPE": 39.465682748210455}}, "30": {"train": {"MSE": 1.3385680003341733, "MAE": 0.8492024194503435, "RMSE": 1.1569649952933638, "MAPE": 42.32597936821608}, "test": {"MSE": 0.9482731547383539, "MAE": 0.7410840084261306, "RMSE": 0.9737931786259102, "MAPE": 39.988207241021506}}, "40": {"train": {"MSE": 1.3370947465016874, "MAE": 0.8450995196914555, "RMSE": 1.156328130982589, "MAPE": 41.83916031495024}, "test": {"MSE": 0.9458788523275627, "MAE": 0.7375558686974295, "RMSE": 0.9725630325729858, "MAPE": 39.5986856029614}}, "50": {"train": {"MSE": 1.3373827794422128, "MAE": 0.8413675698791495, "RMSE": 1.1564526706451124, "MAPE": 41.352053915688124}, "test": {"MSE": 0.9443347371385046, "MAE": 0.7340879768659363, "RMSE": 0.9717688702250677, "MAPE": 39.17807425458457}}, "60": {"train": {"MSE": 1.3376370661761647, "MAE": 0.8386489851437469, "RMSE": 1.1565626079794231, "MAPE": 40.990705675884215}, "test": {"MSE": 0.9432507481783308, "MAE": 0.7302171589685243, "RMSE": 0.9712109699639573, "MAPE": 38.70193409209497}}, "70": {"train": {"MSE": 1.3373250074257728, "MAE": 0.8453365517283606, "RMSE": 1.1564276922599928, "MAPE": 41.83579470271902}, "test": {"MSE": 0.9464245401298288, "MAE": 0.7369300485177781, "RMSE": 0.9728435332209536, "MAPE": 39.499407865681995}}, "80": {"train": {"MSE": 1.3368540093616115, "MAE": 0.8439684722210754, "RMSE": 1.1562240307836589, "MAPE": 41.68606358695918}, "test": {"MSE": 0.9461870296476018, "MAE": 0.736324627802084, "RMSE": 0.9727214553239801, "MAPE": 39.4299844539189}}, "90": {"train": {"MSE": 1.3372661984068883, "MAE": 0.8422834590000124, "RMSE": 1.1564022649609815, "MAPE": 41.468749298766184}, "test": {"MSE": 0.9450596446873621, "MAE": 0.7359421692924337, "RMSE": 0.9721417821940184, "MAPE": 39.40880149100986}}, "200": {"train": {"MSE": 1.337710478707175, "MAE": 0.8495980040018687, "RMSE": 1.1565943449227023, "MAPE": 42.35908486324085}, "test": {"MSE": 0.9489211551084913, "MAE": 0.7423666249072772, "RMSE": 0.9741258415156079, "MAPE": 40.15405731464381}}, "300": {"train": {"MSE": 1.3442140929722606, "MAE": 0.8652341239319933, "RMSE": 1.1594024723849181, "MAPE": 44.152000819431834}, "test": {"MSE": 0.9645116423679613, "MAE": 0.7617516124523251, "RMSE": 0.9820955362733105, "MAPE": 42.30554195060737}}, "500": {"train": {"MSE": 1.3375565270259304, "MAE": 0.8401634902093648, "RMSE": 1.1565277891282728, "MAPE": 41.13499281834253}, "test": {"MSE": 0.9444713384656497, "MAE": 0.7316154097978796, "RMSE": 0.9718391525688033, "MAPE": 38.863114261935856}}, "2000": {"train": {"MSE": 1.3420708469289961, "MAE": 0.8612993199749426, "RMSE": 1.1584778146037136, "MAPE": 43.666462886334614}, "test": {"MSE": 0.9549976984201406, "MAE": 0.7485506265746589, "RMSE": 0.977239836693194, "MAPE": 40.80634353755156}}}