{"10": {"train": {"MSE": 1.336119249003366, "MAE": 0.8436632737139814, "RMSE": 1.155906245767089, "MAPE": 41.716793526452754}, "test": {"MSE": 0.9443406541231254, "MAE": 0.7342403452834196, "RMSE": 0.9717719146605984, "MAPE": 39.34003663911748}}, "20": {"train": {"MSE": 1.3359784643113242, "MAE": 0.8399919893667073, "RMSE": 1.1558453461909703, "MAPE": 41.23939083569968}, "test": {"MSE": 0.9423207470618595, "MAE": 0.7310096739000446, "RMSE": 0.9707320675973672, "MAPE": 38.964682100315414}}, "30": {"train": {"MSE": 1.3354053884557406, "MAE": 0.8435740819432812, "RMSE": 1.1555974162552203, "MAPE": 41.68743903367774}, "test": {"MSE": 0.945051592988261, "MAE": 0.7354401089990944, "RMSE": 0.972137640968737, "MAPE": 39.48164730142386}}, "40": {"train": {"MSE": 1.3304623270289442, "MAE": 0.8451641340477017, "RMSE": 1.1534566862387787, "MAPE": 41.96054417083962}, "test": {"MSE": 0.9437932143212874, "MAE": 0.7342609422709767, "RMSE": 0.9714902028951642, "MAPE": 39.37572529171038}}, "50": {"train": {"MSE": 1.3353493771155314, "MAE": 0.8449694745803118, "RMSE": 1.155573181202961, "MAPE": 41.83291852111584}, "test": {"MSE": 0.9449386318329547, "MAE": 0.7345672568376481, "RMSE": 0.9720795398695288, "MAPE": 39.37685016523634}}, "60": {"train": {"MSE": 1.3356473601584151, "MAE": 0.8486585537789829, "RMSE": 1.1557021070147857, "MAPE": 42.29225843052819}, "test": {"MSE": 0.946264479771072, "MAE": 0.7376218132283505, "RMSE": 0.97276126555855, "MAPE": 39.72129706313193}}, "70": {"train": {"MSE": 1.3351342553855408, "MAE": 0.8430716394176354, "RMSE": 1.1554800973558743, "MAPE": 41.605319704949764}, "test": {"MSE": 0.9443296912745649, "MAE": 0.7356137750508885, "RMSE": 0.9717662739952261, "MAPE": 39.52391757504429}}, "80": {"train": {"MSE": 1.3340098750128475, "MAE": 0.8464434750105698, "RMSE": 1.154993452367955, "MAPE": 42.03151199282803}, "test": {"MSE": 0.9462559337813325, "MAE": 0.7376834685195938, "RMSE": 0.972756872903673, "MAPE": 39.764593128230665}}, "90": {"train": {"MSE": 1.3350880277446333, "MAE": 0.8450510709816863, "RMSE": 1.1554600935318509, "MAPE": 41.852909165294314}, "test": {"MSE": 0.9452518054632136, "MAE": 0.735599662060443, "RMSE": 0.9722406108897188, "MAPE": 39.49552192848093}}, "200": {"train": {"MSE": 1.3430222351123209, "MAE": 0.8263692448342511, "RMSE": 1.1588883617986336, "MAPE": 39.230298498883606}, "test": {"MSE": 0.9413584284389583, "MAE": 0.7143609870580081, "RMSE": 0.9702362745429375, "MAPE": 36.791873162787745}}, "300": {"train": {"MSE": 1.3362505152674424, "MAE": 0.85084428041403, "RMSE": 1.15596302504338, "MAPE": 42.527657567152986}, "test": {"MSE": 0.9502693655181076, "MAE": 0.7439331467976157, "RMSE": 0.9748176062823791, "MAPE": 40.48156816690767}}, "500": {"train": {"MSE": 1.3497091197114457, "MAE": 0.8210291158121903, "RMSE": 1.1617698221728114, "MAPE": 38.379943535231256}, "test": {"MSE": 0.9412405699405912, "MAE": 0.712209520917754, "RMSE": 0.9701755356329035, "MAPE": 36.47460005096209}}, "2000": {"train": {"MSE": 1.3360041099303226, "MAE": 0.8503524270675236, "RMSE": 1.1558564400176705, "MAPE": 42.46201358959189}, "test": {"MSE": 0.9499249275054328, "MAE": 0.7429520490426552, "RMSE": 0.9746409223429071, "MAPE": 40.38254695044421}}}