{"10": {"train": {"MSE": 1.3232528796747198, "MAE": 0.8421510591023483, "RMSE": 1.1503272924149543, "MAPE": 41.689909249239975}, "test": {"MSE": 0.9287044294426999, "MAE": 0.7230650374098722, "RMSE": 0.9636931199519377, "MAPE": 38.55595958895529}}, "20": {"train": {"MSE": 1.3118546474239123, "MAE": 0.8336248170890607, "RMSE": 1.1453622341529828, "MAPE": 40.811915446958984}, "test": {"MSE": 0.9300305790422512, "MAE": 0.7205436164027818, "RMSE": 0.9643809304638138, "MAPE": 38.08918544447295}}, "30": {"train": {"MSE": 1.3092466502194637, "MAE": 0.8369392355881725, "RMSE": 1.1442231645179466, "MAPE": 41.30658104012054}, "test": {"MSE": 0.9285567935503288, "MAE": 0.7251848800203586, "RMSE": 0.9636165178899379, "MAPE": 38.85215508085242}}, "40": {"train": {"MSE": 1.3146419610098377, "MAE": 0.8400342017405038, "RMSE": 1.1465783710718764, "MAPE": 41.535023051968494}, "test": {"MSE": 0.9303199471117822, "MAE": 0.7235274857187223, "RMSE": 0.9645309466843365, "MAPE": 38.48340597304403}}, "50": {"train": {"MSE": 1.3264859155258806, "MAE": 0.8409050265498662, "RMSE": 1.1517317029264587, "MAPE": 41.439319952630456}, "test": {"MSE": 0.9330403498886426, "MAE": 0.7269661058969691, "RMSE": 0.9659401378391119, "MAPE": 38.91044268236384}}, "60": {"train": {"MSE": 1.3265305889778123, "MAE": 0.8414485841988878, "RMSE": 1.151751096799049, "MAPE": 41.48039617186698}, "test": {"MSE": 0.9314463822611663, "MAE": 0.7210453497618258, "RMSE": 0.965114699018291, "MAPE": 38.143548583447675}}, "70": {"train": {"MSE": 1.3280394928286237, "MAE": 0.8416232287518163, "RMSE": 1.1524059583448116, "MAPE": 41.497587316685234}, "test": {"MSE": 0.9324171592450333, "MAE": 0.7255432193619987, "RMSE": 0.9656175015217119, "MAPE": 38.73311069095956}}, "80": {"train": {"MSE": 1.3265255002641625, "MAE": 0.8427835080696675, "RMSE": 1.1517488876765467, "MAPE": 41.67033133085988}, "test": {"MSE": 0.9333498123246446, "MAE": 0.7271044541230111, "RMSE": 0.966100311729918, "MAPE": 38.90066262706425}}, "90": {"train": {"MSE": 1.328652020004799, "MAE": 0.8318634965093303, "RMSE": 1.1526716878646752, "MAPE": 40.206957030848315}, "test": {"MSE": 0.9296313219797753, "MAE": 0.7160478859482228, "RMSE": 0.9641739065022322, "MAPE": 37.488142636735176}}, "200": {"train": {"MSE": 1.3284553311259402, "MAE": 0.8422967484305119, "RMSE": 1.1525863660159876, "MAPE": 41.54995538858048}, "test": {"MSE": 0.9343396579129056, "MAE": 0.7275278655781635, "RMSE": 0.9666124652170102, "MAPE": 38.93165085672109}}, "300": {"train": {"MSE": 1.3280922669063047, "MAE": 0.8486363263551456, "RMSE": 1.152428855464104, "MAPE": 42.36664144227534}, "test": {"MSE": 0.9381197911491068, "MAE": 0.7343115042434297, "RMSE": 0.9685658424439233, "MAPE": 39.736950120832745}}, "500": {"train": {"MSE": 1.329233675310295, "MAE": 0.8359035437961844, "RMSE": 1.1529239677057177, "MAPE": 40.7212507064536}, "test": {"MSE": 0.9322702499971576, "MAE": 0.7233149185320059, "RMSE": 0.9655414284209444, "MAPE": 38.4315263750565}}, "2000": {"train": {"MSE": 1.3840924418672718, "MAE": 0.810612837178561, "RMSE": 1.176474581904459, "MAPE": 35.92409639568074}, "test": {"MSE": 0.961213612314555, "MAE": 0.6909636258217112, "RMSE": 0.9804150204451965, "MAPE": 33.043521457755034}}}