{"10": {"train": {"MSE": 1.3299020911099166, "MAE": 0.8432612944828299, "RMSE": 1.1532138097984765, "MAPE": 41.758599147114865}, "test": {"MSE": 0.93291869075438, "MAE": 0.7257145986812432, "RMSE": 0.9658771613173075, "MAPE": 38.69396280059334}}, "20": {"train": {"MSE": 1.2996516510849205, "MAE": 0.8386016938439643, "RMSE": 1.1400226537595297, "MAPE": 41.73183422945793}, "test": {"MSE": 0.9265674222391004, "MAE": 0.722001607002608, "RMSE": 0.9625837221972436, "MAPE": 38.50319511942305}}, "30": {"train": {"MSE": 1.2980682466853493, "MAE": 0.8356325966811299, "RMSE": 1.1393279802959941, "MAPE": 41.393994026753255}, "test": {"MSE": 0.9280860949805013, "MAE": 0.7199336035414717, "RMSE": 0.9633722515105474, "MAPE": 38.087065819408885}}, "40": {"train": {"MSE": 1.2971103112703737, "MAE": 0.8320832203426113, "RMSE": 1.1389075077768052, "MAPE": 41.01650553408054}, "test": {"MSE": 0.931841278528258, "MAE": 0.7216097422690323, "RMSE": 0.9653192624869028, "MAPE": 38.1315798723393}}, "50": {"train": {"MSE": 1.3090751635457056, "MAE": 0.8421722745974789, "RMSE": 1.1441482262127165, "MAPE": 41.89693807473666}, "test": {"MSE": 0.9271262417559454, "MAE": 0.72225292592318, "RMSE": 0.9628739490483401, "MAPE": 38.42030747559741}}, "60": {"train": {"MSE": 1.300611729274509, "MAE": 0.8390941497023721, "RMSE": 1.1404436545811936, "MAPE": 41.7650847117014}, "test": {"MSE": 0.9299114114534712, "MAE": 0.7248026663401473, "RMSE": 0.9643191439837079, "MAPE": 38.61969227465212}}, "70": {"train": {"MSE": 1.3278006617191838, "MAE": 0.8447783981758725, "RMSE": 1.1523023308659859, "MAPE": 41.90039683969734}, "test": {"MSE": 0.9310390449329818, "MAE": 0.7231256991397053, "RMSE": 0.9649036454138733, "MAPE": 38.38304150655556}}, "80": {"train": {"MSE": 1.323212714470065, "MAE": 0.8381375816230904, "RMSE": 1.150309834118645, "MAPE": 41.112105730734726}, "test": {"MSE": 0.9283831483526014, "MAE": 0.7204466975916813, "RMSE": 0.9635264128982668, "MAPE": 38.11184877172064}}, "90": {"train": {"MSE": 1.326966101114959, "MAE": 0.8384551836915487, "RMSE": 1.1519401464984884, "MAPE": 41.08056946888754}, "test": {"MSE": 0.9290467576485568, "MAE": 0.7224562463863061, "RMSE": 0.9638707162522144, "MAPE": 38.38008022922765}}, "200": {"train": {"MSE": 1.3300532379785168, "MAE": 0.8317700222266222, "RMSE": 1.153279340827068, "MAPE": 40.189884395995925}, "test": {"MSE": 0.9279030094322147, "MAE": 0.7183641024125141, "RMSE": 0.9632772235614288, "MAPE": 37.86589292177562}}, "300": {"train": {"MSE": 1.3309879276712322, "MAE": 0.8316635633735846, "RMSE": 1.153684500923555, "MAPE": 40.08837996702322}, "test": {"MSE": 0.9292455620961242, "MAE": 0.7112422513465374, "RMSE": 0.9639738389064945, "MAPE": 36.82277481869241}}, "500": {"train": {"MSE": 1.357683462798005, "MAE": 0.8139795024024065, "RMSE": 1.1651967485356303, "MAPE": 37.15686969971111}, "test": {"MSE": 0.9426735377234763, "MAE": 0.695224640938351, "RMSE": 0.970913764308384, "MAPE": 34.21774631564278}}, "2000": {"train": {"MSE": 1.3301692498777633, "MAE": 0.8487668529972401, "RMSE": 1.1533296362609275, "MAPE": 42.390730819560694}, "test": {"MSE": 0.9380856457775647, "MAE": 0.7386156801841635, "RMSE": 0.9685482155151414, "MAPE": 40.25206232636296}}}