{"10": {"train": {"MSE": 1.2231399165851147, "MAE": 0.806229435310735, "RMSE": 1.10595656179848, "MAPE": 38.65924612619473}, "test": {"MSE": 1.3993087087968026, "MAE": 0.9535407291985906, "RMSE": 1.1829237966990107, "MAPE": 50.87652964549796}}, "20": {"train": {"MSE": 1.1422120857802924, "MAE": 0.7846112551216418, "RMSE": 1.0687432272441741, "MAPE": 37.76953596181038}, "test": {"MSE": 1.3339503461783047, "MAE": 0.9164845132638921, "RMSE": 1.1549676818761228, "MAPE": 47.517624108296474}}, "30": {"train": {"MSE": 1.1498655034562737, "MAE": 0.7830430645724866, "RMSE": 1.072317818305876, "MAPE": 37.24822932905489}, "test": {"MSE": 1.309273157610137, "MAE": 0.8957204973896049, "RMSE": 1.144234747597772, "MAPE": 45.72708737130042}}, "40": {"train": {"MSE": 1.1243350110423234, "MAE": 0.7767771630598181, "RMSE": 1.0603466466407687, "MAPE": 37.051432874259376}, "test": {"MSE": 1.3199375919208913, "MAE": 0.9046667096818555, "RMSE": 1.1488853693562693, "MAPE": 46.24573251440605}}, "50": {"train": {"MSE": 1.066940356751962, "MAE": 0.7625604093922483, "RMSE": 1.0329280501331939, "MAPE": 36.97902416264158}, "test": {"MSE": 1.3274868818416272, "MAE": 0.9239305306369648, "RMSE": 1.1521661693703853, "MAPE": 48.61638494444138}}, "60": {"train": {"MSE": 1.0788903603408462, "MAE": 0.7585574955207234, "RMSE": 1.038696471709058, "MAPE": 35.86145592598177}, "test": {"MSE": 1.3255130286273022, "MAE": 0.9110929134336732, "RMSE": 1.1513092671507956, "MAPE": 46.91961698316201}}, "70": {"train": {"MSE": 1.0979350028411745, "MAE": 0.7750218956801719, "RMSE": 1.047823936947985, "MAPE": 37.410930470009404}, "test": {"MSE": 1.381765055264088, "MAE": 0.9344174941132866, "RMSE": 1.17548502979157, "MAPE": 48.44461948286061}}, "80": {"train": {"MSE": 1.06394161853247, "MAE": 0.7703480269259492, "RMSE": 1.0314754570674332, "MAPE": 38.03955169439541}, "test": {"MSE": 1.3553418584375467, "MAE": 0.8954009034774612, "RMSE": 1.1641915041940252, "MAPE": 43.06060892093808}}, "90": {"train": {"MSE": 1.08750910306613, "MAE": 0.7732780827802669, "RMSE": 1.0428370453077171, "MAPE": 37.695602511431545}, "test": {"MSE": 1.373049186942003, "MAE": 0.9293666339910872, "RMSE": 1.171771815219159, "MAPE": 47.73408542188925}}, "200": {"train": {"MSE": 1.0439292730666618, "MAE": 0.7618551747951278, "RMSE": 1.02172857113162, "MAPE": 37.38662540098599}, "test": {"MSE": 1.432922777964056, "MAE": 0.9611280899561554, "RMSE": 1.1970475253573085, "MAPE": 50.305629581708644}}, "300": {"train": {"MSE": 1.0263668743844454, "MAE": 0.7473327581060438, "RMSE": 1.0130976628067234, "MAPE": 35.78722688763175}, "test": {"MSE": 1.391183608524147, "MAE": 0.9266234267990382, "RMSE": 1.179484467267012, "MAPE": 46.22732104226224}}, "500": {"train": {"MSE": 1.06876932293835, "MAE": 0.7721398713257587, "RMSE": 1.033813001919762, "MAPE": 38.15358265442234}, "test": {"MSE": 1.4186310409400844, "MAE": 0.944533702555206, "RMSE": 1.191062987813862, "MAPE": 48.248572321280456}}, "2000": {"train": {"MSE": 1.334913851053996, "MAE": 0.8264611887646104, "RMSE": 1.155384719932714, "MAPE": 37.87663951846786}, "test": {"MSE": 1.3510662515872236, "MAE": 0.8758477719024307, "RMSE": 1.1623537549245597, "MAPE": 41.479607396374675}}}