{"10": {"train": {"MSE": 1.3393588212389071, "MAE": 0.8374753389281334, "RMSE": 1.157306710098454, "MAPE": 40.53159881128068}, "test": {"MSE": 1.2934013064972292, "MAE": 0.9096330786269665, "RMSE": 1.137278025153581, "MAPE": 48.36319610868141}}, "20": {"train": {"MSE": 1.3228323499391532, "MAE": 0.8350108019001692, "RMSE": 1.1501444908963192, "MAPE": 40.1204091391819}, "test": {"MSE": 1.4397978037572103, "MAE": 0.9928182551298281, "RMSE": 1.1999157486078804, "MAPE": 54.91578089398252}}, "30": {"train": {"MSE": 1.3061336224733733, "MAE": 0.8304587328289199, "RMSE": 1.1428620312502176, "MAPE": 39.67924590652592}, "test": {"MSE": 1.4041114839854034, "MAE": 0.9706907583620992, "RMSE": 1.184952101979402, "MAPE": 53.13017408759777}}, "40": {"train": {"MSE": 1.274499622872975, "MAE": 0.8159619425463267, "RMSE": 1.1289373866043126, "MAPE": 38.60770984789898}, "test": {"MSE": 1.358262627348513, "MAE": 0.9466753312481252, "RMSE": 1.1654452485417377, "MAPE": 50.72063000145302}}, "50": {"train": {"MSE": 1.2851634855358436, "MAE": 0.8228739576597002, "RMSE": 1.1336505129606054, "MAPE": 39.52640931623283}, "test": {"MSE": 1.3388293107800062, "MAE": 0.9355711216960308, "RMSE": 1.1570779190616363, "MAPE": 49.910580324823904}}, "60": {"train": {"MSE": 1.2642240545300012, "MAE": 0.8153929872438135, "RMSE": 1.1243771851696391, "MAPE": 38.749935560832085}, "test": {"MSE": 1.3339444521462342, "MAE": 0.927441451039102, "RMSE": 1.154965130272873, "MAPE": 49.083794095593795}}, "70": {"train": {"MSE": 1.2574094387000554, "MAE": 0.8118805402827878, "RMSE": 1.1213426945854044, "MAPE": 38.51365697725848}, "test": {"MSE": 1.3411066553741793, "MAE": 0.9360909398364974, "RMSE": 1.158061593946617, "MAPE": 50.055187389441855}}, "80": {"train": {"MSE": 1.3020176357539892, "MAE": 0.8265336059027468, "RMSE": 1.1410598738690223, "MAPE": 39.51862385167257}, "test": {"MSE": 1.3144895099508185, "MAE": 0.9138526160275812, "RMSE": 1.1465118882727812, "MAPE": 47.859535595627854}}, "90": {"train": {"MSE": 1.271991171534941, "MAE": 0.8141842130453337, "RMSE": 1.1278258604655866, "MAPE": 38.31502419747756}, "test": {"MSE": 1.366219836432935, "MAE": 0.9422521054013316, "RMSE": 1.168854069776435, "MAPE": 50.06780533420832}}, "200": {"train": {"MSE": 1.2620300402021742, "MAE": 0.8241860744155872, "RMSE": 1.1234011038815006, "MAPE": 40.09480739030005}, "test": {"MSE": 1.3425297497426458, "MAE": 0.9249393846873479, "RMSE": 1.1586758605160659, "MAPE": 48.61582720125674}}, "300": {"train": {"MSE": 1.3530510102513662, "MAE": 0.8709242885804973, "RMSE": 1.1632072086482985, "MAPE": 43.891532483426886}, "test": {"MSE": 1.42177920289918, "MAE": 0.9715701976788471, "RMSE": 1.1923838320352973, "MAPE": 53.208771365675304}}, "500": {"train": {"MSE": 1.3627832404832296, "MAE": 0.8519058422019771, "RMSE": 1.1673830735809174, "MAPE": 41.41598139019397}, "test": {"MSE": 1.2992547231698832, "MAE": 0.8801655530861445, "RMSE": 1.139848552734039, "MAPE": 44.11371179911728}}, "2000": {"train": {"MSE": 1.4279423796916375, "MAE": 0.9150189562477334, "RMSE": 1.1949654303332953, "MAPE": 47.58500994168543}, "test": {"MSE": 1.4134288287113141, "MAE": 0.9715682932222767, "RMSE": 1.1888771293583345, "MAPE": 53.37212686606541}}}