{"10": {"train": {"MSE": 1.4622732150734232, "MAE": 0.8752805266818536, "RMSE": 1.209244894582327, "MAPE": 42.85303781956264}, "test": {"MSE": 1.512221594885664, "MAE": 1.02485435716814, "RMSE": 1.2297241946410846, "MAPE": 57.8800083339605}}, "20": {"train": {"MSE": 1.4533168152016387, "MAE": 0.8606071051237993, "RMSE": 1.2055359037381006, "MAPE": 41.07515373112787}, "test": {"MSE": 1.5273780079044623, "MAE": 1.0288929318495477, "RMSE": 1.2358713557261785, "MAPE": 57.974847858630966}}, "30": {"train": {"MSE": 1.4691153009398037, "MAE": 0.8698418629872958, "RMSE": 1.2120706666444014, "MAPE": 41.973923142535725}, "test": {"MSE": 1.4039216025385106, "MAE": 0.9742399118008923, "RMSE": 1.1848719772779297, "MAPE": 53.652468168273124}}, "40": {"train": {"MSE": 1.4700777777592655, "MAE": 0.8645406955476722, "RMSE": 1.2124676398812735, "MAPE": 41.06129891779128}, "test": {"MSE": 1.4512066583463068, "MAE": 0.9944087667002183, "RMSE": 1.2046603912913825, "MAPE": 55.20570830510524}}, "50": {"train": {"MSE": 1.4662070490260157, "MAE": 0.8624107205579089, "RMSE": 1.210870368382188, "MAPE": 41.128741779185276}, "test": {"MSE": 1.4553438333150661, "MAE": 0.9965497212983033, "RMSE": 1.206376323256995, "MAPE": 55.387263625096}}, "60": {"train": {"MSE": 1.4660744946139548, "MAE": 0.878021670371357, "RMSE": 1.2108156319663017, "MAPE": 43.35254387226149}, "test": {"MSE": 1.483397115920737, "MAE": 1.0121157195428365, "RMSE": 1.2179479118257632, "MAPE": 56.76632611147602}}, "70": {"train": {"MSE": 1.4673461477347722, "MAE": 0.8694160987184614, "RMSE": 1.211340640668335, "MAPE": 41.79707727004463}, "test": {"MSE": 1.4474631133336768, "MAE": 0.991379952974664, "RMSE": 1.203105611878557, "MAPE": 54.91343931830293}}, "80": {"train": {"MSE": 1.4678927240230428, "MAE": 0.8722470192295956, "RMSE": 1.2115662276669166, "MAPE": 42.20433924480645}, "test": {"MSE": 1.3803024006593954, "MAE": 0.9603217810929836, "RMSE": 1.174862715664854, "MAPE": 52.353639688600374}}, "90": {"train": {"MSE": 1.4728246408637415, "MAE": 0.881005859442115, "RMSE": 1.213599868516696, "MAPE": 43.24456929960144}, "test": {"MSE": 1.5252390006780163, "MAE": 1.032343286194513, "RMSE": 1.235005668277687, "MAPE": 58.354475904689075}}, "200": {"train": {"MSE": 1.4682472044462758, "MAE": 0.8772153309374813, "RMSE": 1.2117125089914174, "MAPE": 42.99327208693201}, "test": {"MSE": 1.4519895195278427, "MAE": 0.9966164704183883, "RMSE": 1.204985277722447, "MAPE": 55.46366960046581}}, "300": {"train": {"MSE": 1.4934947286655964, "MAE": 0.9114896168009962, "RMSE": 1.2220862198165874, "MAPE": 46.67692559957135}, "test": {"MSE": 1.5008580038618373, "MAE": 1.0191050200488545, "RMSE": 1.2250950999256496, "MAPE": 57.33801620369836}}, "500": {"train": {"MSE": 1.4862900845485643, "MAE": 0.8518859373433852, "RMSE": 1.2191349738845836, "MAPE": 39.128361837834035}, "test": {"MSE": 1.3013977706901456, "MAE": 0.9094155709055923, "RMSE": 1.140788223418416, "MAPE": 47.547029766563234}}, "2000": {"train": {"MSE": 1.4843483551276104, "MAE": 0.89320757458064, "RMSE": 1.218338358227143, "MAPE": 44.94886897106324}, "test": {"MSE": 1.5191586953239358, "MAE": 1.0298837815650228, "RMSE": 1.2325415592684636, "MAPE": 58.22955848901964}}}