{"10": {"train": {"MSE": 1.4156620581154566, "MAE": 0.8616681124240922, "RMSE": 1.1898159765759815, "MAPE": 41.93759841686792}, "test": {"MSE": 1.5065785957223545, "MAE": 1.024679334584215, "RMSE": 1.2274276335989647, "MAPE": 57.63564898733413}}, "20": {"train": {"MSE": 1.3980041430894967, "MAE": 0.857674149379552, "RMSE": 1.182372252334051, "MAPE": 41.38921591360473}, "test": {"MSE": 1.4755282051301468, "MAE": 1.007615698738977, "RMSE": 1.2147132192950512, "MAPE": 56.16599904903457}}, "30": {"train": {"MSE": 1.387576515597375, "MAE": 0.853593055914829, "RMSE": 1.1779543775534667, "MAPE": 40.97029759992735}, "test": {"MSE": 1.4922498979573022, "MAE": 1.0150788131046604, "RMSE": 1.2215768080465927, "MAPE": 56.68597663574428}}, "40": {"train": {"MSE": 1.3986623692950462, "MAE": 0.8620875425514855, "RMSE": 1.182650569396999, "MAPE": 42.13896059090873}, "test": {"MSE": 1.4779226226428042, "MAE": 1.0113951531000116, "RMSE": 1.2156984094103291, "MAPE": 56.4161211401376}}, "50": {"train": {"MSE": 1.4037213663508343, "MAE": 0.856264479839965, "RMSE": 1.1847874772932208, "MAPE": 41.13632232042156}, "test": {"MSE": 1.417557596113197, "MAE": 0.9769513087042606, "RMSE": 1.1906122778273358, "MAPE": 53.38897634285803}}, "60": {"train": {"MSE": 1.4224979889765008, "MAE": 0.8649452456341012, "RMSE": 1.1926852011224507, "MAPE": 42.11260664367489}, "test": {"MSE": 1.4380297871755734, "MAE": 0.9900499976437295, "RMSE": 1.199178797000503, "MAPE": 54.702767232108066}}, "70": {"train": {"MSE": 1.4121899920864414, "MAE": 0.8570824587337077, "RMSE": 1.188356003934192, "MAPE": 40.89674535870466}, "test": {"MSE": 1.4532101988623503, "MAE": 0.9946037955139022, "RMSE": 1.2054916834480238, "MAPE": 54.86202257903238}}, "80": {"train": {"MSE": 1.4353977371895696, "MAE": 0.8707320099801986, "RMSE": 1.1980808558647325, "MAPE": 42.67288388105538}, "test": {"MSE": 1.4185073754348503, "MAE": 0.9806266486624848, "RMSE": 1.1910110727591285, "MAPE": 53.848279708534655}}, "90": {"train": {"MSE": 1.424918828631605, "MAE": 0.8576303980979808, "RMSE": 1.1936996392022596, "MAPE": 40.949162912298185}, "test": {"MSE": 1.431447967712003, "MAE": 0.9840235838584276, "RMSE": 1.196431346844441, "MAPE": 54.116815046288316}}, "200": {"train": {"MSE": 1.4317881353575117, "MAE": 0.8737295198807191, "RMSE": 1.1965734976830766, "MAPE": 43.1028744051952}, "test": {"MSE": 1.4144623011293291, "MAE": 0.9781372177766163, "RMSE": 1.189311692168764, "MAPE": 53.60909526920313}}, "300": {"train": {"MSE": 1.4345928276185336, "MAE": 0.8627784375619048, "RMSE": 1.1977448925453758, "MAPE": 41.509885362428136}, "test": {"MSE": 1.364351031184763, "MAE": 0.9448164401401958, "RMSE": 1.1680543785221487, "MAPE": 50.633805597806194}}, "500": {"train": {"MSE": 1.4548355436782279, "MAE": 0.8931811947186212, "RMSE": 1.2061656369165172, "MAPE": 44.7068523409741}, "test": {"MSE": 1.3815736718400693, "MAE": 0.952675990683593, "RMSE": 1.175403620821405, "MAPE": 51.407873625311396}}, "2000": {"train": {"MSE": 1.4616711861056089, "MAE": 0.9056362905164165, "RMSE": 1.2089959413106435, "MAPE": 46.4196799200549}, "test": {"MSE": 1.4369803490112942, "MAE": 0.991573749929693, "RMSE": 1.1987411517968731, "MAPE": 54.89731732429085}}}