{"10": {"train": {"MSE": 1.382449369173213, "MAE": 0.8551267308295708, "RMSE": 1.175776071015741, "MAPE": 41.79813927199359}, "test": {"MSE": 1.4332477056339101, "MAE": 0.9885103137771165, "RMSE": 1.1971832381193408, "MAPE": 54.38496807301518}}, "20": {"train": {"MSE": 1.373731977102978, "MAE": 0.8431567608656252, "RMSE": 1.1720631284632146, "MAPE": 40.292501708394994}, "test": {"MSE": 1.410403201806483, "MAE": 0.9723488205805872, "RMSE": 1.1876039751560632, "MAPE": 52.96312006253518}}, "30": {"train": {"MSE": 1.3576213331832303, "MAE": 0.8398596153159219, "RMSE": 1.165170087662411, "MAPE": 40.11340129313587}, "test": {"MSE": 1.480627504381798, "MAE": 1.0067876937457476, "RMSE": 1.2168103814406739, "MAPE": 55.59826499885732}}, "40": {"train": {"MSE": 1.3650750966595686, "MAE": 0.8484557637867342, "RMSE": 1.1683642825161888, "MAPE": 41.26032568475343}, "test": {"MSE": 1.4334768355417824, "MAE": 0.981543190123682, "RMSE": 1.197278929715955, "MAPE": 53.297252838174444}}, "50": {"train": {"MSE": 1.3587019618591354, "MAE": 0.8314767803164987, "RMSE": 1.1656337168506818, "MAPE": 39.1485435635391}, "test": {"MSE": 1.4192139255734706, "MAE": 0.9757947449328401, "RMSE": 1.1913076536199498, "MAPE": 52.84322655897633}}, "60": {"train": {"MSE": 1.347731051370519, "MAE": 0.841090384667414, "RMSE": 1.1609181932291865, "MAPE": 40.48993520614253}, "test": {"MSE": 1.4189010537242444, "MAE": 0.976324781567674, "RMSE": 1.191176331919101, "MAPE": 53.0984567337287}}, "70": {"train": {"MSE": 1.3568230379685409, "MAE": 0.8437080895171759, "RMSE": 1.1648274713315019, "MAPE": 40.54244301886129}, "test": {"MSE": 1.4096726489434024, "MAE": 0.9686858763995841, "RMSE": 1.1872963610419272, "MAPE": 52.23033335329455}}, "80": {"train": {"MSE": 1.3762783959046134, "MAE": 0.8569580149460996, "RMSE": 1.1731489231570786, "MAPE": 42.06715180462673}, "test": {"MSE": 1.3926077907818786, "MAE": 0.9617298980306126, "RMSE": 1.1800880436568615, "MAPE": 51.74464220070726}}, "90": {"train": {"MSE": 1.351385299963568, "MAE": 0.843415616348111, "RMSE": 1.1624909891967197, "MAPE": 40.7884353075935}, "test": {"MSE": 1.4067371364136412, "MAE": 0.9714146662034185, "RMSE": 1.1860594995250622, "MAPE": 52.70693506701095}}, "200": {"train": {"MSE": 1.3822638356826729, "MAE": 0.8606513402235466, "RMSE": 1.1756971700581205, "MAPE": 42.44652331812971}, "test": {"MSE": 1.484959887545575, "MAE": 1.0087316385021503, "RMSE": 1.2185893022448437, "MAPE": 55.740632894798296}}, "300": {"train": {"MSE": 1.400612245009593, "MAE": 0.8692253460526947, "RMSE": 1.1834746490777033, "MAPE": 42.8563868480618}, "test": {"MSE": 1.5165120080882946, "MAE": 1.0223028155831515, "RMSE": 1.231467420636167, "MAPE": 56.95137447673066}}, "500": {"train": {"MSE": 1.4014447121843503, "MAE": 0.8499207912920467, "RMSE": 1.1838263015258406, "MAPE": 40.851779131778144}, "test": {"MSE": 1.3332414085556754, "MAE": 0.9220268582759664, "RMSE": 1.1546607330968155, "MAPE": 48.391877357169534}}, "2000": {"train": {"MSE": 1.4298638159104964, "MAE": 0.837326845715212, "RMSE": 1.1957691315260217, "MAPE": 37.61453408813253}, "test": {"MSE": 1.2981146209427268, "MAE": 0.8738454963929012, "RMSE": 1.1393483316978732, "MAPE": 42.27034220599427}}}