{"10": {"train": {"MSE": 1.3645613918227184, "MAE": 0.8460279854747864, "RMSE": 1.1681444225020803, "MAPE": 40.79445912188809}, "test": {"MSE": 1.3522082338305728, "MAE": 0.9473039273740509, "RMSE": 1.1628448881216156, "MAPE": 51.105125003699314}}, "20": {"train": {"MSE": 1.3319980390186195, "MAE": 0.8342392426471753, "RMSE": 1.1541221941452384, "MAPE": 39.55331329158264}, "test": {"MSE": 1.393475713829393, "MAE": 0.9607809987125763, "RMSE": 1.1804557229432169, "MAPE": 51.59768574533926}}, "30": {"train": {"MSE": 1.3341922381320819, "MAE": 0.8349702304110692, "RMSE": 1.155072395190917, "MAPE": 39.814726399982774}, "test": {"MSE": 1.3531009790295323, "MAE": 0.9397431246737631, "RMSE": 1.1632286873308844, "MAPE": 49.98642946798746}}, "40": {"train": {"MSE": 1.322317542445578, "MAE": 0.8336018977106776, "RMSE": 1.1499206678921716, "MAPE": 39.758452634132226}, "test": {"MSE": 1.4308249713262455, "MAE": 0.9830685974260848, "RMSE": 1.1961709624155927, "MAPE": 53.52139136430194}}, "50": {"train": {"MSE": 1.3099306398519868, "MAE": 0.8296560104410873, "RMSE": 1.1445220137035315, "MAPE": 39.35467631565608}, "test": {"MSE": 1.341570914196321, "MAE": 0.9244411016351668, "RMSE": 1.1582620231175331, "MAPE": 48.262403625404424}}, "60": {"train": {"MSE": 1.305917237276338, "MAE": 0.8258794236548194, "RMSE": 1.1427673592102365, "MAPE": 39.08579165480431}, "test": {"MSE": 1.3328501657295202, "MAE": 0.9182567457337891, "RMSE": 1.154491301712369, "MAPE": 47.64604604910255}}, "70": {"train": {"MSE": 1.3081896673488753, "MAE": 0.8253914540999853, "RMSE": 1.1437611933217857, "MAPE": 39.00268393321631}, "test": {"MSE": 1.3370456558576134, "MAE": 0.9221617610410913, "RMSE": 1.1563069038354883, "MAPE": 47.88612143955865}}, "80": {"train": {"MSE": 1.3114800327064404, "MAE": 0.8336497192921282, "RMSE": 1.1451986869999635, "MAPE": 40.09690654352372}, "test": {"MSE": 1.3600141808220927, "MAE": 0.9379155749901327, "RMSE": 1.1661964589305238, "MAPE": 49.50477472757632}}, "90": {"train": {"MSE": 1.3127557945298003, "MAE": 0.8288768017703007, "RMSE": 1.1457555561854371, "MAPE": 39.478274724602684}, "test": {"MSE": 1.33938802308952, "MAE": 0.9278332330167619, "RMSE": 1.157319326326801, "MAPE": 48.73412290416555}}, "200": {"train": {"MSE": 1.3176368113251486, "MAE": 0.8514100742539407, "RMSE": 1.147883622727125, "MAPE": 42.12230580397636}, "test": {"MSE": 1.415113296179364, "MAE": 0.9684018819424796, "RMSE": 1.1895853463200377, "MAPE": 51.86241583007533}}, "300": {"train": {"MSE": 1.3678061313936072, "MAE": 0.8447471093002005, "RMSE": 1.1695324413600536, "MAPE": 40.620906318007265}, "test": {"MSE": 1.3647362746726497, "MAE": 0.9364233831756684, "RMSE": 1.1682192750818015, "MAPE": 49.311603885708436}}, "500": {"train": {"MSE": 1.3970569152741104, "MAE": 0.8353391855092942, "RMSE": 1.1819716220257195, "MAPE": 38.27782690518786}, "test": {"MSE": 1.3774735124951822, "MAE": 0.9329076148802872, "RMSE": 1.1736581753198767, "MAPE": 48.54251155186464}}, "2000": {"train": {"MSE": 1.3921543482112841, "MAE": 0.8590211299809519, "RMSE": 1.1798959056676501, "MAPE": 41.52678560487221}, "test": {"MSE": 1.4152256234795761, "MAE": 0.9754855615364959, "RMSE": 1.189632558179027, "MAPE": 53.10191434241751}}}