Dataset;RMSE;MAE;MAPE
Vol;0.967613;0.7122352;36.4743385
Vol y VE;0.9560734;0.6956052;35.6412418
Vol e IN;0.9731621;0.7277066;38.4621571
Vol, VE e IN;0.9641482;0.7104746;36.8360595
