{"10": {"train": {"MSE": 1.148791111781713, "MAE": 0.7814958262763649, "RMSE": 1.071816734232916, "MAPE": 37.134029092279484}, "test": {"MSE": 1.6777470458749975, "MAE": 1.0947034353956924, "RMSE": 1.295278752190044, "MAPE": 62.594467292097086}}, "20": {"train": {"MSE": 1.0724155120872432, "MAE": 0.7623934557077344, "RMSE": 1.0355749669083563, "MAPE": 36.37242202115865}, "test": {"MSE": 1.5684830806126158, "MAE": 1.031869195817769, "RMSE": 1.2523909455967077, "MAPE": 57.87131072450854}}, "30": {"train": {"MSE": 1.1270113717273371, "MAE": 0.7808234436448492, "RMSE": 1.0616079180786742, "MAPE": 37.32234524270505}, "test": {"MSE": 1.456931280335413, "MAE": 0.9956140299375975, "RMSE": 1.2070340841647402, "MAPE": 55.03730049582902}}, "40": {"train": {"MSE": 1.0456236839266397, "MAE": 0.7541233164981015, "RMSE": 1.022557423290565, "MAPE": 35.98149930419047}, "test": {"MSE": 1.4443033368777427, "MAE": 0.978980529311291, "RMSE": 1.2017917194246859, "MAPE": 53.610002439914126}}, "50": {"train": {"MSE": 1.045167755474949, "MAE": 0.7599735959645821, "RMSE": 1.0223344636052083, "MAPE": 36.80851755163073}, "test": {"MSE": 1.3532033083302115, "MAE": 0.9443550911240475, "RMSE": 1.1632726715307171, "MAPE": 50.27658725080341}}, "60": {"train": {"MSE": 1.0575441419528089, "MAE": 0.7600155712301352, "RMSE": 1.0283696523880939, "MAPE": 36.11960356945888}, "test": {"MSE": 1.673157809263211, "MAE": 1.0787289312060424, "RMSE": 1.2935060143900416, "MAPE": 61.45563626589805}}, "70": {"train": {"MSE": 1.0066469272204663, "MAE": 0.7455114993377893, "RMSE": 1.003317959183661, "MAPE": 35.837360326224264}, "test": {"MSE": 1.372720582139377, "MAE": 0.9440703321083262, "RMSE": 1.1716315897667564, "MAPE": 49.005741116840554}}, "80": {"train": {"MSE": 0.9986447162003739, "MAE": 0.7447568306374635, "RMSE": 0.9993221283451967, "MAPE": 35.84010142985669}, "test": {"MSE": 1.5101185318272738, "MAE": 1.011511849493501, "RMSE": 1.2288688017145173, "MAPE": 55.13667165456485}}, "90": {"train": {"MSE": 1.002106770088339, "MAE": 0.7317871581969363, "RMSE": 1.0010528308178042, "MAPE": 34.08682059642788}, "test": {"MSE": 1.4094982215466194, "MAE": 0.9666286467271931, "RMSE": 1.187222903058486, "MAPE": 52.0897993120206}}, "200": {"train": {"MSE": 0.9884381513955233, "MAE": 0.7381215549647759, "RMSE": 0.9942022688545441, "MAPE": 35.636605293024815}, "test": {"MSE": 1.4352462753023243, "MAE": 0.9741037550575988, "RMSE": 1.198017643986233, "MAPE": 52.32618555334953}}, "300": {"train": {"MSE": 1.0050334719796252, "MAE": 0.7311822631802976, "RMSE": 1.0025135769552576, "MAPE": 34.46003652700845}, "test": {"MSE": 1.4185768706858146, "MAE": 0.9653703784914484, "RMSE": 1.1910402472988957, "MAPE": 51.46357608882185}}, "500": {"train": {"MSE": 1.2455639276795751, "MAE": 0.8364875016375722, "RMSE": 1.1160483536476253, "MAPE": 40.999870863051655}, "test": {"MSE": 1.4341130681626537, "MAE": 0.9707274974938922, "RMSE": 1.1975445996549163, "MAPE": 52.022686118173844}}, "2000": {"train": {"MSE": 1.2784146684249642, "MAE": 0.8252315769558075, "RMSE": 1.1306700086342452, "MAPE": 37.793091752254234}, "test": {"MSE": 1.4794509047432043, "MAE": 0.9858946519801108, "RMSE": 1.2163268083632803, "MAPE": 52.97215046947347}}}