{"10": {"train": {"MSE": 0.9399167787719098, "MAE": 0.7168968430291602, "RMSE": 0.969493052461909, "MAPE": 34.11688652362427}, "test": {"MSE": 1.9581248676581977, "MAE": 1.197330012286502, "RMSE": 1.399330149628099, "MAPE": 70.01904055035965}}, "20": {"train": {"MSE": 0.8595822361882586, "MAE": 0.6916400252617726, "RMSE": 0.9271365790369068, "MAPE": 32.764265180654725}, "test": {"MSE": 1.6336782687540565, "MAE": 1.068131973660457, "RMSE": 1.2781542429433377, "MAPE": 60.31682288893254}}, "30": {"train": {"MSE": 0.7847534619719647, "MAE": 0.6682840193154682, "RMSE": 0.8858631169497716, "MAPE": 32.352289174879196}, "test": {"MSE": 2.0038368889794245, "MAE": 1.2060514756782914, "RMSE": 1.4155694574903148, "MAPE": 69.19728616227617}}, "40": {"train": {"MSE": 0.7268627650164486, "MAE": 0.6359976372413507, "RMSE": 0.852562469861563, "MAPE": 30.267797653203782}, "test": {"MSE": 1.6820737539028374, "MAE": 1.075268152596209, "RMSE": 1.2969478609037595, "MAPE": 60.10328313714953}}, "50": {"train": {"MSE": 0.6534957615482058, "MAE": 0.5971153372119884, "RMSE": 0.8083908470215417, "MAPE": 28.542181983847797}, "test": {"MSE": 1.6782807057444038, "MAE": 1.0800906479707342, "RMSE": 1.29548473775047, "MAPE": 60.58321899232134}}, "60": {"train": {"MSE": 0.6218318495690826, "MAE": 0.5868894679382222, "RMSE": 0.7885631550922745, "MAPE": 28.457018252309723}, "test": {"MSE": 1.4886803665787696, "MAE": 0.996299174722548, "RMSE": 1.2201148989250028, "MAPE": 53.42405388349846}}, "70": {"train": {"MSE": 0.6490979292437657, "MAE": 0.6009842651262246, "RMSE": 0.8056661400628462, "MAPE": 28.869508288323786}, "test": {"MSE": 1.6901327369416215, "MAE": 1.0752546589313141, "RMSE": 1.3000510516674417, "MAPE": 60.23756605565106}}, "80": {"train": {"MSE": 0.6449532192263437, "MAE": 0.6032031703390726, "RMSE": 0.8030897952448056, "MAPE": 29.01367945743893}, "test": {"MSE": 1.9383095899288287, "MAE": 1.1607837727973815, "RMSE": 1.3922318736219297, "MAPE": 66.33429945681488}}, "90": {"train": {"MSE": 0.6479829821613974, "MAE": 0.5986212817366919, "RMSE": 0.804973901540539, "MAPE": 28.34706160883171}, "test": {"MSE": 1.5130621954444285, "MAE": 0.9868644476013182, "RMSE": 1.2300659313404418, "MAPE": 52.018541612469924}}, "200": {"train": {"MSE": 0.5270973130228358, "MAE": 0.5432715906682141, "RMSE": 0.7260146782420007, "MAPE": 26.480578181821635}, "test": {"MSE": 1.6084002429428854, "MAE": 1.0315112621390248, "RMSE": 1.2682272047795242, "MAPE": 55.516690966094565}}, "300": {"train": {"MSE": 0.5201032874632302, "MAE": 0.5392971754960654, "RMSE": 0.7211818685069877, "MAPE": 26.352485073734407}, "test": {"MSE": 1.4989751666656643, "MAE": 0.9720685980813365, "RMSE": 1.224326413447682, "MAPE": 49.49089241131571}}, "500": {"train": {"MSE": 0.5640295909848928, "MAE": 0.5591700323065982, "RMSE": 0.7510190350349935, "MAPE": 27.4248722821053}, "test": {"MSE": 1.6494355383107575, "MAE": 1.0374923408792707, "RMSE": 1.2843035226576145, "MAPE": 55.94560660071814}}, "2000": {"train": {"MSE": 1.220804937569544, "MAE": 0.8088865151830328, "RMSE": 1.1049004197526326, "MAPE": 35.175238271021364}, "test": {"MSE": 1.5138945826611174, "MAE": 0.9867376609640361, "RMSE": 1.230404235469432, "MAPE": 51.723777792791815}}}