{"10": {"train": {"MSE": 1.4683957210017888, "MAE": 0.8676275156595021, "RMSE": 1.2117737911845547, "MAPE": 41.82439391787328}, "test": {"MSE": 1.3493576489439496, "MAE": 0.9621055224303049, "RMSE": 1.161618547090201, "MAPE": 52.94470038243016}}, "20": {"train": {"MSE": 1.4243596328881767, "MAE": 0.8532125939302238, "RMSE": 1.1934653882237962, "MAPE": 40.80453462801808}, "test": {"MSE": 1.5714721629309993, "MAE": 1.0540489321212865, "RMSE": 1.253583727930049, "MAPE": 60.20001069803781}}, "30": {"train": {"MSE": 1.4118417378538548, "MAE": 0.8537772223438163, "RMSE": 1.1882094671621897, "MAPE": 41.02582370631564}, "test": {"MSE": 1.6095738457481035, "MAE": 1.0674478107864793, "RMSE": 1.268689814630867, "MAPE": 61.174149141715404}}, "40": {"train": {"MSE": 1.411428515764569, "MAE": 0.8531509273765234, "RMSE": 1.1880355700754792, "MAPE": 40.92704456696185}, "test": {"MSE": 1.588176437673018, "MAE": 1.058968474507497, "RMSE": 1.2602287243484882, "MAPE": 60.37717708541337}}, "50": {"train": {"MSE": 1.4198041294009045, "MAE": 0.855157193863189, "RMSE": 1.191555340469298, "MAPE": 41.06758172933921}, "test": {"MSE": 1.6708348262165504, "MAE": 1.0886159007612353, "RMSE": 1.2926077619357508, "MAPE": 63.04144546804342}}, "60": {"train": {"MSE": 1.426955325046236, "MAE": 0.8612505748233971, "RMSE": 1.1945523534137112, "MAPE": 41.69284148221444}, "test": {"MSE": 1.5713704125102845, "MAE": 1.0520613015396791, "RMSE": 1.2535431434578885, "MAPE": 60.05182785015284}}, "70": {"train": {"MSE": 1.4268416531533474, "MAE": 0.8600196607456707, "RMSE": 1.1945047731814835, "MAPE": 41.684119864789984}, "test": {"MSE": 1.5459343170729538, "MAE": 1.042348863672302, "RMSE": 1.2433560701074144, "MAPE": 59.449508985966084}}, "80": {"train": {"MSE": 1.4332976658645438, "MAE": 0.8633512696993294, "RMSE": 1.1972041036784595, "MAPE": 41.996074754896846}, "test": {"MSE": 1.4291711779525775, "MAE": 0.992423544641319, "RMSE": 1.195479476173714, "MAPE": 55.572536573416784}}, "90": {"train": {"MSE": 1.431288681225423, "MAE": 0.8668030639300693, "RMSE": 1.196364777659984, "MAPE": 42.36585527050859}, "test": {"MSE": 1.6738333054256096, "MAE": 1.0909599428507266, "RMSE": 1.2937670986022212, "MAPE": 63.0828131483706}}, "200": {"train": {"MSE": 1.4342246665479186, "MAE": 0.8700313049557575, "RMSE": 1.19759119341615, "MAPE": 42.8365452251249}, "test": {"MSE": 1.522124161420177, "MAE": 1.0303354312931101, "RMSE": 1.2337439610470955, "MAPE": 58.63935560172974}}, "300": {"train": {"MSE": 1.438037508031073, "MAE": 0.8512422392011126, "RMSE": 1.1991820162223386, "MAPE": 40.168797844276554}, "test": {"MSE": 1.4353936883109901, "MAE": 0.992008994211387, "RMSE": 1.1980791661284282, "MAPE": 55.32584883117547}}, "500": {"train": {"MSE": 1.4385268223508436, "MAE": 0.8589258164085516, "RMSE": 1.1993860189075256, "MAPE": 40.82999306250566}, "test": {"MSE": 1.6389402792750432, "MAE": 1.0759874517664787, "RMSE": 1.280211029195985, "MAPE": 61.80532925988855}}, "2000": {"train": {"MSE": 1.4481684071369374, "MAE": 0.8895392370491328, "RMSE": 1.203398690017958, "MAPE": 44.6336758994138}, "test": {"MSE": 1.7143843536946777, "MAE": 1.106431360208457, "RMSE": 1.3093450094206178, "MAPE": 63.96457312554856}}}