{"10": {"train": {"MSE": 1.3237434419379956, "MAE": 0.8340438902787685, "RMSE": 1.1505404999121047, "MAPE": 40.2809626828675}, "test": {"MSE": 1.7452690542784908, "MAE": 1.1189991146733573, "RMSE": 1.3210863159833617, "MAPE": 64.7683229371285}}, "20": {"train": {"MSE": 1.3215108091281247, "MAE": 0.845630088454106, "RMSE": 1.1495698365597997, "MAPE": 41.5112765467229}, "test": {"MSE": 1.5946859826968909, "MAE": 1.0623091412459573, "RMSE": 1.2628087672711537, "MAPE": 59.994453164496406}}, "30": {"train": {"MSE": 1.299480343717265, "MAE": 0.832647300348244, "RMSE": 1.1399475179661847, "MAPE": 40.1305129638678}, "test": {"MSE": 1.6712720795602372, "MAE": 1.091843652103571, "RMSE": 1.2927768869995462, "MAPE": 62.328699136236146}}, "40": {"train": {"MSE": 1.305156756896025, "MAE": 0.8404337077418048, "RMSE": 1.1424345744488063, "MAPE": 41.19521535817828}, "test": {"MSE": 1.5390708016121395, "MAE": 1.0291532687373541, "RMSE": 1.240592923408859, "MAPE": 57.52709328071099}}, "50": {"train": {"MSE": 1.2965916351480427, "MAE": 0.8366794953490978, "RMSE": 1.1386797772631438, "MAPE": 40.82113467959817}, "test": {"MSE": 1.5329397940654108, "MAE": 1.0289041884273114, "RMSE": 1.2381194587217386, "MAPE": 57.32766877215544}}, "60": {"train": {"MSE": 1.3115648830022681, "MAE": 0.8362604363484507, "RMSE": 1.1452357325032554, "MAPE": 40.17416460431746}, "test": {"MSE": 1.5303823607575346, "MAE": 1.0278480426515797, "RMSE": 1.2370862382055403, "MAPE": 57.27549092921828}}, "70": {"train": {"MSE": 1.2925319816443988, "MAE": 0.8332539901478859, "RMSE": 1.136895765514323, "MAPE": 40.49720980675999}, "test": {"MSE": 1.6199151765669295, "MAE": 1.0653944546225869, "RMSE": 1.2727588839080752, "MAPE": 60.42764449769024}}, "80": {"train": {"MSE": 1.2936253137522842, "MAE": 0.8365809718979348, "RMSE": 1.137376504835705, "MAPE": 40.617009076227916}, "test": {"MSE": 1.5158356947934881, "MAE": 1.0187941358799555, "RMSE": 1.2311927935110276, "MAPE": 56.65485160858845}}, "90": {"train": {"MSE": 1.2993755096689714, "MAE": 0.8297061812183436, "RMSE": 1.1399015350761537, "MAPE": 39.3019411999822}, "test": {"MSE": 1.436210436999637, "MAE": 0.9803281938096653, "RMSE": 1.1984199752172178, "MAPE": 53.36200787938562}}, "200": {"train": {"MSE": 1.365580659588662, "MAE": 0.8516544063057544, "RMSE": 1.1685806174965687, "MAPE": 41.25596868751957}, "test": {"MSE": 1.5227922836528194, "MAE": 1.0264234260352216, "RMSE": 1.234014701554572, "MAPE": 57.4293310172149}}, "300": {"train": {"MSE": 1.3576558848678528, "MAE": 0.8551150726538763, "RMSE": 1.1651849144525743, "MAPE": 41.93969433081199}, "test": {"MSE": 1.5076212791753478, "MAE": 1.0176093368450982, "RMSE": 1.227852303485785, "MAPE": 56.85512588444532}}, "500": {"train": {"MSE": 1.377619579600231, "MAE": 0.8762681503958489, "RMSE": 1.1737204009474451, "MAPE": 44.084054078143495}, "test": {"MSE": 1.5233613907571617, "MAE": 1.026219016976257, "RMSE": 1.2342452717175634, "MAPE": 57.30218144366276}}, "2000": {"train": {"MSE": 1.3878214449277055, "MAE": 0.8444794153664634, "RMSE": 1.1780583368100688, "MAPE": 39.00774478685719}, "test": {"MSE": 1.4482635367808694, "MAE": 0.9860449997086711, "RMSE": 1.2034382147750127, "MAPE": 53.75974206099935}}}