{"10": {"train": {"MSE": 1.2850621507773483, "MAE": 0.8189433765580628, "RMSE": 1.1336058180767017, "MAPE": 39.299605340090416}, "test": {"MSE": 1.8224165023624728, "MAE": 1.1402204717646993, "RMSE": 1.349969074594849, "MAPE": 65.82737511930978}}, "20": {"train": {"MSE": 1.246795230102808, "MAE": 0.8184653124361468, "RMSE": 1.1165998522760103, "MAPE": 39.57131098414949}, "test": {"MSE": 1.7946036037006639, "MAE": 1.1326494225414079, "RMSE": 1.3396281587443075, "MAPE": 65.18824525281296}}, "30": {"train": {"MSE": 1.2619395040576333, "MAE": 0.8140252466887924, "RMSE": 1.12336080760263, "MAPE": 38.91437418554912}, "test": {"MSE": 1.478406923817753, "MAE": 1.0034918203923844, "RMSE": 1.215897579493336, "MAPE": 55.19989628266313}}, "40": {"train": {"MSE": 1.1773799605608246, "MAE": 0.7942942550790828, "RMSE": 1.0850714080468735, "MAPE": 38.16233626621137}, "test": {"MSE": 1.541169002137487, "MAE": 1.0303245052242729, "RMSE": 1.241438279632736, "MAPE": 57.426479989581544}}, "50": {"train": {"MSE": 1.2206563472087653, "MAE": 0.8070958458497911, "RMSE": 1.1048331761894035, "MAPE": 38.638211292031436}, "test": {"MSE": 1.5688454135245062, "MAE": 1.0370182324215471, "RMSE": 1.2525355937156062, "MAPE": 58.027392031990054}}, "60": {"train": {"MSE": 1.2145153644360567, "MAE": 0.8107799500421734, "RMSE": 1.1020505271701733, "MAPE": 39.36122449244713}, "test": {"MSE": 1.5120101447330243, "MAE": 1.0120209132702354, "RMSE": 1.2296382170106068, "MAPE": 55.953762525490745}}, "70": {"train": {"MSE": 1.1966030585690186, "MAE": 0.8140316748118951, "RMSE": 1.0938935316423708, "MAPE": 39.829522783346135}, "test": {"MSE": 1.5406281205847157, "MAE": 1.0240031099893725, "RMSE": 1.2412204157943567, "MAPE": 56.91185871155721}}, "80": {"train": {"MSE": 1.1930406855551656, "MAE": 0.8045970112443481, "RMSE": 1.0922640182461225, "MAPE": 39.37646045084482}, "test": {"MSE": 1.5055300020089182, "MAE": 1.0090637124256556, "RMSE": 1.2270004083165247, "MAPE": 55.5488016954088}}, "90": {"train": {"MSE": 1.1875355346915324, "MAE": 0.8006888465571614, "RMSE": 1.0897410401978684, "MAPE": 38.40662826178559}, "test": {"MSE": 1.5496678833288053, "MAE": 1.0290217787806097, "RMSE": 1.244856571388369, "MAPE": 57.12737485642035}}, "200": {"train": {"MSE": 1.18895137403885, "MAE": 0.7848211671910819, "RMSE": 1.09039046861152, "MAPE": 36.22118690885466}, "test": {"MSE": 1.4478121090371046, "MAE": 0.9770226528387183, "RMSE": 1.2032506426497784, "MAPE": 52.40864861919137}}, "300": {"train": {"MSE": 1.298117660332634, "MAE": 0.8367533008486818, "RMSE": 1.1393496655253093, "MAPE": 40.38875503303296}, "test": {"MSE": 1.5549558547969151, "MAE": 1.0252531335138424, "RMSE": 1.2469786905945566, "MAPE": 56.7297158251827}}, "500": {"train": {"MSE": 1.3143945781197175, "MAE": 0.8350767631679377, "RMSE": 1.146470487243225, "MAPE": 39.96886004799895}, "test": {"MSE": 1.529862006646267, "MAE": 1.0216661681234376, "RMSE": 1.236875905920342, "MAPE": 56.71136509299114}}, "2000": {"train": {"MSE": 1.323989549036274, "MAE": 0.858583216929617, "RMSE": 1.1506474477598576, "MAPE": 42.87272131072444}, "test": {"MSE": 1.6850270428338976, "MAE": 1.0931904863249888, "RMSE": 1.298085915043337, "MAPE": 62.151892052633926}}}