{"10": {"train": {"MSE": 1.257637754148353, "MAE": 0.8155419758245184, "RMSE": 1.1214444944571946, "MAPE": 39.061075257437416}, "test": {"MSE": 1.4615161110362842, "MAE": 0.9973529841848425, "RMSE": 1.2089318057840501, "MAPE": 55.580483938824166}}, "20": {"train": {"MSE": 1.2131469783044238, "MAE": 0.8043114505554535, "RMSE": 1.1014295158131653, "MAPE": 38.26227487132451}, "test": {"MSE": 1.5295843527128712, "MAE": 1.0270503226829202, "RMSE": 1.2367636608151418, "MAPE": 57.40175682421176}}, "30": {"train": {"MSE": 1.140730503356572, "MAE": 0.7797829012902698, "RMSE": 1.0680498599581258, "MAPE": 37.13771777231695}, "test": {"MSE": 1.4439585895932048, "MAE": 0.9795616519333771, "RMSE": 1.2016482803188313, "MAPE": 53.44389195374741}}, "40": {"train": {"MSE": 1.140840402612489, "MAE": 0.7841074148173084, "RMSE": 1.0681013072796461, "MAPE": 37.84054805277292}, "test": {"MSE": 1.4687077419468109, "MAE": 0.9949487821550137, "RMSE": 1.2119025298871238, "MAPE": 54.654434686691545}}, "50": {"train": {"MSE": 1.143748378475937, "MAE": 0.7896786276528197, "RMSE": 1.069461723707743, "MAPE": 38.46810691414157}, "test": {"MSE": 1.4628812352271325, "MAE": 0.9888030696010095, "RMSE": 1.2094962733415646, "MAPE": 54.02031411261626}}, "60": {"train": {"MSE": 1.1488974603744928, "MAE": 0.7830621291320324, "RMSE": 1.071866344454612, "MAPE": 36.88910659756511}, "test": {"MSE": 1.477249778879563, "MAE": 0.998252663318692, "RMSE": 1.215421646540641, "MAPE": 54.936462283408225}}, "70": {"train": {"MSE": 1.1193845980250288, "MAE": 0.7752840297866909, "RMSE": 1.0580097343715835, "MAPE": 36.890862467617644}, "test": {"MSE": 1.482668276935708, "MAE": 0.9990374666644967, "RMSE": 1.217648667282853, "MAPE": 54.8800621169631}}, "80": {"train": {"MSE": 1.0821379527616684, "MAE": 0.7708427057728031, "RMSE": 1.0402585989847277, "MAPE": 37.70965210014178}, "test": {"MSE": 1.3715591396396796, "MAE": 0.944967861026283, "RMSE": 1.171135833129394, "MAPE": 49.35878637085301}}, "90": {"train": {"MSE": 1.1242733470870265, "MAE": 0.7879384838391951, "RMSE": 1.0603175689797026, "MAPE": 38.33189166100072}, "test": {"MSE": 1.4089158287101036, "MAE": 0.9660355795612396, "RMSE": 1.1869776024466947, "MAPE": 51.45194754150248}}, "200": {"train": {"MSE": 1.1229838668326497, "MAE": 0.7797201689365554, "RMSE": 1.0597093312945063, "MAPE": 36.921022134540706}, "test": {"MSE": 1.3927246497701582, "MAE": 0.9493206932356802, "RMSE": 1.1801375554443465, "MAPE": 49.60790872212606}}, "300": {"train": {"MSE": 1.1260338510169168, "MAE": 0.7982854363164784, "RMSE": 1.0611474219056072, "MAPE": 39.68216429582806}, "test": {"MSE": 1.4045531510974845, "MAE": 0.9599559255545637, "RMSE": 1.1851384522904842, "MAPE": 50.558252668051686}}, "500": {"train": {"MSE": 1.2818929660272202, "MAE": 0.8413588345847699, "RMSE": 1.132207121522922, "MAPE": 40.86790090978261}, "test": {"MSE": 1.4172905521405497, "MAE": 0.9681252024523198, "RMSE": 1.190500126896486, "MAPE": 52.59568807149374}}, "2000": {"train": {"MSE": 1.379137480060841, "MAE": 0.9170886418821247, "RMSE": 1.174366842200869, "MAPE": 48.83699488186175}, "test": {"MSE": 1.8445884691898322, "MAE": 1.143668249914484, "RMSE": 1.358156275687681, "MAPE": 66.12331884592815}}}