{"10": {"train": {"MSE": 1.4782795778701876, "MAE": 0.9934747445042679, "RMSE": 1.2158452113119447, "MAPE": 56.130260988893966}, "test": {"MSE": 2.88026352667542, "MAE": 1.4546016923865226, "RMSE": 1.6971339153630216, "MAPE": 85.8471016238374}}, "20": {"train": {"MSE": 1.4782795778701876, "MAE": 0.9934747445042679, "RMSE": 1.2158452113119447, "MAPE": 56.130260988893966}, "test": {"MSE": 2.88026352667542, "MAE": 1.4546016923865226, "RMSE": 1.6971339153630216, "MAPE": 85.8471016238374}}, "30": {"train": {"MSE": 1.4782795778701876, "MAE": 0.9934747445042679, "RMSE": 1.2158452113119447, "MAPE": 56.130260988893966}, "test": {"MSE": 2.88026352667542, "MAE": 1.4546016923865226, "RMSE": 1.6971339153630216, "MAPE": 85.8471016238374}}, "40": {"train": {"MSE": 1.4782795778701876, "MAE": 0.9934747445042679, "RMSE": 1.2158452113119447, "MAPE": 56.130260988893966}, "test": {"MSE": 2.88026352667542, "MAE": 1.4546016923865226, "RMSE": 1.6971339153630216, "MAPE": 85.8471016238374}}, "50": {"train": {"MSE": 1.4782795778701876, "MAE": 0.9934747445042679, "RMSE": 1.2158452113119447, "MAPE": 56.130260988893966}, "test": {"MSE": 2.88026352667542, "MAE": 1.4546016923865226, "RMSE": 1.6971339153630216, "MAPE": 85.8471016238374}}, "60": {"train": {"MSE": 1.4782795778701876, "MAE": 0.9934747445042679, "RMSE": 1.2158452113119447, "MAPE": 56.130260988893966}, "test": {"MSE": 2.88026352667542, "MAE": 1.4546016923865226, "RMSE": 1.6971339153630216, "MAPE": 85.8471016238374}}, "70": {"train": {"MSE": 1.4782795778701876, "MAE": 0.9934747445042679, "RMSE": 1.2158452113119447, "MAPE": 56.130260988893966}, "test": {"MSE": 2.88026352667542, "MAE": 1.4546016923865226, "RMSE": 1.6971339153630216, "MAPE": 85.8471016238374}}, "80": {"train": {"MSE": 1.4782795778701876, "MAE": 0.9934747445042679, "RMSE": 1.2158452113119447, "MAPE": 56.130260988893966}, "test": {"MSE": 2.88026352667542, "MAE": 1.4546016923865226, "RMSE": 1.6971339153630216, "MAPE": 85.8471016238374}}, "90": {"train": {"MSE": 1.4782795778701876, "MAE": 0.9934747445042679, "RMSE": 1.2158452113119447, "MAPE": 56.130260988893966}, "test": {"MSE": 2.88026352667542, "MAE": 1.4546016923865226, "RMSE": 1.6971339153630216, "MAPE": 85.8471016238374}}, "200": {"train": {"MSE": 1.4782795778701876, "MAE": 0.9934747445042679, "RMSE": 1.2158452113119447, "MAPE": 56.130260988893966}, "test": {"MSE": 2.88026352667542, "MAE": 1.4546016923865226, "RMSE": 1.6971339153630216, "MAPE": 85.8471016238374}}, "300": {"train": {"MSE": 1.4782795778701876, "MAE": 0.9934747445042679, "RMSE": 1.2158452113119447, "MAPE": 56.130260988893966}, "test": {"MSE": 2.88026352667542, "MAE": 1.4546016923865226, "RMSE": 1.6971339153630216, "MAPE": 85.8471016238374}}, "500": {"train": {"MSE": 1.4782795778701876, "MAE": 0.9934747445042679, "RMSE": 1.2158452113119447, "MAPE": 56.130260988893966}, "test": {"MSE": 2.88026352667542, "MAE": 1.4546016923865226, "RMSE": 1.6971339153630216, "MAPE": 85.8471016238374}}}