{"10": {"train": {"MSE": 1.4872838700763487, "MAE": 0.9951500512960235, "RMSE": 1.21954248391614, "MAPE": 56.29958656881582}, "test": {"MSE": 2.847427409413138, "MAE": 1.4442467502167806, "RMSE": 1.6874321940194037, "MAPE": 84.90023510663588}}, "20": {"train": {"MSE": 1.4872838700763487, "MAE": 0.9951500512960235, "RMSE": 1.21954248391614, "MAPE": 56.29958656881582}, "test": {"MSE": 2.847427409413138, "MAE": 1.4442467502167806, "RMSE": 1.6874321940194037, "MAPE": 84.90023510663588}}, "30": {"train": {"MSE": 1.4872838700763487, "MAE": 0.9951500512960235, "RMSE": 1.21954248391614, "MAPE": 56.29958656881582}, "test": {"MSE": 2.847427409413138, "MAE": 1.4442467502167806, "RMSE": 1.6874321940194037, "MAPE": 84.90023510663588}}, "40": {"train": {"MSE": 1.4872838700763487, "MAE": 0.9951500512960235, "RMSE": 1.21954248391614, "MAPE": 56.29958656881582}, "test": {"MSE": 2.847427409413138, "MAE": 1.4442467502167806, "RMSE": 1.6874321940194037, "MAPE": 84.90023510663588}}, "50": {"train": {"MSE": 1.4872838700763487, "MAE": 0.9951500512960235, "RMSE": 1.21954248391614, "MAPE": 56.29958656881582}, "test": {"MSE": 2.847427409413138, "MAE": 1.4442467502167806, "RMSE": 1.6874321940194037, "MAPE": 84.90023510663588}}, "60": {"train": {"MSE": 1.4872838700763487, "MAE": 0.9951500512960235, "RMSE": 1.21954248391614, "MAPE": 56.29958656881582}, "test": {"MSE": 2.847427409413138, "MAE": 1.4442467502167806, "RMSE": 1.6874321940194037, "MAPE": 84.90023510663588}}, "70": {"train": {"MSE": 1.4872838700763487, "MAE": 0.9951500512960235, "RMSE": 1.21954248391614, "MAPE": 56.29958656881582}, "test": {"MSE": 2.847427409413138, "MAE": 1.4442467502167806, "RMSE": 1.6874321940194037, "MAPE": 84.90023510663588}}, "80": {"train": {"MSE": 1.4872838700763487, "MAE": 0.9951500512960235, "RMSE": 1.21954248391614, "MAPE": 56.29958656881582}, "test": {"MSE": 2.847427409413138, "MAE": 1.4442467502167806, "RMSE": 1.6874321940194037, "MAPE": 84.90023510663588}}, "90": {"train": {"MSE": 1.4872838700763487, "MAE": 0.9951500512960235, "RMSE": 1.21954248391614, "MAPE": 56.29958656881582}, "test": {"MSE": 2.847427409413138, "MAE": 1.4442467502167806, "RMSE": 1.6874321940194037, "MAPE": 84.90023510663588}}, "200": {"train": {"MSE": 1.4872838700763487, "MAE": 0.9951500512960235, "RMSE": 1.21954248391614, "MAPE": 56.29958656881582}, "test": {"MSE": 2.847427409413138, "MAE": 1.4442467502167806, "RMSE": 1.6874321940194037, "MAPE": 84.90023510663588}}, "300": {"train": {"MSE": 1.4872838700763487, "MAE": 0.9951500512960235, "RMSE": 1.21954248391614, "MAPE": 56.29958656881582}, "test": {"MSE": 2.847427409413138, "MAE": 1.4442467502167806, "RMSE": 1.6874321940194037, "MAPE": 84.90023510663588}}, "500": {"train": {"MSE": 1.4872838700763487, "MAE": 0.9951500512960235, "RMSE": 1.21954248391614, "MAPE": 56.29958656881582}, "test": {"MSE": 2.847427409413138, "MAE": 1.4442467502167806, "RMSE": 1.6874321940194037, "MAPE": 84.90023510663588}}}