{"10": {"train": {"MSE": 1.4885060806860582, "MAE": 0.9955194248512442, "RMSE": 1.2200434749163893, "MAPE": 56.27397090902897}, "test": {"MSE": 2.8327974783178944, "MAE": 1.4433357908347924, "RMSE": 1.683091642875662, "MAPE": 84.74215763307143}}, "20": {"train": {"MSE": 1.4885060806860582, "MAE": 0.9955194248512442, "RMSE": 1.2200434749163893, "MAPE": 56.27397090902897}, "test": {"MSE": 2.8327974783178944, "MAE": 1.4433357908347924, "RMSE": 1.683091642875662, "MAPE": 84.74215763307143}}, "30": {"train": {"MSE": 1.4885060806860582, "MAE": 0.9955194248512442, "RMSE": 1.2200434749163893, "MAPE": 56.27397090902897}, "test": {"MSE": 2.8327974783178944, "MAE": 1.4433357908347924, "RMSE": 1.683091642875662, "MAPE": 84.74215763307143}}, "40": {"train": {"MSE": 1.4885060806860582, "MAE": 0.9955194248512442, "RMSE": 1.2200434749163893, "MAPE": 56.27397090902897}, "test": {"MSE": 2.8327974783178944, "MAE": 1.4433357908347924, "RMSE": 1.683091642875662, "MAPE": 84.74215763307143}}, "50": {"train": {"MSE": 1.4885060806860582, "MAE": 0.9955194248512442, "RMSE": 1.2200434749163893, "MAPE": 56.27397090902897}, "test": {"MSE": 2.8327974783178944, "MAE": 1.4433357908347924, "RMSE": 1.683091642875662, "MAPE": 84.74215763307143}}, "60": {"train": {"MSE": 1.4885060806860582, "MAE": 0.9955194248512442, "RMSE": 1.2200434749163893, "MAPE": 56.27397090902897}, "test": {"MSE": 2.8327974783178944, "MAE": 1.4433357908347924, "RMSE": 1.683091642875662, "MAPE": 84.74215763307143}}, "70": {"train": {"MSE": 1.4885060806860582, "MAE": 0.9955194248512442, "RMSE": 1.2200434749163893, "MAPE": 56.27397090902897}, "test": {"MSE": 2.8327974783178944, "MAE": 1.4433357908347924, "RMSE": 1.683091642875662, "MAPE": 84.74215763307143}}, "80": {"train": {"MSE": 1.4885060806860582, "MAE": 0.9955194248512442, "RMSE": 1.2200434749163893, "MAPE": 56.27397090902897}, "test": {"MSE": 2.8327974783178944, "MAE": 1.4433357908347924, "RMSE": 1.683091642875662, "MAPE": 84.74215763307143}}, "90": {"train": {"MSE": 1.4885060806860582, "MAE": 0.9955194248512442, "RMSE": 1.2200434749163893, "MAPE": 56.27397090902897}, "test": {"MSE": 2.8327974783178944, "MAE": 1.4433357908347924, "RMSE": 1.683091642875662, "MAPE": 84.74215763307143}}, "200": {"train": {"MSE": 1.4885060806860582, "MAE": 0.9955194248512442, "RMSE": 1.2200434749163893, "MAPE": 56.27397090902897}, "test": {"MSE": 2.8327974783178944, "MAE": 1.4433357908347924, "RMSE": 1.683091642875662, "MAPE": 84.74215763307143}}, "300": {"train": {"MSE": 1.4885060806860582, "MAE": 0.9955194248512442, "RMSE": 1.2200434749163893, "MAPE": 56.27397090902897}, "test": {"MSE": 2.8327974783178944, "MAE": 1.4433357908347924, "RMSE": 1.683091642875662, "MAPE": 84.74215763307143}}, "500": {"train": {"MSE": 1.4885060806860582, "MAE": 0.9955194248512442, "RMSE": 1.2200434749163893, "MAPE": 56.27397090902897}, "test": {"MSE": 2.8327974783178944, "MAE": 1.4433357908347924, "RMSE": 1.683091642875662, "MAPE": 84.74215763307143}}}