{"10": {"train": {"MSE": 1.494499460766589, "MAE": 0.9942309501348545, "RMSE": 1.2224972232142652, "MAPE": 56.25117274123157}, "test": {"MSE": 2.8801641990098186, "MAE": 1.4531690817658203, "RMSE": 1.6971046517554003, "MAPE": 85.7222916334015}}, "20": {"train": {"MSE": 1.494499460766589, "MAE": 0.9942309501348545, "RMSE": 1.2224972232142652, "MAPE": 56.25117274123157}, "test": {"MSE": 2.8801641990098186, "MAE": 1.4531690817658203, "RMSE": 1.6971046517554003, "MAPE": 85.7222916334015}}, "30": {"train": {"MSE": 1.494499460766589, "MAE": 0.9942309501348545, "RMSE": 1.2224972232142652, "MAPE": 56.25117274123157}, "test": {"MSE": 2.8801641990098186, "MAE": 1.4531690817658203, "RMSE": 1.6971046517554003, "MAPE": 85.7222916334015}}, "40": {"train": {"MSE": 1.494499460766589, "MAE": 0.9942309501348545, "RMSE": 1.2224972232142652, "MAPE": 56.25117274123157}, "test": {"MSE": 2.8801641990098186, "MAE": 1.4531690817658203, "RMSE": 1.6971046517554003, "MAPE": 85.7222916334015}}, "50": {"train": {"MSE": 1.494499460766589, "MAE": 0.9942309501348545, "RMSE": 1.2224972232142652, "MAPE": 56.25117274123157}, "test": {"MSE": 2.8801641990098186, "MAE": 1.4531690817658203, "RMSE": 1.6971046517554003, "MAPE": 85.7222916334015}}, "60": {"train": {"MSE": 1.494499460766589, "MAE": 0.9942309501348545, "RMSE": 1.2224972232142652, "MAPE": 56.25117274123157}, "test": {"MSE": 2.8801641990098186, "MAE": 1.4531690817658203, "RMSE": 1.6971046517554003, "MAPE": 85.7222916334015}}, "70": {"train": {"MSE": 1.494499460766589, "MAE": 0.9942309501348545, "RMSE": 1.2224972232142652, "MAPE": 56.25117274123157}, "test": {"MSE": 2.8801641990098186, "MAE": 1.4531690817658203, "RMSE": 1.6971046517554003, "MAPE": 85.7222916334015}}, "80": {"train": {"MSE": 1.494499460766589, "MAE": 0.9942309501348545, "RMSE": 1.2224972232142652, "MAPE": 56.25117274123157}, "test": {"MSE": 2.8801641990098186, "MAE": 1.4531690817658203, "RMSE": 1.6971046517554003, "MAPE": 85.7222916334015}}, "90": {"train": {"MSE": 1.494499460766589, "MAE": 0.9942309501348545, "RMSE": 1.2224972232142652, "MAPE": 56.25117274123157}, "test": {"MSE": 2.8801641990098186, "MAE": 1.4531690817658203, "RMSE": 1.6971046517554003, "MAPE": 85.7222916334015}}, "200": {"train": {"MSE": 1.494499460766589, "MAE": 0.9942309501348545, "RMSE": 1.2224972232142652, "MAPE": 56.25117274123157}, "test": {"MSE": 2.8801641990098186, "MAE": 1.4531690817658203, "RMSE": 1.6971046517554003, "MAPE": 85.7222916334015}}, "300": {"train": {"MSE": 1.494499460766589, "MAE": 0.9942309501348545, "RMSE": 1.2224972232142652, "MAPE": 56.25117274123157}, "test": {"MSE": 2.8801641990098186, "MAE": 1.4531690817658203, "RMSE": 1.6971046517554003, "MAPE": 85.7222916334015}}, "500": {"train": {"MSE": 1.494499460766589, "MAE": 0.9942309501348545, "RMSE": 1.2224972232142652, "MAPE": 56.25117274123157}, "test": {"MSE": 2.8801641990098186, "MAE": 1.4531690817658203, "RMSE": 1.6971046517554003, "MAPE": 85.7222916334015}}}