{"10": {"train": {"MSE": 1.4834964963615203, "MAE": 0.9932231885498755, "RMSE": 1.217988709455683, "MAPE": 56.15633727534197}, "test": {"MSE": 2.849280677598384, "MAE": 1.4442626301035184, "RMSE": 1.6879812432602395, "MAPE": 84.89223199691331}}, "20": {"train": {"MSE": 1.4834964963615203, "MAE": 0.9932231885498755, "RMSE": 1.217988709455683, "MAPE": 56.15633727534197}, "test": {"MSE": 2.849280677598384, "MAE": 1.4442626301035184, "RMSE": 1.6879812432602395, "MAPE": 84.89223199691331}}, "30": {"train": {"MSE": 1.4834964963615203, "MAE": 0.9932231885498755, "RMSE": 1.217988709455683, "MAPE": 56.15633727534197}, "test": {"MSE": 2.849280677598384, "MAE": 1.4442626301035184, "RMSE": 1.6879812432602395, "MAPE": 84.89223199691331}}, "40": {"train": {"MSE": 1.4834964963615203, "MAE": 0.9932231885498755, "RMSE": 1.217988709455683, "MAPE": 56.15633727534197}, "test": {"MSE": 2.849280677598384, "MAE": 1.4442626301035184, "RMSE": 1.6879812432602395, "MAPE": 84.89223199691331}}, "50": {"train": {"MSE": 1.4834964963615203, "MAE": 0.9932231885498755, "RMSE": 1.217988709455683, "MAPE": 56.15633727534197}, "test": {"MSE": 2.849280677598384, "MAE": 1.4442626301035184, "RMSE": 1.6879812432602395, "MAPE": 84.89223199691331}}, "60": {"train": {"MSE": 1.4834964963615203, "MAE": 0.9932231885498755, "RMSE": 1.217988709455683, "MAPE": 56.15633727534197}, "test": {"MSE": 2.849280677598384, "MAE": 1.4442626301035184, "RMSE": 1.6879812432602395, "MAPE": 84.89223199691331}}, "70": {"train": {"MSE": 1.4834964963615203, "MAE": 0.9932231885498755, "RMSE": 1.217988709455683, "MAPE": 56.15633727534197}, "test": {"MSE": 2.849280677598384, "MAE": 1.4442626301035184, "RMSE": 1.6879812432602395, "MAPE": 84.89223199691331}}, "80": {"train": {"MSE": 1.4834964963615203, "MAE": 0.9932231885498755, "RMSE": 1.217988709455683, "MAPE": 56.15633727534197}, "test": {"MSE": 2.849280677598384, "MAE": 1.4442626301035184, "RMSE": 1.6879812432602395, "MAPE": 84.89223199691331}}, "90": {"train": {"MSE": 1.4834964963615203, "MAE": 0.9932231885498755, "RMSE": 1.217988709455683, "MAPE": 56.15633727534197}, "test": {"MSE": 2.849280677598384, "MAE": 1.4442626301035184, "RMSE": 1.6879812432602395, "MAPE": 84.89223199691331}}, "200": {"train": {"MSE": 1.4834964963615203, "MAE": 0.9932231885498755, "RMSE": 1.217988709455683, "MAPE": 56.15633727534197}, "test": {"MSE": 2.849280677598384, "MAE": 1.4442626301035184, "RMSE": 1.6879812432602395, "MAPE": 84.89223199691331}}, "300": {"train": {"MSE": 1.4834964963615203, "MAE": 0.9932231885498755, "RMSE": 1.217988709455683, "MAPE": 56.15633727534197}, "test": {"MSE": 2.849280677598384, "MAE": 1.4442626301035184, "RMSE": 1.6879812432602395, "MAPE": 84.89223199691331}}, "500": {"train": {"MSE": 1.4834964963615203, "MAE": 0.9932231885498755, "RMSE": 1.217988709455683, "MAPE": 56.15633727534197}, "test": {"MSE": 2.849280677598384, "MAE": 1.4442626301035184, "RMSE": 1.6879812432602395, "MAPE": 84.89223199691331}}}