{"10": {"train": {"MSE": 1.4846140916126436, "MAE": 0.9934871510656706, "RMSE": 1.218447410277786, "MAPE": 56.19415586484842}, "test": {"MSE": 2.8474637442183135, "MAE": 1.4442626301035184, "RMSE": 1.687442960285862, "MAPE": 84.90128115485751}}, "20": {"train": {"MSE": 1.4846140916126436, "MAE": 0.9934871510656706, "RMSE": 1.218447410277786, "MAPE": 56.19415586484842}, "test": {"MSE": 2.8474637442183135, "MAE": 1.4442626301035184, "RMSE": 1.687442960285862, "MAPE": 84.90128115485751}}, "30": {"train": {"MSE": 1.4846140916126436, "MAE": 0.9934871510656706, "RMSE": 1.218447410277786, "MAPE": 56.19415586484842}, "test": {"MSE": 2.8474637442183135, "MAE": 1.4442626301035184, "RMSE": 1.687442960285862, "MAPE": 84.90128115485751}}, "40": {"train": {"MSE": 1.4846140916126436, "MAE": 0.9934871510656706, "RMSE": 1.218447410277786, "MAPE": 56.19415586484842}, "test": {"MSE": 2.8474637442183135, "MAE": 1.4442626301035184, "RMSE": 1.687442960285862, "MAPE": 84.90128115485751}}, "50": {"train": {"MSE": 1.4846140916126436, "MAE": 0.9934871510656706, "RMSE": 1.218447410277786, "MAPE": 56.19415586484842}, "test": {"MSE": 2.8474637442183135, "MAE": 1.4442626301035184, "RMSE": 1.687442960285862, "MAPE": 84.90128115485751}}, "60": {"train": {"MSE": 1.4846140916126436, "MAE": 0.9934871510656706, "RMSE": 1.218447410277786, "MAPE": 56.19415586484842}, "test": {"MSE": 2.8474637442183135, "MAE": 1.4442626301035184, "RMSE": 1.687442960285862, "MAPE": 84.90128115485751}}, "70": {"train": {"MSE": 1.4846140916126436, "MAE": 0.9934871510656706, "RMSE": 1.218447410277786, "MAPE": 56.19415586484842}, "test": {"MSE": 2.8474637442183135, "MAE": 1.4442626301035184, "RMSE": 1.687442960285862, "MAPE": 84.90128115485751}}, "80": {"train": {"MSE": 1.4846140916126436, "MAE": 0.9934871510656706, "RMSE": 1.218447410277786, "MAPE": 56.19415586484842}, "test": {"MSE": 2.8474637442183135, "MAE": 1.4442626301035184, "RMSE": 1.687442960285862, "MAPE": 84.90128115485751}}, "90": {"train": {"MSE": 1.4846140916126436, "MAE": 0.9934871510656706, "RMSE": 1.218447410277786, "MAPE": 56.19415586484842}, "test": {"MSE": 2.8474637442183135, "MAE": 1.4442626301035184, "RMSE": 1.687442960285862, "MAPE": 84.90128115485751}}, "200": {"train": {"MSE": 1.4846140916126436, "MAE": 0.9934871510656706, "RMSE": 1.218447410277786, "MAPE": 56.19415586484842}, "test": {"MSE": 2.8474637442183135, "MAE": 1.4442626301035184, "RMSE": 1.687442960285862, "MAPE": 84.90128115485751}}, "300": {"train": {"MSE": 1.4846140916126436, "MAE": 0.9934871510656706, "RMSE": 1.218447410277786, "MAPE": 56.19415586484842}, "test": {"MSE": 2.8474637442183135, "MAE": 1.4442626301035184, "RMSE": 1.687442960285862, "MAPE": 84.90128115485751}}, "500": {"train": {"MSE": 1.4846140916126436, "MAE": 0.9934871510656706, "RMSE": 1.218447410277786, "MAPE": 56.19415586484842}, "test": {"MSE": 2.8474637442183135, "MAE": 1.4442626301035184, "RMSE": 1.687442960285862, "MAPE": 84.90128115485751}}}