{"10": {"train": {"MSE": 1.107108608315723, "MAE": 0.8314300375411503, "RMSE": 1.0521922867592801, "MAPE": 44.93368338293865}, "test": {"MSE": 1.3434446372941986, "MAE": 0.9082820579059215, "RMSE": 1.159070592023712, "MAPE": 48.3381121520043}}, "20": {"train": {"MSE": 1.107108608315723, "MAE": 0.8314300375411503, "RMSE": 1.0521922867592801, "MAPE": 44.93368338293865}, "test": {"MSE": 1.3434446372941986, "MAE": 0.9082820579059215, "RMSE": 1.159070592023712, "MAPE": 48.3381121520043}}, "30": {"train": {"MSE": 1.107108608315723, "MAE": 0.8314300375411503, "RMSE": 1.0521922867592801, "MAPE": 44.93368338293865}, "test": {"MSE": 1.3434446372941986, "MAE": 0.9082820579059215, "RMSE": 1.159070592023712, "MAPE": 48.3381121520043}}, "40": {"train": {"MSE": 1.107108608315723, "MAE": 0.8314300375411503, "RMSE": 1.0521922867592801, "MAPE": 44.93368338293865}, "test": {"MSE": 1.3434446372941986, "MAE": 0.9082820579059215, "RMSE": 1.159070592023712, "MAPE": 48.3381121520043}}, "50": {"train": {"MSE": 1.107108608315723, "MAE": 0.8314300375411503, "RMSE": 1.0521922867592801, "MAPE": 44.93368338293865}, "test": {"MSE": 1.3434446372941986, "MAE": 0.9082820579059215, "RMSE": 1.159070592023712, "MAPE": 48.3381121520043}}, "60": {"train": {"MSE": 1.107108608315723, "MAE": 0.8314300375411503, "RMSE": 1.0521922867592801, "MAPE": 44.93368338293865}, "test": {"MSE": 1.3434446372941986, "MAE": 0.9082820579059215, "RMSE": 1.159070592023712, "MAPE": 48.3381121520043}}, "70": {"train": {"MSE": 1.107108608315723, "MAE": 0.8314300375411503, "RMSE": 1.0521922867592801, "MAPE": 44.93368338293865}, "test": {"MSE": 1.3434446372941986, "MAE": 0.9082820579059215, "RMSE": 1.159070592023712, "MAPE": 48.3381121520043}}, "80": {"train": {"MSE": 1.107108608315723, "MAE": 0.8314300375411503, "RMSE": 1.0521922867592801, "MAPE": 44.93368338293865}, "test": {"MSE": 1.3434446372941986, "MAE": 0.9082820579059215, "RMSE": 1.159070592023712, "MAPE": 48.3381121520043}}, "90": {"train": {"MSE": 1.107108608315723, "MAE": 0.8314300375411503, "RMSE": 1.0521922867592801, "MAPE": 44.93368338293865}, "test": {"MSE": 1.3434446372941986, "MAE": 0.9082820579059215, "RMSE": 1.159070592023712, "MAPE": 48.3381121520043}}, "200": {"train": {"MSE": 1.107108608315723, "MAE": 0.8314300375411503, "RMSE": 1.0521922867592801, "MAPE": 44.93368338293865}, "test": {"MSE": 1.3434446372941986, "MAE": 0.9082820579059215, "RMSE": 1.159070592023712, "MAPE": 48.3381121520043}}, "300": {"train": {"MSE": 1.107108608315723, "MAE": 0.8314300375411503, "RMSE": 1.0521922867592801, "MAPE": 44.93368338293865}, "test": {"MSE": 1.3434446372941986, "MAE": 0.9082820579059215, "RMSE": 1.159070592023712, "MAPE": 48.3381121520043}}, "500": {"train": {"MSE": 1.107108608315723, "MAE": 0.8314300375411503, "RMSE": 1.0521922867592801, "MAPE": 44.93368338293865}, "test": {"MSE": 1.3434446372941986, "MAE": 0.9082820579059215, "RMSE": 1.159070592023712, "MAPE": 48.3381121520043}}}