{"10": {"train": {"MSE": 1.1826903894135006, "MAE": 0.8693664728585322, "RMSE": 1.0875156961687957, "MAPE": 48.209974108906536}, "test": {"MSE": 1.3599402151738684, "MAE": 0.9452057594970138, "RMSE": 1.1661647461546196, "MAPE": 50.88344106458814}}, "20": {"train": {"MSE": 1.1826903894135006, "MAE": 0.8693664728585322, "RMSE": 1.0875156961687957, "MAPE": 48.209974108906536}, "test": {"MSE": 1.3599402151738684, "MAE": 0.9452057594970138, "RMSE": 1.1661647461546196, "MAPE": 50.88344106458814}}, "30": {"train": {"MSE": 1.1826903894135006, "MAE": 0.8693664728585322, "RMSE": 1.0875156961687957, "MAPE": 48.209974108906536}, "test": {"MSE": 1.3599402151738684, "MAE": 0.9452057594970138, "RMSE": 1.1661647461546196, "MAPE": 50.88344106458814}}, "40": {"train": {"MSE": 1.1826903894135006, "MAE": 0.8693664728585322, "RMSE": 1.0875156961687957, "MAPE": 48.209974108906536}, "test": {"MSE": 1.3599402151738684, "MAE": 0.9452057594970138, "RMSE": 1.1661647461546196, "MAPE": 50.88344106458814}}, "50": {"train": {"MSE": 1.1826903894135006, "MAE": 0.8693664728585322, "RMSE": 1.0875156961687957, "MAPE": 48.209974108906536}, "test": {"MSE": 1.3599402151738684, "MAE": 0.9452057594970138, "RMSE": 1.1661647461546196, "MAPE": 50.88344106458814}}, "60": {"train": {"MSE": 1.1826903894135006, "MAE": 0.8693664728585322, "RMSE": 1.0875156961687957, "MAPE": 48.209974108906536}, "test": {"MSE": 1.3599402151738684, "MAE": 0.9452057594970138, "RMSE": 1.1661647461546196, "MAPE": 50.88344106458814}}, "70": {"train": {"MSE": 1.1826903894135006, "MAE": 0.8693664728585322, "RMSE": 1.0875156961687957, "MAPE": 48.209974108906536}, "test": {"MSE": 1.3599402151738684, "MAE": 0.9452057594970138, "RMSE": 1.1661647461546196, "MAPE": 50.88344106458814}}, "80": {"train": {"MSE": 1.1826903894135006, "MAE": 0.8693664728585322, "RMSE": 1.0875156961687957, "MAPE": 48.209974108906536}, "test": {"MSE": 1.3599402151738684, "MAE": 0.9452057594970138, "RMSE": 1.1661647461546196, "MAPE": 50.88344106458814}}, "90": {"train": {"MSE": 1.1826903894135006, "MAE": 0.8693664728585322, "RMSE": 1.0875156961687957, "MAPE": 48.209974108906536}, "test": {"MSE": 1.3599402151738684, "MAE": 0.9452057594970138, "RMSE": 1.1661647461546196, "MAPE": 50.88344106458814}}, "200": {"train": {"MSE": 1.1826903894135006, "MAE": 0.8693664728585322, "RMSE": 1.0875156961687957, "MAPE": 48.209974108906536}, "test": {"MSE": 1.3599402151738684, "MAE": 0.9452057594970138, "RMSE": 1.1661647461546196, "MAPE": 50.88344106458814}}, "300": {"train": {"MSE": 1.1826903894135006, "MAE": 0.8693664728585322, "RMSE": 1.0875156961687957, "MAPE": 48.209974108906536}, "test": {"MSE": 1.3599402151738684, "MAE": 0.9452057594970138, "RMSE": 1.1661647461546196, "MAPE": 50.88344106458814}}, "500": {"train": {"MSE": 1.1826903894135006, "MAE": 0.8693664728585322, "RMSE": 1.0875156961687957, "MAPE": 48.209974108906536}, "test": {"MSE": 1.3599402151738684, "MAE": 0.9452057594970138, "RMSE": 1.1661647461546196, "MAPE": 50.88344106458814}}}