{"10": {"train": {"MSE": 1.2905261052771817, "MAE": 0.9110734788964069, "RMSE": 1.136013250484862, "MAPE": 50.015802537792574}, "test": {"MSE": 1.513875299957496, "MAE": 0.9965569635408122, "RMSE": 1.230396399522323, "MAPE": 52.96658804352757}}, "20": {"train": {"MSE": 1.2905261052771817, "MAE": 0.9110734788964069, "RMSE": 1.136013250484862, "MAPE": 50.015802537792574}, "test": {"MSE": 1.513875299957496, "MAE": 0.9965569635408122, "RMSE": 1.230396399522323, "MAPE": 52.96658804352757}}, "30": {"train": {"MSE": 1.2905261052771817, "MAE": 0.9110734788964069, "RMSE": 1.136013250484862, "MAPE": 50.015802537792574}, "test": {"MSE": 1.513875299957496, "MAE": 0.9965569635408122, "RMSE": 1.230396399522323, "MAPE": 52.96658804352757}}, "40": {"train": {"MSE": 1.2905261052771817, "MAE": 0.9110734788964069, "RMSE": 1.136013250484862, "MAPE": 50.015802537792574}, "test": {"MSE": 1.513875299957496, "MAE": 0.9965569635408122, "RMSE": 1.230396399522323, "MAPE": 52.96658804352757}}, "50": {"train": {"MSE": 1.2905261052771817, "MAE": 0.9110734788964069, "RMSE": 1.136013250484862, "MAPE": 50.015802537792574}, "test": {"MSE": 1.513875299957496, "MAE": 0.9965569635408122, "RMSE": 1.230396399522323, "MAPE": 52.96658804352757}}, "60": {"train": {"MSE": 1.2905261052771817, "MAE": 0.9110734788964069, "RMSE": 1.136013250484862, "MAPE": 50.015802537792574}, "test": {"MSE": 1.513875299957496, "MAE": 0.9965569635408122, "RMSE": 1.230396399522323, "MAPE": 52.96658804352757}}, "70": {"train": {"MSE": 1.2905261052771817, "MAE": 0.9110734788964069, "RMSE": 1.136013250484862, "MAPE": 50.015802537792574}, "test": {"MSE": 1.513875299957496, "MAE": 0.9965569635408122, "RMSE": 1.230396399522323, "MAPE": 52.96658804352757}}, "80": {"train": {"MSE": 1.2905261052771817, "MAE": 0.9110734788964069, "RMSE": 1.136013250484862, "MAPE": 50.015802537792574}, "test": {"MSE": 1.513875299957496, "MAE": 0.9965569635408122, "RMSE": 1.230396399522323, "MAPE": 52.96658804352757}}, "90": {"train": {"MSE": 1.2905261052771817, "MAE": 0.9110734788964069, "RMSE": 1.136013250484862, "MAPE": 50.015802537792574}, "test": {"MSE": 1.513875299957496, "MAE": 0.9965569635408122, "RMSE": 1.230396399522323, "MAPE": 52.96658804352757}}, "200": {"train": {"MSE": 1.2905261052771817, "MAE": 0.9110734788964069, "RMSE": 1.136013250484862, "MAPE": 50.015802537792574}, "test": {"MSE": 1.513875299957496, "MAE": 0.9965569635408122, "RMSE": 1.230396399522323, "MAPE": 52.96658804352757}}, "300": {"train": {"MSE": 1.2905261052771817, "MAE": 0.9110734788964069, "RMSE": 1.136013250484862, "MAPE": 50.015802537792574}, "test": {"MSE": 1.513875299957496, "MAE": 0.9965569635408122, "RMSE": 1.230396399522323, "MAPE": 52.96658804352757}}, "500": {"train": {"MSE": 1.2905261052771817, "MAE": 0.9110734788964069, "RMSE": 1.136013250484862, "MAPE": 50.015802537792574}, "test": {"MSE": 1.513875299957496, "MAE": 0.9965569635408122, "RMSE": 1.230396399522323, "MAPE": 52.96658804352757}}}