{"10": {"train": {"MSE": 0.9270287531033484, "MAE": 0.7594579998837288, "RMSE": 0.9628233239298623, "MAPE": 40.35778816380433}, "test": {"MSE": 1.4776558790693697, "MAE": 0.9442630389920325, "RMSE": 1.2155886965044425, "MAPE": 48.123864303056976}}, "20": {"train": {"MSE": 0.9270287531033484, "MAE": 0.7594579998837288, "RMSE": 0.9628233239298623, "MAPE": 40.35778816380433}, "test": {"MSE": 1.4776558790693697, "MAE": 0.9442630389920325, "RMSE": 1.2155886965044425, "MAPE": 48.123864303056976}}, "30": {"train": {"MSE": 0.9270287531033484, "MAE": 0.7594579998837288, "RMSE": 0.9628233239298623, "MAPE": 40.35778816380433}, "test": {"MSE": 1.4776558790693697, "MAE": 0.9442630389920325, "RMSE": 1.2155886965044425, "MAPE": 48.123864303056976}}, "40": {"train": {"MSE": 0.9270287531033484, "MAE": 0.7594579998837288, "RMSE": 0.9628233239298623, "MAPE": 40.35778816380433}, "test": {"MSE": 1.4776558790693697, "MAE": 0.9442630389920325, "RMSE": 1.2155886965044425, "MAPE": 48.123864303056976}}, "50": {"train": {"MSE": 0.9270287531033484, "MAE": 0.7594579998837288, "RMSE": 0.9628233239298623, "MAPE": 40.35778816380433}, "test": {"MSE": 1.4776558790693697, "MAE": 0.9442630389920325, "RMSE": 1.2155886965044425, "MAPE": 48.123864303056976}}, "60": {"train": {"MSE": 0.9270287531033484, "MAE": 0.7594579998837288, "RMSE": 0.9628233239298623, "MAPE": 40.35778816380433}, "test": {"MSE": 1.4776558790693697, "MAE": 0.9442630389920325, "RMSE": 1.2155886965044425, "MAPE": 48.123864303056976}}, "70": {"train": {"MSE": 0.9270287531033484, "MAE": 0.7594579998837288, "RMSE": 0.9628233239298623, "MAPE": 40.35778816380433}, "test": {"MSE": 1.4776558790693697, "MAE": 0.9442630389920325, "RMSE": 1.2155886965044425, "MAPE": 48.123864303056976}}, "80": {"train": {"MSE": 0.9270287531033484, "MAE": 0.7594579998837288, "RMSE": 0.9628233239298623, "MAPE": 40.35778816380433}, "test": {"MSE": 1.4776558790693697, "MAE": 0.9442630389920325, "RMSE": 1.2155886965044425, "MAPE": 48.123864303056976}}, "90": {"train": {"MSE": 0.9270287531033484, "MAE": 0.7594579998837288, "RMSE": 0.9628233239298623, "MAPE": 40.35778816380433}, "test": {"MSE": 1.4776558790693697, "MAE": 0.9442630389920325, "RMSE": 1.2155886965044425, "MAPE": 48.123864303056976}}, "200": {"train": {"MSE": 0.9270287531033484, "MAE": 0.7594579998837288, "RMSE": 0.9628233239298623, "MAPE": 40.35778816380433}, "test": {"MSE": 1.4776558790693697, "MAE": 0.9442630389920325, "RMSE": 1.2155886965044425, "MAPE": 48.123864303056976}}, "300": {"train": {"MSE": 0.9270287531033484, "MAE": 0.7594579998837288, "RMSE": 0.9628233239298623, "MAPE": 40.35778816380433}, "test": {"MSE": 1.4776558790693697, "MAE": 0.9442630389920325, "RMSE": 1.2155886965044425, "MAPE": 48.123864303056976}}, "500": {"train": {"MSE": 0.9270287531033484, "MAE": 0.7594579998837288, "RMSE": 0.9628233239298623, "MAPE": 40.35778816380433}, "test": {"MSE": 1.4776558790693697, "MAE": 0.9442630389920325, "RMSE": 1.2155886965044425, "MAPE": 48.123864303056976}}}