{"10": {"train": {"MSE": 1.2090443543089646, "MAE": 0.8889225002856247, "RMSE": 1.0995655297930018, "MAPE": 49.03858830780732}, "test": {"MSE": 1.399353070829797, "MAE": 0.9418539213052263, "RMSE": 1.1829425475608681, "MAPE": 51.05821772607246}}, "20": {"train": {"MSE": 1.2090443543089646, "MAE": 0.8889225002856247, "RMSE": 1.0995655297930018, "MAPE": 49.03858830780732}, "test": {"MSE": 1.399353070829797, "MAE": 0.9418539213052263, "RMSE": 1.1829425475608681, "MAPE": 51.05821772607246}}, "30": {"train": {"MSE": 1.2090443543089646, "MAE": 0.8889225002856247, "RMSE": 1.0995655297930018, "MAPE": 49.03858830780732}, "test": {"MSE": 1.399353070829797, "MAE": 0.9418539213052263, "RMSE": 1.1829425475608681, "MAPE": 51.05821772607246}}, "40": {"train": {"MSE": 1.2090443543089646, "MAE": 0.8889225002856247, "RMSE": 1.0995655297930018, "MAPE": 49.03858830780732}, "test": {"MSE": 1.399353070829797, "MAE": 0.9418539213052263, "RMSE": 1.1829425475608681, "MAPE": 51.05821772607246}}, "50": {"train": {"MSE": 1.2090443543089646, "MAE": 0.8889225002856247, "RMSE": 1.0995655297930018, "MAPE": 49.03858830780732}, "test": {"MSE": 1.399353070829797, "MAE": 0.9418539213052263, "RMSE": 1.1829425475608681, "MAPE": 51.05821772607246}}, "60": {"train": {"MSE": 1.2090443543089646, "MAE": 0.8889225002856247, "RMSE": 1.0995655297930018, "MAPE": 49.03858830780732}, "test": {"MSE": 1.399353070829797, "MAE": 0.9418539213052263, "RMSE": 1.1829425475608681, "MAPE": 51.05821772607246}}, "70": {"train": {"MSE": 1.2090443543089646, "MAE": 0.8889225002856247, "RMSE": 1.0995655297930018, "MAPE": 49.03858830780732}, "test": {"MSE": 1.399353070829797, "MAE": 0.9418539213052263, "RMSE": 1.1829425475608681, "MAPE": 51.05821772607246}}, "80": {"train": {"MSE": 1.2090443543089646, "MAE": 0.8889225002856247, "RMSE": 1.0995655297930018, "MAPE": 49.03858830780732}, "test": {"MSE": 1.399353070829797, "MAE": 0.9418539213052263, "RMSE": 1.1829425475608681, "MAPE": 51.05821772607246}}, "90": {"train": {"MSE": 1.2090443543089646, "MAE": 0.8889225002856247, "RMSE": 1.0995655297930018, "MAPE": 49.03858830780732}, "test": {"MSE": 1.399353070829797, "MAE": 0.9418539213052263, "RMSE": 1.1829425475608681, "MAPE": 51.05821772607246}}, "200": {"train": {"MSE": 1.2090443543089646, "MAE": 0.8889225002856247, "RMSE": 1.0995655297930018, "MAPE": 49.03858830780732}, "test": {"MSE": 1.399353070829797, "MAE": 0.9418539213052263, "RMSE": 1.1829425475608681, "MAPE": 51.05821772607246}}, "300": {"train": {"MSE": 1.2090443543089646, "MAE": 0.8889225002856247, "RMSE": 1.0995655297930018, "MAPE": 49.03858830780732}, "test": {"MSE": 1.399353070829797, "MAE": 0.9418539213052263, "RMSE": 1.1829425475608681, "MAPE": 51.05821772607246}}, "500": {"train": {"MSE": 1.2090443543089646, "MAE": 0.8889225002856247, "RMSE": 1.0995655297930018, "MAPE": 49.03858830780732}, "test": {"MSE": 1.399353070829797, "MAE": 0.9418539213052263, "RMSE": 1.1829425475608681, "MAPE": 51.05821772607246}}}