{"10": {"train": {"MSE": 0.890890950970982, "MAE": 0.7450857339704857, "RMSE": 0.9438701981580847, "MAPE": 39.897004065772364}, "test": {"MSE": 1.3986158084318083, "MAE": 0.9159398089795182, "RMSE": 1.1826308842710849, "MAPE": 47.427405909353624}}, "20": {"train": {"MSE": 0.890890950970982, "MAE": 0.7450857339704857, "RMSE": 0.9438701981580847, "MAPE": 39.897004065772364}, "test": {"MSE": 1.3986158084318083, "MAE": 0.9159398089795182, "RMSE": 1.1826308842710849, "MAPE": 47.427405909353624}}, "30": {"train": {"MSE": 0.890890950970982, "MAE": 0.7450857339704857, "RMSE": 0.9438701981580847, "MAPE": 39.897004065772364}, "test": {"MSE": 1.3986158084318083, "MAE": 0.9159398089795182, "RMSE": 1.1826308842710849, "MAPE": 47.427405909353624}}, "40": {"train": {"MSE": 0.890890950970982, "MAE": 0.7450857339704857, "RMSE": 0.9438701981580847, "MAPE": 39.897004065772364}, "test": {"MSE": 1.3986158084318083, "MAE": 0.9159398089795182, "RMSE": 1.1826308842710849, "MAPE": 47.427405909353624}}, "50": {"train": {"MSE": 0.890890950970982, "MAE": 0.7450857339704857, "RMSE": 0.9438701981580847, "MAPE": 39.897004065772364}, "test": {"MSE": 1.3986158084318083, "MAE": 0.9159398089795182, "RMSE": 1.1826308842710849, "MAPE": 47.427405909353624}}, "60": {"train": {"MSE": 0.890890950970982, "MAE": 0.7450857339704857, "RMSE": 0.9438701981580847, "MAPE": 39.897004065772364}, "test": {"MSE": 1.3986158084318083, "MAE": 0.9159398089795182, "RMSE": 1.1826308842710849, "MAPE": 47.427405909353624}}, "70": {"train": {"MSE": 0.890890950970982, "MAE": 0.7450857339704857, "RMSE": 0.9438701981580847, "MAPE": 39.897004065772364}, "test": {"MSE": 1.3986158084318083, "MAE": 0.9159398089795182, "RMSE": 1.1826308842710849, "MAPE": 47.427405909353624}}, "80": {"train": {"MSE": 0.890890950970982, "MAE": 0.7450857339704857, "RMSE": 0.9438701981580847, "MAPE": 39.897004065772364}, "test": {"MSE": 1.3986158084318083, "MAE": 0.9159398089795182, "RMSE": 1.1826308842710849, "MAPE": 47.427405909353624}}, "90": {"train": {"MSE": 0.890890950970982, "MAE": 0.7450857339704857, "RMSE": 0.9438701981580847, "MAPE": 39.897004065772364}, "test": {"MSE": 1.3986158084318083, "MAE": 0.9159398089795182, "RMSE": 1.1826308842710849, "MAPE": 47.427405909353624}}, "200": {"train": {"MSE": 0.890890950970982, "MAE": 0.7450857339704857, "RMSE": 0.9438701981580847, "MAPE": 39.897004065772364}, "test": {"MSE": 1.3986158084318083, "MAE": 0.9159398089795182, "RMSE": 1.1826308842710849, "MAPE": 47.427405909353624}}, "300": {"train": {"MSE": 0.890890950970982, "MAE": 0.7450857339704857, "RMSE": 0.9438701981580847, "MAPE": 39.897004065772364}, "test": {"MSE": 1.3986158084318083, "MAE": 0.9159398089795182, "RMSE": 1.1826308842710849, "MAPE": 47.427405909353624}}, "500": {"train": {"MSE": 0.890890950970982, "MAE": 0.7450857339704857, "RMSE": 0.9438701981580847, "MAPE": 39.897004065772364}, "test": {"MSE": 1.3986158084318083, "MAE": 0.9159398089795182, "RMSE": 1.1826308842710849, "MAPE": 47.427405909353624}}}