{"10": {"train": {"MSE": 1.4977331331721373, "MAE": 0.8875974460536628, "RMSE": 1.2238190769767145, "MAPE": 42.93760744649946}, "test": {"MSE": 1.3095756164854468, "MAE": 0.8928072059274487, "RMSE": 1.1443669064095863, "MAPE": 44.92915822847806}}, "20": {"train": {"MSE": 1.4911815392021757, "MAE": 0.8892102407081903, "RMSE": 1.2211394429802747, "MAPE": 42.98197274907179}, "test": {"MSE": 1.3340683168973106, "MAE": 0.9025187890297215, "RMSE": 1.1550187517513777, "MAPE": 45.39867644853002}}, "30": {"train": {"MSE": 1.4919460349089915, "MAE": 0.8814104271565187, "RMSE": 1.221452428426499, "MAPE": 42.16331385435997}, "test": {"MSE": 1.3268980065586011, "MAE": 0.8951616900686888, "RMSE": 1.1519105896546837, "MAPE": 44.5256966295384}}, "40": {"train": {"MSE": 1.489991561693775, "MAE": 0.8889013493077845, "RMSE": 1.2206521051035693, "MAPE": 42.91057026924335}, "test": {"MSE": 1.3303312573399075, "MAE": 0.9010337075808167, "RMSE": 1.1533998687965539, "MAPE": 45.20782666234896}}, "50": {"train": {"MSE": 1.4904355826788949, "MAE": 0.8823009491413566, "RMSE": 1.2208339701527373, "MAPE": 42.29577595284589}, "test": {"MSE": 1.3284618024791506, "MAE": 0.8950236520469789, "RMSE": 1.1525891733307019, "MAPE": 44.51805110616963}}, "60": {"train": {"MSE": 1.4924670653101457, "MAE": 0.8806367771789415, "RMSE": 1.2216656929414633, "MAPE": 41.981790389786454}, "test": {"MSE": 1.3261110828680411, "MAE": 0.8913797569650356, "RMSE": 1.1515689657454482, "MAPE": 44.18035414261309}}, "70": {"train": {"MSE": 1.4903137403105788, "MAE": 0.8899060855352222, "RMSE": 1.2207840678476185, "MAPE": 43.021104587492985}, "test": {"MSE": 1.3536090071135627, "MAE": 0.9033517598949635, "RMSE": 1.1634470366602696, "MAPE": 45.3189836926057}}, "80": {"train": {"MSE": 1.49279714038655, "MAE": 0.8927297317196778, "RMSE": 1.2218007776992736, "MAPE": 43.40516964730856}, "test": {"MSE": 1.339319207910877, "MAE": 0.900840304342372, "RMSE": 1.1572895955251983, "MAPE": 45.44843908819771}}, "90": {"train": {"MSE": 1.4900030762518872, "MAE": 0.8858958255567728, "RMSE": 1.2206568216545908, "MAPE": 42.51377002646663}, "test": {"MSE": 1.3374047156698856, "MAE": 0.8975054247303643, "RMSE": 1.1564621548800833, "MAPE": 44.716607622051825}}, "200": {"train": {"MSE": 1.4925129122835714, "MAE": 0.8881831877680947, "RMSE": 1.2216844569214964, "MAPE": 42.88655140328581}, "test": {"MSE": 1.329056717793597, "MAE": 0.8938078784742536, "RMSE": 1.1528472222257367, "MAPE": 44.75691442639552}}, "300": {"train": {"MSE": 1.4959040118495255, "MAE": 0.8827851961123635, "RMSE": 1.223071548131803, "MAPE": 42.27549658115722}, "test": {"MSE": 1.3092347807034006, "MAE": 0.883376659528468, "RMSE": 1.1442179777924313, "MAPE": 43.86627423093421}}, "500": {"train": {"MSE": 1.4927954399730865, "MAE": 0.8856314274569572, "RMSE": 1.2218000818354395, "MAPE": 42.382065796747085}, "test": {"MSE": 1.3341937782989823, "MAE": 0.8938246076758144, "RMSE": 1.155073061887854, "MAPE": 44.40746130573116}}, "2000": {"train": {"MSE": 1.4986385538367386, "MAE": 0.8745935855411965, "RMSE": 1.2241889371484855, "MAPE": 40.911620699227356}, "test": {"MSE": 1.3481576275105953, "MAE": 0.8831806503806064, "RMSE": 1.1611019022939353, "MAPE": 42.960717940857805}}}