{"10": {"train": {"MSE": 1.4834146310028768, "MAE": 0.8768051183638553, "RMSE": 1.217955102211439, "MAPE": 42.08112376887841}, "test": {"MSE": 1.3379098465480581, "MAE": 0.8945596862262408, "RMSE": 1.1566805291644093, "MAPE": 44.42337976405335}}, "20": {"train": {"MSE": 1.474139903237828, "MAE": 0.8809580075820715, "RMSE": 1.214141632280941, "MAPE": 42.47772274181501}, "test": {"MSE": 1.3675641990839018, "MAE": 0.9039504650954585, "RMSE": 1.1694290055766112, "MAPE": 44.964652097703194}}, "30": {"train": {"MSE": 1.4767558905885074, "MAE": 0.8772745416821024, "RMSE": 1.2152184538544941, "MAPE": 41.91086926635268}, "test": {"MSE": 1.3591245756005133, "MAE": 0.8941949172347199, "RMSE": 1.1658149834345557, "MAPE": 44.10421799918649}}, "40": {"train": {"MSE": 1.4656991094491372, "MAE": 0.8803890720600943, "RMSE": 1.2106606086963998, "MAPE": 42.59061501518789}, "test": {"MSE": 1.366257735208736, "MAE": 0.9038398213674781, "RMSE": 1.1688702816004588, "MAPE": 45.10254210713243}}, "50": {"train": {"MSE": 1.4830163390999596, "MAE": 0.8766097505112191, "RMSE": 1.217791582784164, "MAPE": 41.586641621886386}, "test": {"MSE": 1.342466935479317, "MAE": 0.8869480112219641, "RMSE": 1.1586487541439454, "MAPE": 43.41455995146045}}, "60": {"train": {"MSE": 1.479552663943845, "MAE": 0.8992410806536323, "RMSE": 1.2163686381783465, "MAPE": 44.39778378247941}, "test": {"MSE": 1.3735648658139776, "MAE": 0.9146532195392927, "RMSE": 1.1719918369229274, "MAPE": 46.396457647089335}}, "70": {"train": {"MSE": 1.4780677333556003, "MAE": 0.8689923529914622, "RMSE": 1.2157580899815557, "MAPE": 40.53787388969121}, "test": {"MSE": 1.3790601686102262, "MAE": 0.8904070222935471, "RMSE": 1.1743339255127676, "MAPE": 42.92498996946783}}, "80": {"train": {"MSE": 1.4715858631592063, "MAE": 0.875397317030006, "RMSE": 1.2130893879509483, "MAPE": 41.79710073467206}, "test": {"MSE": 1.3719068497939355, "MAE": 0.8967104797471055, "RMSE": 1.1712842736901814, "MAPE": 44.0945470881546}}, "90": {"train": {"MSE": 1.4781830811835726, "MAE": 0.8806015528034653, "RMSE": 1.215805527699053, "MAPE": 42.113461853338066}, "test": {"MSE": 1.3705081852750016, "MAE": 0.8973573601254228, "RMSE": 1.1706870569349443, "MAPE": 44.21727060109929}}, "200": {"train": {"MSE": 1.4842523779253278, "MAE": 0.8911086829618198, "RMSE": 1.2182989690241586, "MAPE": 43.48808028160117}, "test": {"MSE": 1.3625025422925445, "MAE": 0.9019737258990339, "RMSE": 1.167262841990845, "MAPE": 45.1761815208322}}, "300": {"train": {"MSE": 1.483574081784363, "MAE": 0.8763081824598643, "RMSE": 1.2180205588512711, "MAPE": 41.314796469777846}, "test": {"MSE": 1.385324400674074, "MAE": 0.8939012799226512, "RMSE": 1.1769980461640852, "MAPE": 43.43601939749718}}, "500": {"train": {"MSE": 1.537033878182144, "MAE": 0.9577097111939328, "RMSE": 1.2397717040577043, "MAPE": 49.788523125923206}, "test": {"MSE": 1.445179763453806, "MAE": 0.9597405624569522, "RMSE": 1.2021562974313307, "MAPE": 51.04618379415374}}, "2000": {"train": {"MSE": 1.4870119958050991, "MAE": 0.8949653454717053, "RMSE": 1.2194310131389554, "MAPE": 43.92839044109188}, "test": {"MSE": 1.3673317054454444, "MAE": 0.9075889922694657, "RMSE": 1.1693295965832065, "MAPE": 45.5818192220517}}}