{"10": {"train": {"MSE": 1.5313510244275657, "MAE": 0.884485126031779, "RMSE": 1.2374776864362305, "MAPE": 42.27605322941515}, "test": {"MSE": 1.3291400593258775, "MAE": 0.8883598221230882, "RMSE": 1.1528833676161165, "MAPE": 43.53486887437177}}, "20": {"train": {"MSE": 1.5284782284383998, "MAE": 0.8885351575561125, "RMSE": 1.236316394956566, "MAPE": 42.801869305859434}, "test": {"MSE": 1.3351658881738948, "MAE": 0.8944007365517341, "RMSE": 1.1554937854328318, "MAPE": 44.112094670501655}}, "30": {"train": {"MSE": 1.5295045892906254, "MAE": 0.8955833850566697, "RMSE": 1.2367314135618233, "MAPE": 43.64155637501018}, "test": {"MSE": 1.3359965479360012, "MAE": 0.8994893602697476, "RMSE": 1.1558531688480165, "MAPE": 44.82701349185492}}, "40": {"train": {"MSE": 1.5289496452395799, "MAE": 0.8868986425030315, "RMSE": 1.236507034043713, "MAPE": 42.49278340143146}, "test": {"MSE": 1.3321223706172591, "MAE": 0.8920136059626261, "RMSE": 1.1541760570282418, "MAPE": 43.74427746014645}}, "50": {"train": {"MSE": 1.5291138277579923, "MAE": 0.9006364921657379, "RMSE": 1.2365734219034437, "MAPE": 44.27215102872908}, "test": {"MSE": 1.3297454066859282, "MAE": 0.9009775357085436, "RMSE": 1.1531458739838287, "MAPE": 45.235312412587945}}, "60": {"train": {"MSE": 1.5264341904211869, "MAE": 0.8895553451687019, "RMSE": 1.2354894537879257, "MAPE": 42.933050185801505}, "test": {"MSE": 1.3260895085644973, "MAE": 0.8919231423130859, "RMSE": 1.1515595983554205, "MAPE": 43.99999512830316}}, "70": {"train": {"MSE": 1.526622695839093, "MAE": 0.8947558370134934, "RMSE": 1.2355657391814865, "MAPE": 43.59047371006067}, "test": {"MSE": 1.3284554724491549, "MAE": 0.8961486737333689, "RMSE": 1.1525864273229816, "MAPE": 44.59257657212917}}, "80": {"train": {"MSE": 1.5255867067055617, "MAE": 0.8899775056444833, "RMSE": 1.2351464312807456, "MAPE": 42.95299165736194}, "test": {"MSE": 1.3377153862977185, "MAE": 0.8956167459831373, "RMSE": 1.1565964664902442, "MAPE": 44.18426837136476}}, "90": {"train": {"MSE": 1.5256403425647886, "MAE": 0.8851663538423922, "RMSE": 1.2351681434382886, "MAPE": 42.40766000310549}, "test": {"MSE": 1.3255839833598133, "MAE": 0.8885911560015995, "RMSE": 1.151340081539687, "MAPE": 43.51680613053074}}, "200": {"train": {"MSE": 1.5260180399320873, "MAE": 0.8846275701936769, "RMSE": 1.2353210270743744, "MAPE": 42.33567132848404}, "test": {"MSE": 1.3218914247095295, "MAE": 0.8868778806602285, "RMSE": 1.1497353716005825, "MAPE": 43.382224050948246}}, "300": {"train": {"MSE": 1.5346515723519, "MAE": 0.9131821689983551, "RMSE": 1.2388105474009736, "MAPE": 45.59684197896868}, "test": {"MSE": 1.3510592418907705, "MAE": 0.9153753893346002, "RMSE": 1.1623507396181114, "MAPE": 46.59032007142291}}, "500": {"train": {"MSE": 1.52527967121903, "MAE": 0.8900852727927365, "RMSE": 1.2350221338984293, "MAPE": 42.97676560273806}, "test": {"MSE": 1.334948233407049, "MAE": 0.8945502969824803, "RMSE": 1.1553995990163095, "MAPE": 44.1236369069894}}, "2000": {"train": {"MSE": 1.5258935482659652, "MAE": 0.8862169657857486, "RMSE": 1.2352706376604137, "MAPE": 42.525752394430505}, "test": {"MSE": 1.3273021703835575, "MAE": 0.8892818769215569, "RMSE": 1.1520860082405122, "MAPE": 43.580788272705625}}}