{"10": {"train": {"MSE": 1.53578262042938, "MAE": 0.8905935162536457, "RMSE": 1.2392669689898863, "MAPE": 42.88351677035082}, "test": {"MSE": 1.3308790499131589, "MAE": 0.8948530456886066, "RMSE": 1.153637312985827, "MAPE": 44.34956210553083}}, "20": {"train": {"MSE": 1.5280812535048105, "MAE": 0.8914618679140917, "RMSE": 1.2361558370629533, "MAPE": 43.02422769328002}, "test": {"MSE": 1.33327541017448, "MAE": 0.896674147769769, "RMSE": 1.1546754566433288, "MAPE": 44.507467272376005}}, "30": {"train": {"MSE": 1.5259274741727196, "MAE": 0.8948103511162808, "RMSE": 1.2352843697597407, "MAPE": 43.47783435164722}, "test": {"MSE": 1.3372396519571887, "MAE": 0.900026724513092, "RMSE": 1.156390786869728, "MAPE": 44.86618683913562}}, "40": {"train": {"MSE": 1.525842663070387, "MAE": 0.8987165280409668, "RMSE": 1.2352500407085145, "MAPE": 43.928598442973986}, "test": {"MSE": 1.3407761166528873, "MAE": 0.9036701275868858, "RMSE": 1.1579188730877856, "MAPE": 45.2960525433297}}, "50": {"train": {"MSE": 1.5272045564230547, "MAE": 0.8985245051947754, "RMSE": 1.23580117997316, "MAPE": 43.94787055057185}, "test": {"MSE": 1.330281594660631, "MAE": 0.9001420615928414, "RMSE": 1.1533783397743478, "MAPE": 45.139346302824116}}, "60": {"train": {"MSE": 1.5257461134760053, "MAE": 0.8981866325621256, "RMSE": 1.2352109590980827, "MAPE": 43.849155592042244}, "test": {"MSE": 1.335733847293406, "MAE": 0.9018816696514639, "RMSE": 1.1557395239816826, "MAPE": 45.16758349669208}}, "70": {"train": {"MSE": 1.525514505898238, "MAE": 0.8937940457268302, "RMSE": 1.235117203304301, "MAPE": 43.38608748391902}, "test": {"MSE": 1.3235480578966519, "MAE": 0.8946668015536202, "RMSE": 1.1504555871030624, "MAPE": 44.54247440937091}}, "80": {"train": {"MSE": 1.5256495280608293, "MAE": 0.8870623984288046, "RMSE": 1.2351718617507563, "MAPE": 42.420650362703114}, "test": {"MSE": 1.3344694788912888, "MAE": 0.8938069136202197, "RMSE": 1.155192399079603, "MAPE": 43.92947884458252}}, "90": {"train": {"MSE": 1.5277554734147243, "MAE": 0.9038373300842348, "RMSE": 1.236024058590578, "MAPE": 44.510915827311315}, "test": {"MSE": 1.3359029502434445, "MAE": 0.9054753263715247, "RMSE": 1.1558126795650947, "MAPE": 45.69332280583618}}, "200": {"train": {"MSE": 1.5237858526260097, "MAE": 0.8940367102853937, "RMSE": 1.234417211734351, "MAPE": 43.33572958644686}, "test": {"MSE": 1.3334077292795126, "MAE": 0.897889259483607, "RMSE": 1.1547327523195627, "MAPE": 44.60947759740357}}, "300": {"train": {"MSE": 1.5243355922205022, "MAE": 0.8945082093045928, "RMSE": 1.234639863369275, "MAPE": 43.3558929364296}, "test": {"MSE": 1.3331083949661657, "MAE": 0.8980342630232078, "RMSE": 1.1546031331007922, "MAPE": 44.631122210446854}}, "500": {"train": {"MSE": 1.5383025520134548, "MAE": 0.9210647696346302, "RMSE": 1.2402832547500813, "MAPE": 46.484635618052195}, "test": {"MSE": 1.3422943495167312, "MAE": 0.9170635484632234, "RMSE": 1.158574274492892, "MAPE": 47.29476558547643}}, "2000": {"train": {"MSE": 1.5924641554515082, "MAE": 0.8617732720627145, "RMSE": 1.2619287442052773, "MAPE": 37.09313556896535}, "test": {"MSE": 1.3959295231832818, "MAE": 0.874621728174641, "RMSE": 1.1814946141152238, "MAPE": 39.00733739804376}}}