{"10": {"train": {"MSE": 1.522458337631, "MAE": 0.8830574734298443, "RMSE": 1.2338793853659278, "MAPE": 42.46621622459347}, "test": {"MSE": 1.2994020360473753, "MAE": 0.8892983685133103, "RMSE": 1.1399131703982437, "MAPE": 43.93759811434713}}, "20": {"train": {"MSE": 1.5140181543784115, "MAE": 0.8782753821977278, "RMSE": 1.2304544503468673, "MAPE": 42.06333681992893}, "test": {"MSE": 1.3068031534373834, "MAE": 0.8888078373427329, "RMSE": 1.14315491226578, "MAPE": 43.665492546181845}}, "30": {"train": {"MSE": 1.5099451247979538, "MAE": 0.8789224341415784, "RMSE": 1.2287982441385379, "MAPE": 42.06456980596203}, "test": {"MSE": 1.318521915873016, "MAE": 0.8934384833508778, "RMSE": 1.1482690955838775, "MAPE": 43.87684913676604}}, "40": {"train": {"MSE": 1.5101920769645085, "MAE": 0.8798126110329865, "RMSE": 1.2288987252676717, "MAPE": 42.18966361753057}, "test": {"MSE": 1.3203625810722683, "MAE": 0.8943014997595095, "RMSE": 1.1490703116312198, "MAPE": 43.957713062614154}}, "50": {"train": {"MSE": 1.5108163189361283, "MAE": 0.8785128401798374, "RMSE": 1.2291526833295074, "MAPE": 42.04620716286726}, "test": {"MSE": 1.318179742636464, "MAE": 0.8919688152467115, "RMSE": 1.148120090685841, "MAPE": 43.73035074213852}}, "60": {"train": {"MSE": 1.510437389555984, "MAE": 0.8874574622461536, "RMSE": 1.2289985311447627, "MAPE": 43.11017876307564}, "test": {"MSE": 1.3265285451596998, "MAE": 0.9004005251796338, "RMSE": 1.1517502095331695, "MAPE": 44.75391255946249}}, "70": {"train": {"MSE": 1.5090523064313064, "MAE": 0.8805241747786886, "RMSE": 1.2284349011776352, "MAPE": 42.28457866560436}, "test": {"MSE": 1.3186464606495583, "MAE": 0.894086194984675, "RMSE": 1.1483233258318661, "MAPE": 43.96755986206447}}, "80": {"train": {"MSE": 1.5091006115293555, "MAE": 0.883205822073309, "RMSE": 1.2284545622567224, "MAPE": 42.59192053145887}, "test": {"MSE": 1.314697760932264, "MAE": 0.894294447888792, "RMSE": 1.1466027040489064, "MAPE": 44.145766897508906}}, "90": {"train": {"MSE": 1.514504964050345, "MAE": 0.8717617655447725, "RMSE": 1.2306522514708795, "MAPE": 40.941933899020945}, "test": {"MSE": 1.3259342611840648, "MAE": 0.88907538667404, "RMSE": 1.1514921889374954, "MAPE": 42.81266219080646}}, "200": {"train": {"MSE": 1.5107550696120722, "MAE": 0.8837621677508791, "RMSE": 1.2291277678142627, "MAPE": 42.5862184703544}, "test": {"MSE": 1.3110986653780845, "MAE": 0.8927220157912987, "RMSE": 1.1450321678355087, "MAPE": 44.0121400794167}}, "300": {"train": {"MSE": 1.5133669559130423, "MAE": 0.8721287247243641, "RMSE": 1.230189804832182, "MAPE": 41.173755994511765}, "test": {"MSE": 1.324228469160251, "MAE": 0.888747025350404, "RMSE": 1.150751262940976, "MAPE": 42.94956276397332}}, "500": {"train": {"MSE": 1.510150814389948, "MAE": 0.8813875552941658, "RMSE": 1.2288819367172537, "MAPE": 42.30723867034437}, "test": {"MSE": 1.3206387169541218, "MAE": 0.8938993045629611, "RMSE": 1.149190461565933, "MAPE": 43.878065676868744}}, "2000": {"train": {"MSE": 1.5128908976460553, "MAE": 0.8736233808137663, "RMSE": 1.2299962998505545, "MAPE": 41.36779181016787}, "test": {"MSE": 1.3154799417828704, "MAE": 0.886411082193747, "RMSE": 1.146943739589205, "MAPE": 42.945682438798464}}}