{"10": {"train": {"MSE": 1.4942302878330778, "MAE": 0.8795972461643576, "RMSE": 1.2223871268272903, "MAPE": 42.224168842439724}, "test": {"MSE": 1.3178415328365993, "MAE": 0.8943121143159279, "RMSE": 1.147972792724897, "MAPE": 44.38005982147484}}, "20": {"train": {"MSE": 1.4906549348849234, "MAE": 0.8904830963214747, "RMSE": 1.220923803881685, "MAPE": 43.521175787718946}, "test": {"MSE": 1.3308727002180636, "MAE": 0.9044082503070899, "RMSE": 1.153634560949898, "MAPE": 45.4949408792004}}, "30": {"train": {"MSE": 1.4899383464781746, "MAE": 0.879172260680152, "RMSE": 1.2206303070455748, "MAPE": 41.98139891876727}, "test": {"MSE": 1.3251740821523814, "MAE": 0.8936762280342273, "RMSE": 1.1511620572935772, "MAPE": 43.96189195779697}}, "40": {"train": {"MSE": 1.4847665082080912, "MAE": 0.8811702510931484, "RMSE": 1.218509954086585, "MAPE": 42.424056660148736}, "test": {"MSE": 1.3295789496470294, "MAE": 0.8974764300668183, "RMSE": 1.1530736965376625, "MAPE": 44.481420906413696}}, "50": {"train": {"MSE": 1.4875034272396284, "MAE": 0.8833508418026728, "RMSE": 1.2196324967955012, "MAPE": 42.697079605182466}, "test": {"MSE": 1.3328344185734315, "MAE": 0.8987222865646622, "RMSE": 1.154484481737815, "MAPE": 44.72400291355765}}, "60": {"train": {"MSE": 1.485955943061484, "MAE": 0.888477040994012, "RMSE": 1.218997925782273, "MAPE": 43.2247737748302}, "test": {"MSE": 1.343747572018191, "MAE": 0.9063991921409628, "RMSE": 1.159201264672443, "MAPE": 45.3585852383575}}, "70": {"train": {"MSE": 1.4868969786962065, "MAE": 0.878789548907286, "RMSE": 1.2193838520729257, "MAPE": 41.959856603699244}, "test": {"MSE": 1.3371097622039292, "MAE": 0.8959428076402141, "RMSE": 1.1563346238022665, "MAPE": 44.06150348952895}}, "80": {"train": {"MSE": 1.4871673419104068, "MAE": 0.8885938248683737, "RMSE": 1.2194947076188591, "MAPE": 43.22375954735122}, "test": {"MSE": 1.3330713760267205, "MAE": 0.9031037672945749, "RMSE": 1.1545871019662053, "MAPE": 45.18754853426651}}, "90": {"train": {"MSE": 1.4913886431860277, "MAE": 0.8991301890334077, "RMSE": 1.2212242395178814, "MAPE": 44.302839225023675}, "test": {"MSE": 1.357317106006367, "MAE": 0.9160827298197537, "RMSE": 1.1650395298041896, "MAPE": 46.44114846956568}}, "200": {"train": {"MSE": 1.493874980104771, "MAE": 0.9051392652129359, "RMSE": 1.2222417846337814, "MAPE": 45.12834825631757}, "test": {"MSE": 1.332426935432886, "MAE": 0.9115496592299374, "RMSE": 1.1543079898505797, "MAPE": 46.62500316124676}}, "300": {"train": {"MSE": 1.4878446368564051, "MAE": 0.8889972726777657, "RMSE": 1.2197723709186092, "MAPE": 43.16579007047447}, "test": {"MSE": 1.3385862517330755, "MAE": 0.9012656398235688, "RMSE": 1.1569728828857986, "MAPE": 44.93273325516516}}, "500": {"train": {"MSE": 1.4937893080898894, "MAE": 0.8664315695796743, "RMSE": 1.222206737049788, "MAPE": 40.178749933659844}, "test": {"MSE": 1.336420633921416, "MAE": 0.8811577131660627, "RMSE": 1.1560366057878166, "MAPE": 42.16932352254894}}, "2000": {"train": {"MSE": 1.501491802988035, "MAE": 0.9158490307813257, "RMSE": 1.2253537460619424, "MAPE": 46.08318514139472}, "test": {"MSE": 1.3484235698385316, "MAE": 0.9207004488813757, "RMSE": 1.1612164181747224, "MAPE": 47.42735693797335}}}