{"10": {"train": {"MSE": 1.2406503575102248, "MAE": 0.809661224879728, "RMSE": 1.1138448534289795, "MAPE": 39.02122587622059}, "test": {"MSE": 1.3286889147856054, "MAE": 0.9154944517592344, "RMSE": 1.1526876917819524, "MAPE": 46.743567591483796}}, "20": {"train": {"MSE": 1.2000173489669548, "MAE": 0.8012056783922965, "RMSE": 1.0954530336655035, "MAPE": 38.200228873794565}, "test": {"MSE": 1.3517621628503902, "MAE": 0.910331420170563, "RMSE": 1.1626530707181701, "MAPE": 45.124016427072426}}, "30": {"train": {"MSE": 1.11832676555623, "MAE": 0.7739939527035206, "RMSE": 1.0575096999820994, "MAPE": 36.69969593112992}, "test": {"MSE": 1.3774473316004077, "MAE": 0.91914247648546, "RMSE": 1.1736470217234856, "MAPE": 45.31980840985302}}, "40": {"train": {"MSE": 1.1030176221290595, "MAE": 0.7744310310256388, "RMSE": 1.0502464578036241, "MAPE": 37.54653467904858}, "test": {"MSE": 1.4047473535634611, "MAE": 0.9377219014758906, "RMSE": 1.1852203818545566, "MAPE": 47.51301478158777}}, "50": {"train": {"MSE": 1.103236073341498, "MAE": 0.7764524545566733, "RMSE": 1.0503504526306913, "MAPE": 37.37858256582584}, "test": {"MSE": 1.3829973985979047, "MAE": 0.9280658975346063, "RMSE": 1.176009098008134, "MAPE": 47.27674066452449}}, "60": {"train": {"MSE": 1.0776667207407125, "MAE": 0.7607509448891976, "RMSE": 1.0381072780501601, "MAPE": 35.886808200164275}, "test": {"MSE": 1.3936053585654573, "MAE": 0.9235386680850869, "RMSE": 1.180510634668514, "MAPE": 45.25015760943823}}, "70": {"train": {"MSE": 1.083389639193716, "MAE": 0.7561289061475697, "RMSE": 1.0408600478420313, "MAPE": 35.5730688686431}, "test": {"MSE": 1.368242116440771, "MAE": 0.914786114250373, "RMSE": 1.1697188193924088, "MAPE": 45.00571645828664}}, "80": {"train": {"MSE": 1.1105169580344763, "MAE": 0.7857957459107945, "RMSE": 1.0538106841527448, "MAPE": 38.696484967122245}, "test": {"MSE": 1.3849681137257686, "MAE": 0.9271911517470494, "RMSE": 1.1768466823362203, "MAPE": 46.30306328271386}}, "90": {"train": {"MSE": 1.1358803766175711, "MAE": 0.7915751711655566, "RMSE": 1.0657768887612318, "MAPE": 38.03762160809349}, "test": {"MSE": 1.4037307723768424, "MAE": 0.9371259551242003, "RMSE": 1.1847914467858225, "MAPE": 47.681472805728156}}, "200": {"train": {"MSE": 1.052121989417965, "MAE": 0.7551664383669854, "RMSE": 1.0257299788043464, "MAPE": 36.45008573649023}, "test": {"MSE": 1.3580670449300305, "MAE": 0.9116055480933997, "RMSE": 1.1653613366377102, "MAPE": 45.25984069996387}}, "300": {"train": {"MSE": 1.1062169311008168, "MAE": 0.7648207289405813, "RMSE": 1.0517684778984473, "MAPE": 35.92489247449057}, "test": {"MSE": 1.3797012317973734, "MAE": 0.9133231620564994, "RMSE": 1.174606841371773, "MAPE": 43.898369557835885}}, "500": {"train": {"MSE": 1.254193520425107, "MAE": 0.8227213305380108, "RMSE": 1.1199078178248008, "MAPE": 38.959402131799735}, "test": {"MSE": 1.3754999186211598, "MAE": 0.9100584432387984, "RMSE": 1.1728170866001058, "MAPE": 44.346615668101045}}, "2000": {"train": {"MSE": 1.34193587457102, "MAE": 0.8904911852038101, "RMSE": 1.1584195589556574, "MAPE": 45.74201001289678}, "test": {"MSE": 1.3763378489631233, "MAE": 0.9274912626615002, "RMSE": 1.1731742619760814, "MAPE": 48.05214139519548}}}