{"10": {"train": {"MSE": 1.1133809640771297, "MAE": 0.7775286700073565, "RMSE": 1.0551686898677053, "MAPE": 37.1545936162548}, "test": {"MSE": 1.4435330554897134, "MAE": 0.9654912645801526, "RMSE": 1.2014712046028042, "MAPE": 51.29461177939526}}, "20": {"train": {"MSE": 1.0162937890093837, "MAE": 0.7472092072495071, "RMSE": 1.0081139761998064, "MAPE": 35.50137793568071}, "test": {"MSE": 1.5378456331106876, "MAE": 0.9902839465268571, "RMSE": 1.2400990416538058, "MAPE": 52.62484663134017}}, "30": {"train": {"MSE": 0.9914595810494733, "MAE": 0.7444451902413214, "RMSE": 0.9957206340382192, "MAPE": 35.26168897789181}, "test": {"MSE": 1.5111148521900428, "MAE": 0.9829217221265553, "RMSE": 1.2292741159684617, "MAPE": 51.81969966768401}}, "40": {"train": {"MSE": 0.9104041070878126, "MAE": 0.711855268123646, "RMSE": 0.9541509875736714, "MAPE": 33.914364317375586}, "test": {"MSE": 1.624673151014989, "MAE": 1.016562034277067, "RMSE": 1.2746266712316157, "MAPE": 54.33811208275142}}, "50": {"train": {"MSE": 0.8230050659207172, "MAE": 0.6740673650257819, "RMSE": 0.9071962664830125, "MAPE": 31.861117894267245}, "test": {"MSE": 1.616128134992124, "MAE": 1.0080959471577233, "RMSE": 1.2712702840042018, "MAPE": 52.8715430278103}}, "60": {"train": {"MSE": 0.7851655258291139, "MAE": 0.6611796146247624, "RMSE": 0.8860956640392244, "MAPE": 31.527049548310348}, "test": {"MSE": 1.691144638375829, "MAE": 1.0379181409815315, "RMSE": 1.300440171009735, "MAPE": 54.915808551804666}}, "70": {"train": {"MSE": 0.7798197130701379, "MAE": 0.6619360324842645, "RMSE": 0.8830740133590943, "MAPE": 31.709466882683884}, "test": {"MSE": 1.6238869691340476, "MAE": 1.0093643499022458, "RMSE": 1.2743182369934316, "MAPE": 52.40220901189567}}, "80": {"train": {"MSE": 0.7533143980103293, "MAE": 0.642367847894292, "RMSE": 0.8679368629170726, "MAPE": 30.639134404703615}, "test": {"MSE": 1.6115979464188044, "MAE": 0.9956000732866159, "RMSE": 1.2694872769818548, "MAPE": 51.01532182159879}}, "90": {"train": {"MSE": 0.7382397624136176, "MAE": 0.6299893348194725, "RMSE": 0.8592088002421865, "MAPE": 29.64040642977054}, "test": {"MSE": 1.637499347746172, "MAE": 1.0092092992132033, "RMSE": 1.2796481343502877, "MAPE": 52.1672796666459}}, "200": {"train": {"MSE": 0.7107669886791276, "MAE": 0.6353267429663169, "RMSE": 0.8430699785184665, "MAPE": 31.465882510634614}, "test": {"MSE": 1.763577835504821, "MAE": 1.0691683171871216, "RMSE": 1.3279976790284014, "MAPE": 57.56242689907835}}, "300": {"train": {"MSE": 0.7105926588756851, "MAE": 0.627782248303053, "RMSE": 0.8429665823006777, "MAPE": 30.676874086744714}, "test": {"MSE": 1.7299339682106443, "MAE": 1.0517621084586415, "RMSE": 1.3152695420371614, "MAPE": 55.82200359808024}}, "500": {"train": {"MSE": 0.7848118496638897, "MAE": 0.6713589277474744, "RMSE": 0.8858960715929887, "MAPE": 33.031195944995545}, "test": {"MSE": 1.679877929648775, "MAE": 1.0293691386141703, "RMSE": 1.2961010491658338, "MAPE": 54.28250673014334}}, "2000": {"train": {"MSE": 1.303303467650225, "MAE": 0.8827607518959022, "RMSE": 1.1416231723516412, "MAPE": 44.863571975780694}, "test": {"MSE": 1.4782469139734211, "MAE": 0.9513887489059367, "RMSE": 1.2158317786492592, "MAPE": 47.36019837015243}}}