{"10": {"train": {"MSE": 1.4450692537352325, "MAE": 0.8672357384719482, "RMSE": 1.2021103334283556, "MAPE": 42.04112196836271}, "test": {"MSE": 1.2374133716126228, "MAE": 0.8764160108161474, "RMSE": 1.112390835818339, "MAPE": 44.12108952350934}}, "20": {"train": {"MSE": 1.4376222207219944, "MAE": 0.8602063937559274, "RMSE": 1.1990088493092927, "MAPE": 41.17735114111203}, "test": {"MSE": 1.252822461210926, "MAE": 0.8801001390090751, "RMSE": 1.1192955200530939, "MAPE": 43.84407140941529}}, "30": {"train": {"MSE": 1.4429451008013816, "MAE": 0.8599053845600427, "RMSE": 1.2012264985427943, "MAPE": 40.9975325391914}, "test": {"MSE": 1.2450770927229025, "MAE": 0.8717408014706065, "RMSE": 1.1158302257614743, "MAPE": 42.8642917337622}}, "40": {"train": {"MSE": 1.428949494605007, "MAE": 0.864448359174629, "RMSE": 1.1953867552407493, "MAPE": 42.095624548294595}, "test": {"MSE": 1.2653886471252527, "MAE": 0.8903752165283784, "RMSE": 1.1248949493731637, "MAPE": 44.90085397039525}}, "50": {"train": {"MSE": 1.4465213750706596, "MAE": 0.8592324518608989, "RMSE": 1.202714170146282, "MAPE": 40.768247548783506}, "test": {"MSE": 1.248200889697081, "MAE": 0.8723740764784391, "RMSE": 1.1172291124460914, "MAPE": 42.884353294066585}}, "60": {"train": {"MSE": 1.4417262654030785, "MAE": 0.8578033963016559, "RMSE": 1.2007190618138277, "MAPE": 40.631641504457036}, "test": {"MSE": 1.2560264930115208, "MAE": 0.8769580935799505, "RMSE": 1.1207258777290372, "MAPE": 43.32053633263578}}, "70": {"train": {"MSE": 1.4443155222779598, "MAE": 0.8617193624087024, "RMSE": 1.2017967890945456, "MAPE": 41.261137553019786}, "test": {"MSE": 1.2523407289495743, "MAE": 0.8724241503513043, "RMSE": 1.1190803049600928, "MAPE": 42.806930302728595}}, "80": {"train": {"MSE": 1.4462447261530773, "MAE": 0.870914301997051, "RMSE": 1.2025991543956271, "MAPE": 42.37577981477765}, "test": {"MSE": 1.2535179315418976, "MAE": 0.8817472072333035, "RMSE": 1.119606150189386, "MAPE": 44.27109190120252}}, "90": {"train": {"MSE": 1.4444066465536212, "MAE": 0.8688931963379144, "RMSE": 1.2018347001786982, "MAPE": 41.93950573930145}, "test": {"MSE": 1.2627666433199656, "MAE": 0.8861066678178182, "RMSE": 1.1237289011678775, "MAPE": 44.47132224759743}}, "200": {"train": {"MSE": 1.4510390922099188, "MAE": 0.879454731060331, "RMSE": 1.2045908401652068, "MAPE": 43.260022720276645}, "test": {"MSE": 1.2497542553918382, "MAE": 0.8827028060570223, "RMSE": 1.1179240830180903, "MAPE": 44.70167180206378}}, "300": {"train": {"MSE": 1.4502832789891722, "MAE": 0.8655002151888764, "RMSE": 1.2042770773327758, "MAPE": 41.65117464054956}, "test": {"MSE": 1.2367714255423705, "MAE": 0.8641204880745529, "RMSE": 1.112102254984842, "MAPE": 42.24804474513038}}, "500": {"train": {"MSE": 1.4602208194408846, "MAE": 0.8934992890609931, "RMSE": 1.2083959696394575, "MAPE": 44.59546925948318}, "test": {"MSE": 1.2952439487051082, "MAE": 0.9160102400396863, "RMSE": 1.138087847534235, "MAPE": 48.03015501241747}}, "2000": {"train": {"MSE": 1.4560679469615574, "MAE": 0.8769900001207481, "RMSE": 1.2066764052394319, "MAPE": 42.7628326179745}, "test": {"MSE": 1.253644626130515, "MAE": 0.8811119412875984, "RMSE": 1.119662728740452, "MAPE": 44.36564347819108}}}