{"10": {"train": {"MSE": 1.34776889446206, "MAE": 0.8440093296727001, "RMSE": 1.1609344918909335, "MAPE": 40.900670746182}, "test": {"MSE": 1.319893992137427, "MAE": 0.9055314871808474, "RMSE": 1.1488663943807509, "MAPE": 45.64283145427623}}, "20": {"train": {"MSE": 1.3347274631363906, "MAE": 0.8404871103680378, "RMSE": 1.1553040565740218, "MAPE": 40.347365681814495}, "test": {"MSE": 1.3243902815758113, "MAE": 0.8961161782183541, "RMSE": 1.1508215680876908, "MAPE": 44.34378544501802}}, "30": {"train": {"MSE": 1.322549359507547, "MAE": 0.8406339208227152, "RMSE": 1.1500214604552157, "MAPE": 40.98588992595023}, "test": {"MSE": 1.3374461152142982, "MAE": 0.9015848605386233, "RMSE": 1.1564800539630151, "MAPE": 44.62214658242701}}, "40": {"train": {"MSE": 1.3228884131002512, "MAE": 0.8304814196566761, "RMSE": 1.1501688628632976, "MAPE": 39.44597271472936}, "test": {"MSE": 1.3201729846899886, "MAE": 0.894547057356722, "RMSE": 1.1489878087647356, "MAPE": 44.166024627243104}}, "50": {"train": {"MSE": 1.3095474509255947, "MAE": 0.8247023876223932, "RMSE": 1.14435460016797, "MAPE": 38.8156648618313}, "test": {"MSE": 1.327647396344774, "MAE": 0.8923065698514625, "RMSE": 1.1522358249702072, "MAPE": 43.73585346023978}}, "60": {"train": {"MSE": 1.3082509749937237, "MAE": 0.8314117738033725, "RMSE": 1.143787993901721, "MAPE": 39.76295479159307}, "test": {"MSE": 1.326998846176691, "MAE": 0.8949080207415552, "RMSE": 1.1519543594156372, "MAPE": 44.163990866467664}}, "70": {"train": {"MSE": 1.3123670563256697, "MAE": 0.8281369520115156, "RMSE": 1.145585900893368, "MAPE": 38.89545850236832}, "test": {"MSE": 1.3390437228632293, "MAE": 0.8861949959580893, "RMSE": 1.1571705677484323, "MAPE": 42.451998754349646}}, "80": {"train": {"MSE": 1.320734244031501, "MAE": 0.8414073782215312, "RMSE": 1.1492320235842286, "MAPE": 40.99414724536685}, "test": {"MSE": 1.3263321518677973, "MAE": 0.8961644005126994, "RMSE": 1.1516649477464342, "MAPE": 44.537467888800904}}, "90": {"train": {"MSE": 1.339111961886302, "MAE": 0.8406476032594383, "RMSE": 1.1572000526643187, "MAPE": 40.47780527675299}, "test": {"MSE": 1.3215820065608126, "MAE": 0.8961334981707946, "RMSE": 1.149600803131597, "MAPE": 44.21073549354343}}, "200": {"train": {"MSE": 1.3794954888844444, "MAE": 0.862333728993454, "RMSE": 1.174519258626458, "MAPE": 42.342066208543216}, "test": {"MSE": 1.30537961022176, "MAE": 0.8930368079459766, "RMSE": 1.1425321046787964, "MAPE": 44.50187279386659}}, "300": {"train": {"MSE": 1.344671691093812, "MAE": 0.8426915516541114, "RMSE": 1.1595997978155272, "MAPE": 40.32730765182808}, "test": {"MSE": 1.3090869542451005, "MAE": 0.8800855065492542, "RMSE": 1.1441533788112066, "MAPE": 42.57659976891766}}, "500": {"train": {"MSE": 1.3802446993940236, "MAE": 0.8664367409365801, "RMSE": 1.1748381588091288, "MAPE": 42.87349975386283}, "test": {"MSE": 1.3204029228216665, "MAE": 0.8886384345203666, "RMSE": 1.1490878655793326, "MAPE": 43.603382230886105}}, "2000": {"train": {"MSE": 1.3881093121441395, "MAE": 0.8745881676242806, "RMSE": 1.1781805091513522, "MAPE": 43.78070261818667}, "test": {"MSE": 1.3245218851856198, "MAE": 0.9148282432470277, "RMSE": 1.150878744779666, "MAPE": 46.98873176152179}}}