{"10": {"train": {"MSE": 1.3005787271387514, "MAE": 0.828069957902754, "RMSE": 1.1404291854993678, "MAPE": 40.02318519863211}, "test": {"MSE": 1.3111991540144183, "MAE": 0.9047508392589553, "RMSE": 1.1450760472625467, "MAPE": 45.729060621475604}}, "20": {"train": {"MSE": 1.2687666514924556, "MAE": 0.8157033819383027, "RMSE": 1.126395424126206, "MAPE": 38.86093351780789}, "test": {"MSE": 1.3466834738713105, "MAE": 0.9100536351460561, "RMSE": 1.160466920627775, "MAPE": 45.36263394404307}}, "30": {"train": {"MSE": 1.233446641325467, "MAE": 0.8083241179004035, "RMSE": 1.1106064295354439, "MAPE": 38.53621705954447}, "test": {"MSE": 1.3664001205285834, "MAE": 0.9174756314149126, "RMSE": 1.1689311872512356, "MAPE": 45.43453921439317}}, "40": {"train": {"MSE": 1.221483189646208, "MAE": 0.8047299632957892, "RMSE": 1.1052073061856802, "MAPE": 38.107355720595656}, "test": {"MSE": 1.3611888574568825, "MAE": 0.9230218156296366, "RMSE": 1.166699986053348, "MAPE": 46.21877602139685}}, "50": {"train": {"MSE": 1.2270286517918478, "MAE": 0.8155042542790639, "RMSE": 1.1077132534152725, "MAPE": 39.912184027499656}, "test": {"MSE": 1.3605051752338704, "MAE": 0.9246875031375753, "RMSE": 1.1664069509540271, "MAPE": 46.9570095121983}}, "60": {"train": {"MSE": 1.2482122016828052, "MAE": 0.8233591272991715, "RMSE": 1.1172341749529529, "MAPE": 40.2145287175152}, "test": {"MSE": 1.361993346125604, "MAE": 0.9176171629155805, "RMSE": 1.1670447061383742, "MAPE": 46.18722076794117}}, "70": {"train": {"MSE": 1.2036425805146735, "MAE": 0.8017321971540244, "RMSE": 1.0971064581501075, "MAPE": 38.44032617963995}, "test": {"MSE": 1.375301191205317, "MAE": 0.919427500524287, "RMSE": 1.172732361285096, "MAPE": 45.574892791674365}}, "80": {"train": {"MSE": 1.2150953074175788, "MAE": 0.8120993626649234, "RMSE": 1.1023136157272027, "MAPE": 39.404745923627985}, "test": {"MSE": 1.3597288969896972, "MAE": 0.9208444154474693, "RMSE": 1.1660741387191884, "MAPE": 45.81451576332419}}, "90": {"train": {"MSE": 1.2094538620985873, "MAE": 0.810578981555993, "RMSE": 1.0997517274815198, "MAPE": 39.53826633116914}, "test": {"MSE": 1.3626231225502066, "MAE": 0.9247991361723018, "RMSE": 1.1673144917074432, "MAPE": 46.502156558569645}}, "200": {"train": {"MSE": 1.2157683275399904, "MAE": 0.817394869626139, "RMSE": 1.1026188496212055, "MAPE": 39.75211843604531}, "test": {"MSE": 1.3965250845742425, "MAE": 0.9409330985338535, "RMSE": 1.1817466245241586, "MAPE": 47.61430093640093}}, "300": {"train": {"MSE": 1.3275381169644542, "MAE": 0.8300252616548153, "RMSE": 1.1521884034151941, "MAPE": 38.224218297332}, "test": {"MSE": 1.3418443539645986, "MAE": 0.8922628945202075, "RMSE": 1.1583800559249104, "MAPE": 42.47137435652195}}, "500": {"train": {"MSE": 1.338971410903244, "MAE": 0.8275928198649461, "RMSE": 1.1571393221661963, "MAPE": 37.83474954873171}, "test": {"MSE": 1.3212514676453704, "MAE": 0.8799944834783898, "RMSE": 1.149457031665547, "MAPE": 41.42327574323293}}, "2000": {"train": {"MSE": 1.40672635948321, "MAE": 0.9145309848530105, "RMSE": 1.1860549563503413, "MAPE": 47.8978974380418}, "test": {"MSE": 1.444004866283963, "MAE": 0.9830976497319633, "RMSE": 1.201667535670313, "MAPE": 53.796238156127664}}}