{"10": {"train": {"MSE": 1.249350286697372, "MAE": 0.8176381138533655, "RMSE": 1.1177433903617466, "MAPE": 39.39677604995309}, "test": {"MSE": 1.329220781288349, "MAE": 0.908476205520374, "RMSE": 1.1529183758134611, "MAPE": 44.97184951223064}}, "20": {"train": {"MSE": 1.226139298879555, "MAE": 0.8100315956644971, "RMSE": 1.1073117442163949, "MAPE": 38.856593684402256}, "test": {"MSE": 1.3274003106202514, "MAE": 0.9080311661509874, "RMSE": 1.1521285998621211, "MAPE": 45.37582784001412}}, "30": {"train": {"MSE": 1.1989150359512897, "MAE": 0.7988601824266943, "RMSE": 1.0949497869543103, "MAPE": 38.28443069357166}, "test": {"MSE": 1.3625151215227203, "MAE": 0.9213268932788815, "RMSE": 1.1672682303235706, "MAPE": 46.24252218476152}}, "40": {"train": {"MSE": 1.1627860794308524, "MAE": 0.7947395116877204, "RMSE": 1.0783255906408102, "MAPE": 37.881042882296555}, "test": {"MSE": 1.3683370532463093, "MAE": 0.9240773926848731, "RMSE": 1.1697593997255629, "MAPE": 46.187270169577296}}, "50": {"train": {"MSE": 1.1756543986206527, "MAE": 0.7947915851711147, "RMSE": 1.0842759789927345, "MAPE": 37.8814800025002}, "test": {"MSE": 1.3469737015068768, "MAE": 0.9101952249043231, "RMSE": 1.1605919616759703, "MAPE": 45.381574888442}}, "60": {"train": {"MSE": 1.2009051272970188, "MAE": 0.8164266342128286, "RMSE": 1.095858169334435, "MAPE": 39.87222655033016}, "test": {"MSE": 1.3819277095148195, "MAE": 0.931696057161146, "RMSE": 1.1755542137710278, "MAPE": 47.28114100623437}}, "70": {"train": {"MSE": 1.1825296393024662, "MAE": 0.8008756858218306, "RMSE": 1.0874417866269745, "MAPE": 38.70165815861931}, "test": {"MSE": 1.3880804331799694, "MAE": 0.9297069040054138, "RMSE": 1.1781682533407396, "MAPE": 46.732962494780125}}, "80": {"train": {"MSE": 1.1789715643625396, "MAE": 0.8013862973331017, "RMSE": 1.0858045700597043, "MAPE": 38.85659411060791}, "test": {"MSE": 1.3513980273836843, "MAE": 0.920571725475467, "RMSE": 1.1624964633854524, "MAPE": 46.96449484616781}}, "90": {"train": {"MSE": 1.1585572394352002, "MAE": 0.7927928920740914, "RMSE": 1.0763629682570839, "MAPE": 37.99548099528406}, "test": {"MSE": 1.3689988367026527, "MAE": 0.9220265205409531, "RMSE": 1.1700422371447334, "MAPE": 45.89636619613806}}, "200": {"train": {"MSE": 1.1713680775724518, "MAE": 0.797170294961007, "RMSE": 1.082297591964637, "MAPE": 38.33944319181074}, "test": {"MSE": 1.3569247491147949, "MAE": 0.920121855893981, "RMSE": 1.1648711298314482, "MAPE": 46.230002511355586}}, "300": {"train": {"MSE": 1.289400628619713, "MAE": 0.8494110795216353, "RMSE": 1.1355177799663523, "MAPE": 42.15336833952444}, "test": {"MSE": 1.3559871101200174, "MAE": 0.92481337325579, "RMSE": 1.1644685955920053, "MAPE": 47.68524100352952}}, "500": {"train": {"MSE": 1.3052579573628569, "MAE": 0.8318384716626667, "RMSE": 1.142478865171193, "MAPE": 39.30496412097488}, "test": {"MSE": 1.310721830383299, "MAE": 0.8899041607779691, "RMSE": 1.1448676038666215, "MAPE": 43.42586294974229}}, "2000": {"train": {"MSE": 1.3314289438085016, "MAE": 0.8275519883054118, "RMSE": 1.15387561886388, "MAPE": 37.622969126921454}, "test": {"MSE": 1.3261533563917116, "MAE": 0.8818076879172286, "RMSE": 1.1515873203503553, "MAPE": 42.05564794902046}}}