{"10": {"train": {"MSE": 0.897563247697003, "MAE": 0.7607149211947692, "RMSE": 0.9473981463445045, "MAPE": 41.838086290427896}, "test": {"MSE": 1.4354397464438498, "MAE": 0.9412712414391955, "RMSE": 1.1980983876309366, "MAPE": 50.00322884612194}}, "20": {"train": {"MSE": 0.897563247697003, "MAE": 0.7607149211947692, "RMSE": 0.9473981463445045, "MAPE": 41.838086290427896}, "test": {"MSE": 1.4354397464438498, "MAE": 0.9412712414391955, "RMSE": 1.1980983876309366, "MAPE": 50.00322884612194}}, "30": {"train": {"MSE": 0.897563247697003, "MAE": 0.7607149211947692, "RMSE": 0.9473981463445045, "MAPE": 41.838086290427896}, "test": {"MSE": 1.4354397464438498, "MAE": 0.9412712414391955, "RMSE": 1.1980983876309366, "MAPE": 50.00322884612194}}, "40": {"train": {"MSE": 0.897563247697003, "MAE": 0.7607149211947692, "RMSE": 0.9473981463445045, "MAPE": 41.838086290427896}, "test": {"MSE": 1.4354397464438498, "MAE": 0.9412712414391955, "RMSE": 1.1980983876309366, "MAPE": 50.00322884612194}}, "50": {"train": {"MSE": 0.897563247697003, "MAE": 0.7607149211947692, "RMSE": 0.9473981463445045, "MAPE": 41.838086290427896}, "test": {"MSE": 1.4354397464438498, "MAE": 0.9412712414391955, "RMSE": 1.1980983876309366, "MAPE": 50.00322884612194}}, "60": {"train": {"MSE": 0.897563247697003, "MAE": 0.7607149211947692, "RMSE": 0.9473981463445045, "MAPE": 41.838086290427896}, "test": {"MSE": 1.4354397464438498, "MAE": 0.9412712414391955, "RMSE": 1.1980983876309366, "MAPE": 50.00322884612194}}, "70": {"train": {"MSE": 0.897563247697003, "MAE": 0.7607149211947692, "RMSE": 0.9473981463445045, "MAPE": 41.838086290427896}, "test": {"MSE": 1.4354397464438498, "MAE": 0.9412712414391955, "RMSE": 1.1980983876309366, "MAPE": 50.00322884612194}}, "80": {"train": {"MSE": 0.897563247697003, "MAE": 0.7607149211947692, "RMSE": 0.9473981463445045, "MAPE": 41.838086290427896}, "test": {"MSE": 1.4354397464438498, "MAE": 0.9412712414391955, "RMSE": 1.1980983876309366, "MAPE": 50.00322884612194}}, "90": {"train": {"MSE": 0.897563247697003, "MAE": 0.7607149211947692, "RMSE": 0.9473981463445045, "MAPE": 41.838086290427896}, "test": {"MSE": 1.4354397464438498, "MAE": 0.9412712414391955, "RMSE": 1.1980983876309366, "MAPE": 50.00322884612194}}, "200": {"train": {"MSE": 0.897563247697003, "MAE": 0.7607149211947692, "RMSE": 0.9473981463445045, "MAPE": 41.838086290427896}, "test": {"MSE": 1.4354397464438498, "MAE": 0.9412712414391955, "RMSE": 1.1980983876309366, "MAPE": 50.00322884612194}}, "300": {"train": {"MSE": 0.897563247697003, "MAE": 0.7607149211947692, "RMSE": 0.9473981463445045, "MAPE": 41.838086290427896}, "test": {"MSE": 1.4354397464438498, "MAE": 0.9412712414391955, "RMSE": 1.1980983876309366, "MAPE": 50.00322884612194}}, "500": {"train": {"MSE": 0.897563247697003, "MAE": 0.7607149211947692, "RMSE": 0.9473981463445045, "MAPE": 41.838086290427896}, "test": {"MSE": 1.4354397464438498, "MAE": 0.9412712414391955, "RMSE": 1.1980983876309366, "MAPE": 50.00322884612194}}}