{"10": {"train": {"MSE": 1.080854988338656, "MAE": 0.8434593993909956, "RMSE": 1.0396417596165788, "MAPE": 47.0805301121777}, "test": {"MSE": 1.450108465216991, "MAE": 0.9630307964924228, "RMSE": 1.2042044947669772, "MAPE": 52.747485974955374}}, "20": {"train": {"MSE": 1.080854988338656, "MAE": 0.8434593993909956, "RMSE": 1.0396417596165788, "MAPE": 47.0805301121777}, "test": {"MSE": 1.450108465216991, "MAE": 0.9630307964924228, "RMSE": 1.2042044947669772, "MAPE": 52.747485974955374}}, "30": {"train": {"MSE": 1.080854988338656, "MAE": 0.8434593993909956, "RMSE": 1.0396417596165788, "MAPE": 47.0805301121777}, "test": {"MSE": 1.450108465216991, "MAE": 0.9630307964924228, "RMSE": 1.2042044947669772, "MAPE": 52.747485974955374}}, "40": {"train": {"MSE": 1.080854988338656, "MAE": 0.8434593993909956, "RMSE": 1.0396417596165788, "MAPE": 47.0805301121777}, "test": {"MSE": 1.450108465216991, "MAE": 0.9630307964924228, "RMSE": 1.2042044947669772, "MAPE": 52.747485974955374}}, "50": {"train": {"MSE": 1.080854988338656, "MAE": 0.8434593993909956, "RMSE": 1.0396417596165788, "MAPE": 47.0805301121777}, "test": {"MSE": 1.450108465216991, "MAE": 0.9630307964924228, "RMSE": 1.2042044947669772, "MAPE": 52.747485974955374}}, "60": {"train": {"MSE": 1.080854988338656, "MAE": 0.8434593993909956, "RMSE": 1.0396417596165788, "MAPE": 47.0805301121777}, "test": {"MSE": 1.450108465216991, "MAE": 0.9630307964924228, "RMSE": 1.2042044947669772, "MAPE": 52.747485974955374}}, "70": {"train": {"MSE": 1.080854988338656, "MAE": 0.8434593993909956, "RMSE": 1.0396417596165788, "MAPE": 47.0805301121777}, "test": {"MSE": 1.450108465216991, "MAE": 0.9630307964924228, "RMSE": 1.2042044947669772, "MAPE": 52.747485974955374}}, "80": {"train": {"MSE": 1.080854988338656, "MAE": 0.8434593993909956, "RMSE": 1.0396417596165788, "MAPE": 47.0805301121777}, "test": {"MSE": 1.450108465216991, "MAE": 0.9630307964924228, "RMSE": 1.2042044947669772, "MAPE": 52.747485974955374}}, "90": {"train": {"MSE": 1.080854988338656, "MAE": 0.8434593993909956, "RMSE": 1.0396417596165788, "MAPE": 47.0805301121777}, "test": {"MSE": 1.450108465216991, "MAE": 0.9630307964924228, "RMSE": 1.2042044947669772, "MAPE": 52.747485974955374}}, "200": {"train": {"MSE": 1.080854988338656, "MAE": 0.8434593993909956, "RMSE": 1.0396417596165788, "MAPE": 47.0805301121777}, "test": {"MSE": 1.450108465216991, "MAE": 0.9630307964924228, "RMSE": 1.2042044947669772, "MAPE": 52.747485974955374}}, "300": {"train": {"MSE": 1.080854988338656, "MAE": 0.8434593993909956, "RMSE": 1.0396417596165788, "MAPE": 47.0805301121777}, "test": {"MSE": 1.450108465216991, "MAE": 0.9630307964924228, "RMSE": 1.2042044947669772, "MAPE": 52.747485974955374}}, "500": {"train": {"MSE": 1.080854988338656, "MAE": 0.8434593993909956, "RMSE": 1.0396417596165788, "MAPE": 47.0805301121777}, "test": {"MSE": 1.450108465216991, "MAE": 0.9630307964924228, "RMSE": 1.2042044947669772, "MAPE": 52.747485974955374}}}