{"10": {"train": {"MSE": 1.1548320776530643, "MAE": 0.8587559727460911, "RMSE": 1.0746311356242495, "MAPE": 47.9113612193718}, "test": {"MSE": 1.3748724540250166, "MAE": 0.9544194907617497, "RMSE": 1.1725495529081134, "MAPE": 51.45351176221672}}, "20": {"train": {"MSE": 1.1548320776530643, "MAE": 0.8587559727460911, "RMSE": 1.0746311356242495, "MAPE": 47.9113612193718}, "test": {"MSE": 1.3748724540250166, "MAE": 0.9544194907617497, "RMSE": 1.1725495529081134, "MAPE": 51.45351176221672}}, "30": {"train": {"MSE": 1.1548320776530643, "MAE": 0.8587559727460911, "RMSE": 1.0746311356242495, "MAPE": 47.9113612193718}, "test": {"MSE": 1.3748724540250166, "MAE": 0.9544194907617497, "RMSE": 1.1725495529081134, "MAPE": 51.45351176221672}}, "40": {"train": {"MSE": 1.1548320776530643, "MAE": 0.8587559727460911, "RMSE": 1.0746311356242495, "MAPE": 47.9113612193718}, "test": {"MSE": 1.3748724540250166, "MAE": 0.9544194907617497, "RMSE": 1.1725495529081134, "MAPE": 51.45351176221672}}, "50": {"train": {"MSE": 1.1548320776530643, "MAE": 0.8587559727460911, "RMSE": 1.0746311356242495, "MAPE": 47.9113612193718}, "test": {"MSE": 1.3748724540250166, "MAE": 0.9544194907617497, "RMSE": 1.1725495529081134, "MAPE": 51.45351176221672}}, "60": {"train": {"MSE": 1.1548320776530643, "MAE": 0.8587559727460911, "RMSE": 1.0746311356242495, "MAPE": 47.9113612193718}, "test": {"MSE": 1.3748724540250166, "MAE": 0.9544194907617497, "RMSE": 1.1725495529081134, "MAPE": 51.45351176221672}}, "70": {"train": {"MSE": 1.1548320776530643, "MAE": 0.8587559727460911, "RMSE": 1.0746311356242495, "MAPE": 47.9113612193718}, "test": {"MSE": 1.3748724540250166, "MAE": 0.9544194907617497, "RMSE": 1.1725495529081134, "MAPE": 51.45351176221672}}, "80": {"train": {"MSE": 1.1548320776530643, "MAE": 0.8587559727460911, "RMSE": 1.0746311356242495, "MAPE": 47.9113612193718}, "test": {"MSE": 1.3748724540250166, "MAE": 0.9544194907617497, "RMSE": 1.1725495529081134, "MAPE": 51.45351176221672}}, "90": {"train": {"MSE": 1.1548320776530643, "MAE": 0.8587559727460911, "RMSE": 1.0746311356242495, "MAPE": 47.9113612193718}, "test": {"MSE": 1.3748724540250166, "MAE": 0.9544194907617497, "RMSE": 1.1725495529081134, "MAPE": 51.45351176221672}}, "200": {"train": {"MSE": 1.1548320776530643, "MAE": 0.8587559727460911, "RMSE": 1.0746311356242495, "MAPE": 47.9113612193718}, "test": {"MSE": 1.3748724540250166, "MAE": 0.9544194907617497, "RMSE": 1.1725495529081134, "MAPE": 51.45351176221672}}, "300": {"train": {"MSE": 1.1548320776530643, "MAE": 0.8587559727460911, "RMSE": 1.0746311356242495, "MAPE": 47.9113612193718}, "test": {"MSE": 1.3748724540250166, "MAE": 0.9544194907617497, "RMSE": 1.1725495529081134, "MAPE": 51.45351176221672}}, "500": {"train": {"MSE": 1.1548320776530643, "MAE": 0.8587559727460911, "RMSE": 1.0746311356242495, "MAPE": 47.9113612193718}, "test": {"MSE": 1.3748724540250166, "MAE": 0.9544194907617497, "RMSE": 1.1725495529081134, "MAPE": 51.45351176221672}}}