{"10": {"train": {"MSE": 0.8515285215235546, "MAE": 0.7376708031354576, "RMSE": 0.9227830305784532, "MAPE": 40.666141052926456}, "test": {"MSE": 1.3627082369873598, "MAE": 0.9037469027573045, "RMSE": 1.16735094851007, "MAPE": 48.09119304955665}}, "20": {"train": {"MSE": 0.8515285215235546, "MAE": 0.7376708031354576, "RMSE": 0.9227830305784532, "MAPE": 40.666141052926456}, "test": {"MSE": 1.3627082369873598, "MAE": 0.9037469027573045, "RMSE": 1.16735094851007, "MAPE": 48.09119304955665}}, "30": {"train": {"MSE": 0.8515285215235546, "MAE": 0.7376708031354576, "RMSE": 0.9227830305784532, "MAPE": 40.666141052926456}, "test": {"MSE": 1.3627082369873598, "MAE": 0.9037469027573045, "RMSE": 1.16735094851007, "MAPE": 48.09119304955665}}, "40": {"train": {"MSE": 0.8515285215235546, "MAE": 0.7376708031354576, "RMSE": 0.9227830305784532, "MAPE": 40.666141052926456}, "test": {"MSE": 1.3627082369873598, "MAE": 0.9037469027573045, "RMSE": 1.16735094851007, "MAPE": 48.09119304955665}}, "50": {"train": {"MSE": 0.8515285215235546, "MAE": 0.7376708031354576, "RMSE": 0.9227830305784532, "MAPE": 40.666141052926456}, "test": {"MSE": 1.3627082369873598, "MAE": 0.9037469027573045, "RMSE": 1.16735094851007, "MAPE": 48.09119304955665}}, "60": {"train": {"MSE": 0.8515285215235546, "MAE": 0.7376708031354576, "RMSE": 0.9227830305784532, "MAPE": 40.666141052926456}, "test": {"MSE": 1.3627082369873598, "MAE": 0.9037469027573045, "RMSE": 1.16735094851007, "MAPE": 48.09119304955665}}, "70": {"train": {"MSE": 0.8515285215235546, "MAE": 0.7376708031354576, "RMSE": 0.9227830305784532, "MAPE": 40.666141052926456}, "test": {"MSE": 1.3627082369873598, "MAE": 0.9037469027573045, "RMSE": 1.16735094851007, "MAPE": 48.09119304955665}}, "80": {"train": {"MSE": 0.8515285215235546, "MAE": 0.7376708031354576, "RMSE": 0.9227830305784532, "MAPE": 40.666141052926456}, "test": {"MSE": 1.3627082369873598, "MAE": 0.9037469027573045, "RMSE": 1.16735094851007, "MAPE": 48.09119304955665}}, "90": {"train": {"MSE": 0.8515285215235546, "MAE": 0.7376708031354576, "RMSE": 0.9227830305784532, "MAPE": 40.666141052926456}, "test": {"MSE": 1.3627082369873598, "MAE": 0.9037469027573045, "RMSE": 1.16735094851007, "MAPE": 48.09119304955665}}, "200": {"train": {"MSE": 0.8515285215235546, "MAE": 0.7376708031354576, "RMSE": 0.9227830305784532, "MAPE": 40.666141052926456}, "test": {"MSE": 1.3627082369873598, "MAE": 0.9037469027573045, "RMSE": 1.16735094851007, "MAPE": 48.09119304955665}}, "300": {"train": {"MSE": 0.8515285215235546, "MAE": 0.7376708031354576, "RMSE": 0.9227830305784532, "MAPE": 40.666141052926456}, "test": {"MSE": 1.3627082369873598, "MAE": 0.9037469027573045, "RMSE": 1.16735094851007, "MAPE": 48.09119304955665}}, "500": {"train": {"MSE": 0.8515285215235546, "MAE": 0.7376708031354576, "RMSE": 0.9227830305784532, "MAPE": 40.666141052926456}, "test": {"MSE": 1.3627082369873598, "MAE": 0.9037469027573045, "RMSE": 1.16735094851007, "MAPE": 48.09119304955665}}}