{"10": {"train": {"MSE": 1.108562898766686, "MAE": 0.8525280453578354, "RMSE": 1.0528831363293298, "MAPE": 47.545464977668104}, "test": {"MSE": 1.3915498517086815, "MAE": 0.9281663488364613, "RMSE": 1.179639712670221, "MAPE": 50.38704321232306}}, "20": {"train": {"MSE": 1.108562898766686, "MAE": 0.8525280453578354, "RMSE": 1.0528831363293298, "MAPE": 47.545464977668104}, "test": {"MSE": 1.3915498517086815, "MAE": 0.9281663488364613, "RMSE": 1.179639712670221, "MAPE": 50.38704321232306}}, "30": {"train": {"MSE": 1.108562898766686, "MAE": 0.8525280453578354, "RMSE": 1.0528831363293298, "MAPE": 47.545464977668104}, "test": {"MSE": 1.3915498517086815, "MAE": 0.9281663488364613, "RMSE": 1.179639712670221, "MAPE": 50.38704321232306}}, "40": {"train": {"MSE": 1.108562898766686, "MAE": 0.8525280453578354, "RMSE": 1.0528831363293298, "MAPE": 47.545464977668104}, "test": {"MSE": 1.3915498517086815, "MAE": 0.9281663488364613, "RMSE": 1.179639712670221, "MAPE": 50.38704321232306}}, "50": {"train": {"MSE": 1.108562898766686, "MAE": 0.8525280453578354, "RMSE": 1.0528831363293298, "MAPE": 47.545464977668104}, "test": {"MSE": 1.3915498517086815, "MAE": 0.9281663488364613, "RMSE": 1.179639712670221, "MAPE": 50.38704321232306}}, "60": {"train": {"MSE": 1.108562898766686, "MAE": 0.8525280453578354, "RMSE": 1.0528831363293298, "MAPE": 47.545464977668104}, "test": {"MSE": 1.3915498517086815, "MAE": 0.9281663488364613, "RMSE": 1.179639712670221, "MAPE": 50.38704321232306}}, "70": {"train": {"MSE": 1.108562898766686, "MAE": 0.8525280453578354, "RMSE": 1.0528831363293298, "MAPE": 47.545464977668104}, "test": {"MSE": 1.3915498517086815, "MAE": 0.9281663488364613, "RMSE": 1.179639712670221, "MAPE": 50.38704321232306}}, "80": {"train": {"MSE": 1.108562898766686, "MAE": 0.8525280453578354, "RMSE": 1.0528831363293298, "MAPE": 47.545464977668104}, "test": {"MSE": 1.3915498517086815, "MAE": 0.9281663488364613, "RMSE": 1.179639712670221, "MAPE": 50.38704321232306}}, "90": {"train": {"MSE": 1.108562898766686, "MAE": 0.8525280453578354, "RMSE": 1.0528831363293298, "MAPE": 47.545464977668104}, "test": {"MSE": 1.3915498517086815, "MAE": 0.9281663488364613, "RMSE": 1.179639712670221, "MAPE": 50.38704321232306}}, "200": {"train": {"MSE": 1.108562898766686, "MAE": 0.8525280453578354, "RMSE": 1.0528831363293298, "MAPE": 47.545464977668104}, "test": {"MSE": 1.3915498517086815, "MAE": 0.9281663488364613, "RMSE": 1.179639712670221, "MAPE": 50.38704321232306}}, "300": {"train": {"MSE": 1.108562898766686, "MAE": 0.8525280453578354, "RMSE": 1.0528831363293298, "MAPE": 47.545464977668104}, "test": {"MSE": 1.3915498517086815, "MAE": 0.9281663488364613, "RMSE": 1.179639712670221, "MAPE": 50.38704321232306}}, "500": {"train": {"MSE": 1.108562898766686, "MAE": 0.8525280453578354, "RMSE": 1.0528831363293298, "MAPE": 47.545464977668104}, "test": {"MSE": 1.3915498517086815, "MAE": 0.9281663488364613, "RMSE": 1.179639712670221, "MAPE": 50.38704321232306}}}