{"10": {"train": {"MSE": 0.8807808322668322, "MAE": 0.7567866597316185, "RMSE": 0.9384992446810132, "MAPE": 41.69093995859692}, "test": {"MSE": 1.4383243179558531, "MAE": 0.9443170752824169, "RMSE": 1.1993015959114925, "MAPE": 49.89098373786939}}, "20": {"train": {"MSE": 0.8807808322668322, "MAE": 0.7567866597316185, "RMSE": 0.9384992446810132, "MAPE": 41.69093995859692}, "test": {"MSE": 1.4383243179558531, "MAE": 0.9443170752824169, "RMSE": 1.1993015959114925, "MAPE": 49.89098373786939}}, "30": {"train": {"MSE": 0.8807808322668322, "MAE": 0.7567866597316185, "RMSE": 0.9384992446810132, "MAPE": 41.69093995859692}, "test": {"MSE": 1.4383243179558531, "MAE": 0.9443170752824169, "RMSE": 1.1993015959114925, "MAPE": 49.89098373786939}}, "40": {"train": {"MSE": 0.8807808322668322, "MAE": 0.7567866597316185, "RMSE": 0.9384992446810132, "MAPE": 41.69093995859692}, "test": {"MSE": 1.4383243179558531, "MAE": 0.9443170752824169, "RMSE": 1.1993015959114925, "MAPE": 49.89098373786939}}, "50": {"train": {"MSE": 0.8807808322668322, "MAE": 0.7567866597316185, "RMSE": 0.9384992446810132, "MAPE": 41.69093995859692}, "test": {"MSE": 1.4383243179558531, "MAE": 0.9443170752824169, "RMSE": 1.1993015959114925, "MAPE": 49.89098373786939}}, "60": {"train": {"MSE": 0.8807808322668322, "MAE": 0.7567866597316185, "RMSE": 0.9384992446810132, "MAPE": 41.69093995859692}, "test": {"MSE": 1.4383243179558531, "MAE": 0.9443170752824169, "RMSE": 1.1993015959114925, "MAPE": 49.89098373786939}}, "70": {"train": {"MSE": 0.8807808322668322, "MAE": 0.7567866597316185, "RMSE": 0.9384992446810132, "MAPE": 41.69093995859692}, "test": {"MSE": 1.4383243179558531, "MAE": 0.9443170752824169, "RMSE": 1.1993015959114925, "MAPE": 49.89098373786939}}, "80": {"train": {"MSE": 0.8807808322668322, "MAE": 0.7567866597316185, "RMSE": 0.9384992446810132, "MAPE": 41.69093995859692}, "test": {"MSE": 1.4383243179558531, "MAE": 0.9443170752824169, "RMSE": 1.1993015959114925, "MAPE": 49.89098373786939}}, "90": {"train": {"MSE": 0.8807808322668322, "MAE": 0.7567866597316185, "RMSE": 0.9384992446810132, "MAPE": 41.69093995859692}, "test": {"MSE": 1.4383243179558531, "MAE": 0.9443170752824169, "RMSE": 1.1993015959114925, "MAPE": 49.89098373786939}}, "200": {"train": {"MSE": 0.8807808322668322, "MAE": 0.7567866597316185, "RMSE": 0.9384992446810132, "MAPE": 41.69093995859692}, "test": {"MSE": 1.4383243179558531, "MAE": 0.9443170752824169, "RMSE": 1.1993015959114925, "MAPE": 49.89098373786939}}, "300": {"train": {"MSE": 0.8807808322668322, "MAE": 0.7567866597316185, "RMSE": 0.9384992446810132, "MAPE": 41.69093995859692}, "test": {"MSE": 1.4383243179558531, "MAE": 0.9443170752824169, "RMSE": 1.1993015959114925, "MAPE": 49.89098373786939}}, "500": {"train": {"MSE": 0.8807808322668322, "MAE": 0.7567866597316185, "RMSE": 0.9384992446810132, "MAPE": 41.69093995859692}, "test": {"MSE": 1.4383243179558531, "MAE": 0.9443170752824169, "RMSE": 1.1993015959114925, "MAPE": 49.89098373786939}}}