{"10": {"train": {"MSE": 1.2060500830620173, "MAE": 0.8134453069478534, "RMSE": 1.098203115576539, "MAPE": 38.59383375627662}, "test": {"MSE": 1.4947047988862745, "MAE": 0.9607554771503826, "RMSE": 1.222581203391527, "MAPE": 49.18455057175615}}, "20": {"train": {"MSE": 1.18509486304696, "MAE": 0.7938793407018451, "RMSE": 1.0886206240224185, "MAPE": 36.998950941717915}, "test": {"MSE": 1.4924500696515959, "MAE": 0.9447193563631124, "RMSE": 1.2216587369849223, "MAPE": 47.87451150123092}}, "30": {"train": {"MSE": 1.1584450267220257, "MAE": 0.7971391177718883, "RMSE": 1.0763108411244522, "MAPE": 37.706946199601944}, "test": {"MSE": 1.5235866645079736, "MAE": 0.956217482749063, "RMSE": 1.2343365280619276, "MAPE": 48.603604762367276}}, "40": {"train": {"MSE": 1.1427647636882365, "MAE": 0.7857319679515398, "RMSE": 1.0690017603765845, "MAPE": 36.68470386900707}, "test": {"MSE": 1.5329934039027002, "MAE": 0.9549527619828448, "RMSE": 1.2381411082355276, "MAPE": 47.78553827481086}}, "50": {"train": {"MSE": 1.1378552924166405, "MAE": 0.7897338603821389, "RMSE": 1.0667030010347962, "MAPE": 37.28520878443366}, "test": {"MSE": 1.5288807354080636, "MAE": 0.9560309396481926, "RMSE": 1.2364791690150156, "MAPE": 48.17518108954694}}, "60": {"train": {"MSE": 1.1106335746405058, "MAE": 0.7786160066061923, "RMSE": 1.0538660136091806, "MAPE": 36.37999180949989}, "test": {"MSE": 1.5561361010101167, "MAE": 0.9797069978916316, "RMSE": 1.2474518431627397, "MAPE": 50.48340069216437}}, "70": {"train": {"MSE": 1.1456867778129467, "MAE": 0.7907432803678496, "RMSE": 1.0703675900422933, "MAPE": 37.10320454788938}, "test": {"MSE": 1.5707387900830314, "MAE": 0.980615037569409, "RMSE": 1.253291183278264, "MAPE": 50.99838140979471}}, "80": {"train": {"MSE": 1.1118962859331176, "MAE": 0.7863679538933366, "RMSE": 1.0544649287354784, "MAPE": 37.28134774756154}, "test": {"MSE": 1.5404832607468761, "MAE": 0.9674918767277232, "RMSE": 1.2411620606298261, "MAPE": 49.073001293639464}}, "90": {"train": {"MSE": 1.0761480607067764, "MAE": 0.774601799821955, "RMSE": 1.037375563962626, "MAPE": 36.998883035974664}, "test": {"MSE": 1.6176418486773088, "MAE": 1.0134258158102294, "RMSE": 1.2718654994445397, "MAPE": 53.82291817049262}}, "200": {"train": {"MSE": 1.1236644819408153, "MAE": 0.7834561698033332, "RMSE": 1.0600304155734472, "MAPE": 36.49505711432909}, "test": {"MSE": 1.4983702570972617, "MAE": 0.9469774245618497, "RMSE": 1.2240793508172834, "MAPE": 47.913039532387025}}, "300": {"train": {"MSE": 1.1682533287851202, "MAE": 0.7973515015867699, "RMSE": 1.0808576820216065, "MAPE": 37.2942522149704}, "test": {"MSE": 1.5255783372539924, "MAE": 0.9562684559765516, "RMSE": 1.2351430432358805, "MAPE": 48.52154351739553}}, "500": {"train": {"MSE": 1.3248818508810059, "MAE": 0.865492540639007, "RMSE": 1.1510351214802292, "MAPE": 41.926304106347395}, "test": {"MSE": 1.5258870600607994, "MAE": 0.9582469912105073, "RMSE": 1.2352680114294223, "MAPE": 49.267165705531255}}, "2000": {"train": {"MSE": 1.3559204908328968, "MAE": 0.8776554419046082, "RMSE": 1.164439990224012, "MAPE": 42.641086966144435}, "test": {"MSE": 1.5089129658011096, "MAE": 0.9358400449362223, "RMSE": 1.2283781851698237, "MAPE": 45.63489786410182}}}