{"10": {"train": {"MSE": 1.3483283830174915, "MAE": 0.8475984177443565, "RMSE": 1.1611754316284388, "MAPE": 40.762142569166656}, "test": {"MSE": 1.3857648476683964, "MAE": 0.9124069581756539, "RMSE": 1.1771851373800115, "MAPE": 46.1514778767733}}, "20": {"train": {"MSE": 1.3558339830126038, "MAE": 0.8512648015638362, "RMSE": 1.1644028439559069, "MAPE": 40.77357753293601}, "test": {"MSE": 1.386987488375249, "MAE": 0.9250551977780689, "RMSE": 1.1777043297768965, "MAPE": 47.56229401882962}}, "30": {"train": {"MSE": 1.2942710448650734, "MAE": 0.8398469488926146, "RMSE": 1.1376603380908878, "MAPE": 40.346718387770196}, "test": {"MSE": 1.4146738628987159, "MAE": 0.9299005465163209, "RMSE": 1.1894006317884298, "MAPE": 47.39472211078568}}, "40": {"train": {"MSE": 1.313126214654178, "MAE": 0.8451455225942517, "RMSE": 1.145917193628832, "MAPE": 40.60374603670034}, "test": {"MSE": 1.435138069357481, "MAE": 0.9409173630460166, "RMSE": 1.197972482721319, "MAPE": 48.33833890458572}}, "50": {"train": {"MSE": 1.2899686682087763, "MAE": 0.8315592888010357, "RMSE": 1.1357678760243117, "MAPE": 39.45800199440374}, "test": {"MSE": 1.4139114664002177, "MAE": 0.9194189669858558, "RMSE": 1.1890800925085818, "MAPE": 46.014840099554135}}, "60": {"train": {"MSE": 1.2827283130917173, "MAE": 0.828239554960991, "RMSE": 1.132575963497247, "MAPE": 38.9940673224349}, "test": {"MSE": 1.4558529210177953, "MAE": 0.9317693265116629, "RMSE": 1.206587303520883, "MAPE": 46.7287518037569}}, "70": {"train": {"MSE": 1.2763403653805587, "MAE": 0.8263482265757071, "RMSE": 1.1297523469241206, "MAPE": 39.07495950331285}, "test": {"MSE": 1.4288602632440217, "MAE": 0.9209044077556054, "RMSE": 1.195349431440038, "MAPE": 46.12822190690442}}, "80": {"train": {"MSE": 1.2865160078973181, "MAE": 0.8518412197165093, "RMSE": 1.1342468901863112, "MAPE": 41.82959222818408}, "test": {"MSE": 1.4142078439060257, "MAE": 0.9279620908961727, "RMSE": 1.1892047106810608, "MAPE": 47.287783482464214}}, "90": {"train": {"MSE": 1.2846023790585155, "MAE": 0.8283110459605121, "RMSE": 1.1334030082272217, "MAPE": 38.77926733050971}, "test": {"MSE": 1.4108661530145714, "MAE": 0.916113958715203, "RMSE": 1.1877988689229213, "MAPE": 45.69473445717039}}, "200": {"train": {"MSE": 1.3168789526470148, "MAE": 0.8328164175832843, "RMSE": 1.147553463960183, "MAPE": 38.551769059715724}, "test": {"MSE": 1.4377855162408026, "MAE": 0.9236332218153295, "RMSE": 1.1990769434197301, "MAPE": 46.13633942079723}}, "300": {"train": {"MSE": 1.3809524691459143, "MAE": 0.8789473447036099, "RMSE": 1.17513934031072, "MAPE": 42.70430488813401}, "test": {"MSE": 1.4452813267282303, "MAE": 0.9353797673766419, "RMSE": 1.2021985388147127, "MAPE": 47.83300334053506}}, "500": {"train": {"MSE": 1.410665126024819, "MAE": 0.902262758935567, "RMSE": 1.1877142442628272, "MAPE": 45.756452818655}, "test": {"MSE": 1.420246473810354, "MAE": 0.9388601277868481, "RMSE": 1.1917409424075158, "MAPE": 48.98476212285402}}, "2000": {"train": {"MSE": 1.4165433755767118, "MAE": 0.9098763664618768, "RMSE": 1.1901862776795538, "MAPE": 45.992699000054756}, "test": {"MSE": 1.4724176304919196, "MAE": 0.9663014627758041, "RMSE": 1.2134321697119785, "MAPE": 51.816014419972426}}}