{"10": {"train": {"MSE": 1.4923108122981807, "MAE": 0.8804082665057054, "RMSE": 1.2216017404613424, "MAPE": 42.301691717190046}, "test": {"MSE": 1.3326395891094516, "MAE": 0.8894791691554655, "RMSE": 1.1544000992331263, "MAPE": 43.959585345767344}}, "20": {"train": {"MSE": 1.4952140722263763, "MAE": 0.883891555459827, "RMSE": 1.2227894635735035, "MAPE": 42.750577003243095}, "test": {"MSE": 1.3337561040590689, "MAE": 0.8891965325553424, "RMSE": 1.1548835889643028, "MAPE": 43.77013167277273}}, "30": {"train": {"MSE": 1.5022760070015633, "MAE": 0.8931185004623824, "RMSE": 1.2256736951577134, "MAPE": 43.60876857409093}, "test": {"MSE": 1.3191920991464388, "MAE": 0.8920734551662103, "RMSE": 1.1485608817761637, "MAPE": 44.69779314353984}}, "40": {"train": {"MSE": 1.4970858058500667, "MAE": 0.8869019129258319, "RMSE": 1.223554578206492, "MAPE": 42.940703359268284}, "test": {"MSE": 1.3365415470194602, "MAE": 0.8951196072402796, "RMSE": 1.1560889010017612, "MAPE": 44.5664312707566}}, "50": {"train": {"MSE": 1.5023277175198877, "MAE": 0.875322554513238, "RMSE": 1.22569478970904, "MAPE": 41.451004884898076}, "test": {"MSE": 1.3213240612853194, "MAE": 0.8844630874208836, "RMSE": 1.149488608593108, "MAPE": 43.27612469434119}}, "60": {"train": {"MSE": 1.4986253795906666, "MAE": 0.8917874042318777, "RMSE": 1.2241835563307761, "MAPE": 43.456569234080895}, "test": {"MSE": 1.3286259151643034, "MAE": 0.8946850511577941, "RMSE": 1.1526603641855233, "MAPE": 44.86383312115547}}, "70": {"train": {"MSE": 1.502689511623915, "MAE": 0.8966929324960042, "RMSE": 1.2258423681794959, "MAPE": 44.073421727033285}, "test": {"MSE": 1.327892354133903, "MAE": 0.8931516493390469, "RMSE": 1.152342116792536, "MAPE": 44.7329752806301}}, "80": {"train": {"MSE": 1.5046444593867796, "MAE": 0.8932127515965577, "RMSE": 1.2266394985433902, "MAPE": 43.80960636998276}, "test": {"MSE": 1.3203784063606523, "MAE": 0.8929394290547176, "RMSE": 1.1490771977376681, "MAPE": 44.7125208486181}}, "90": {"train": {"MSE": 1.5009649582389237, "MAE": 0.8783128253775647, "RMSE": 1.2251387506070175, "MAPE": 41.78258556316092}, "test": {"MSE": 1.3216607579170605, "MAE": 0.8766344155741703, "RMSE": 1.1496350542311506, "MAPE": 42.67686108750999}}, "200": {"train": {"MSE": 1.5133774224958643, "MAE": 0.9160450533803564, "RMSE": 1.230194058876836, "MAPE": 46.00604349530924}, "test": {"MSE": 1.3309580055425771, "MAE": 0.9027882290227465, "RMSE": 1.1536715327781029, "MAPE": 46.00664460109719}}, "300": {"train": {"MSE": 1.5019429281389487, "MAE": 0.8886088935129776, "RMSE": 1.225537811794866, "MAPE": 42.96710614685597}, "test": {"MSE": 1.3105698056825408, "MAE": 0.8806998393202735, "RMSE": 1.144801207931989, "MAPE": 43.48314397771627}}, "500": {"train": {"MSE": 1.5163908358864018, "MAE": 0.918258327397842, "RMSE": 1.2314182213555238, "MAPE": 46.24793229398798}, "test": {"MSE": 1.3342884521661733, "MAE": 0.9056906251776503, "RMSE": 1.1551140429265732, "MAPE": 46.25214906852575}}, "2000": {"train": {"MSE": 1.5198234547094904, "MAE": 0.9145768384751675, "RMSE": 1.2328111999448619, "MAPE": 45.9715184860472}, "test": {"MSE": 1.3431840276943583, "MAE": 0.9185669854155571, "RMSE": 1.1589581647731544, "MAPE": 47.64014763261996}}}