{"10": {"train": {"MSE": 1.4716144402532443, "MAE": 0.8816939027290527, "RMSE": 1.2131011665369233, "MAPE": 42.72958572153852}, "test": {"MSE": 1.3477179222120765, "MAE": 0.8932501983848884, "RMSE": 1.160912538571307, "MAPE": 44.62851744989052}}, "20": {"train": {"MSE": 1.4582364740694052, "MAE": 0.8715294276813556, "RMSE": 1.2075746246379166, "MAPE": 41.83195535849844}, "test": {"MSE": 1.357409266046844, "MAE": 0.8957580066749807, "RMSE": 1.165079081456209, "MAPE": 44.41735533263699}}, "30": {"train": {"MSE": 1.452035088800002, "MAE": 0.8759268887481774, "RMSE": 1.2050041862167957, "MAPE": 42.38447060318784}, "test": {"MSE": 1.3656995158046312, "MAE": 0.8968870009502165, "RMSE": 1.168631471339289, "MAPE": 44.42434706950398}}, "40": {"train": {"MSE": 1.440622022590794, "MAE": 0.8757363240051171, "RMSE": 1.2002591480971074, "MAPE": 42.478160754423946}, "test": {"MSE": 1.3873167053319115, "MAE": 0.9049543156743253, "RMSE": 1.177844092115723, "MAPE": 44.85748069716499}}, "50": {"train": {"MSE": 1.4438810563462354, "MAE": 0.8637484729758939, "RMSE": 1.20161601867911, "MAPE": 40.93586584265486}, "test": {"MSE": 1.3718268091626837, "MAE": 0.8891393208328622, "RMSE": 1.1712501052988997, "MAPE": 43.0600309508451}}, "60": {"train": {"MSE": 1.4605075810911106, "MAE": 0.8781938924759725, "RMSE": 1.2085146176571926, "MAPE": 42.41272843741859}, "test": {"MSE": 1.3715399079855197, "MAE": 0.897227093706532, "RMSE": 1.1711276224159004, "MAPE": 44.41767969368608}}, "70": {"train": {"MSE": 1.4683270215300956, "MAE": 0.8752177109577755, "RMSE": 1.211745444196138, "MAPE": 41.870067588899715}, "test": {"MSE": 1.3544245064679628, "MAE": 0.8895004665419534, "RMSE": 1.1637974507911428, "MAPE": 43.77835542450865}}, "80": {"train": {"MSE": 1.4568930828611473, "MAE": 0.868779684945101, "RMSE": 1.2070182611962204, "MAPE": 41.306275166261294}, "test": {"MSE": 1.3571804449740275, "MAE": 0.8914399052107642, "RMSE": 1.1649808775143167, "MAPE": 44.020772183082585}}, "90": {"train": {"MSE": 1.4484381123034875, "MAE": 0.8781244257797124, "RMSE": 1.203510744573345, "MAPE": 42.62763602509738}, "test": {"MSE": 1.3740239709873603, "MAE": 0.9104056471329831, "RMSE": 1.1721876859050175, "MAPE": 45.90488533572269}}, "200": {"train": {"MSE": 1.466377028665583, "MAE": 0.8887515425677344, "RMSE": 1.2109405553806443, "MAPE": 43.29706671393498}, "test": {"MSE": 1.373571655795465, "MAE": 0.9044534706895644, "RMSE": 1.171994733689305, "MAPE": 45.101939139104616}}, "300": {"train": {"MSE": 1.469174969162828, "MAE": 0.8803648707444088, "RMSE": 1.2120952805628888, "MAPE": 42.31225751189348}, "test": {"MSE": 1.3594813027670292, "MAE": 0.8888745265165813, "RMSE": 1.1659679681565138, "MAPE": 43.734310986806925}}, "500": {"train": {"MSE": 1.4691877212620292, "MAE": 0.89107752457391, "RMSE": 1.2121005409049321, "MAPE": 43.606904223908664}, "test": {"MSE": 1.3846100679692603, "MAE": 0.9152378673994048, "RMSE": 1.176694551686741, "MAPE": 46.39545815771829}}, "2000": {"train": {"MSE": 1.4900271512380823, "MAE": 0.9183700322509493, "RMSE": 1.220666683103165, "MAPE": 46.543625067822255}, "test": {"MSE": 1.3996126527402386, "MAE": 0.9309291302388478, "RMSE": 1.183052261204144, "MAPE": 48.929110128014116}}}