{"10": {"train": {"MSE": 1.4098249446494124, "MAE": 0.8623406970527531, "RMSE": 1.1873604948158805, "MAPE": 41.50737271610243}, "test": {"MSE": 1.3448984788603093, "MAE": 0.9032131252318091, "RMSE": 1.159697580777122, "MAPE": 45.53456023290953}}, "20": {"train": {"MSE": 1.3915057398572268, "MAE": 0.8618895735374668, "RMSE": 1.1796210153507891, "MAPE": 41.594469351904614}, "test": {"MSE": 1.3774825955695968, "MAE": 0.9118314214630707, "RMSE": 1.173662044870497, "MAPE": 45.43614996882479}}, "30": {"train": {"MSE": 1.4019012866994969, "MAE": 0.8576467845780767, "RMSE": 1.1840191242963505, "MAPE": 41.054382235376124}, "test": {"MSE": 1.3619195336326881, "MAE": 0.9019331315248319, "RMSE": 1.1670130820315119, "MAPE": 44.50631887251132}}, "40": {"train": {"MSE": 1.3880331881872152, "MAE": 0.8521796292030145, "RMSE": 1.1781482029809387, "MAPE": 40.27850195650836}, "test": {"MSE": 1.3765799187244425, "MAE": 0.9079682215214866, "RMSE": 1.1732774261548045, "MAPE": 44.726851471846636}}, "50": {"train": {"MSE": 1.3852728497827806, "MAE": 0.8590696308306841, "RMSE": 1.1769761466498718, "MAPE": 41.38802389971199}, "test": {"MSE": 1.374490203817659, "MAE": 0.9188672257649619, "RMSE": 1.1723865419807833, "MAPE": 46.2152741519576}}, "60": {"train": {"MSE": 1.417900485144038, "MAE": 0.8701609568605309, "RMSE": 1.1907562660528133, "MAPE": 41.80620954828753}, "test": {"MSE": 1.3598183340439551, "MAE": 0.9079434217873521, "RMSE": 1.1661124877317603, "MAPE": 45.17077663435211}}, "70": {"train": {"MSE": 1.3856429579818885, "MAE": 0.8454814844959616, "RMSE": 1.1771333645691504, "MAPE": 39.55072621057536}, "test": {"MSE": 1.3693295275323372, "MAE": 0.8962356743908935, "RMSE": 1.1701835443776918, "MAPE": 43.31366257609963}}, "80": {"train": {"MSE": 1.4018999487347428, "MAE": 0.8490674234295643, "RMSE": 1.1840185592864425, "MAPE": 39.5329227318566}, "test": {"MSE": 1.3750133582143091, "MAE": 0.9018597413569225, "RMSE": 1.1726096359037432, "MAPE": 43.78085409003838}}, "90": {"train": {"MSE": 1.384088784051885, "MAE": 0.8559174965549753, "RMSE": 1.1764730273371697, "MAPE": 40.93951519940174}, "test": {"MSE": 1.3798574094404863, "MAE": 0.9125523065901004, "RMSE": 1.1746733203067508, "MAPE": 45.099274598435734}}, "200": {"train": {"MSE": 1.425290376794326, "MAE": 0.876588029118295, "RMSE": 1.1938552578911423, "MAPE": 42.31652499310664}, "test": {"MSE": 1.3797933076611355, "MAE": 0.9164023039370914, "RMSE": 1.1746460350510428, "MAPE": 45.73857389151256}}, "300": {"train": {"MSE": 1.4363199301801866, "MAE": 0.8614877992674135, "RMSE": 1.1984656566544518, "MAPE": 40.05004824793772}, "test": {"MSE": 1.369073148222667, "MAE": 0.8996180655280692, "RMSE": 1.170073992627247, "MAPE": 43.51094411445375}}, "500": {"train": {"MSE": 1.443403093014027, "MAE": 0.8970201433175442, "RMSE": 1.2014171186619687, "MAPE": 44.667462731995435}, "test": {"MSE": 1.405776378978411, "MAE": 0.9306962275797841, "RMSE": 1.1856544095892407, "MAPE": 47.314686055899735}}, "2000": {"train": {"MSE": 1.4383728123135373, "MAE": 0.8854527028876049, "RMSE": 1.1993218134902481, "MAPE": 43.55966023333729}, "test": {"MSE": 1.3648705235810148, "MAE": 0.9129886434623865, "RMSE": 1.1682767324487016, "MAPE": 46.42231237640034}}}