{"10": {"train": {"MSE": 1.3762995574897747, "MAE": 0.8561051032397622, "RMSE": 1.1731579422608769, "MAPE": 41.12782658502623}, "test": {"MSE": 1.3519577431117624, "MAE": 0.9019746846190936, "RMSE": 1.1627371771435548, "MAPE": 44.90057044658211}}, "20": {"train": {"MSE": 1.336925242528741, "MAE": 0.8487753902589326, "RMSE": 1.1562548345969157, "MAPE": 40.631597150774404}, "test": {"MSE": 1.3607656678409028, "MAE": 0.9003295349157374, "RMSE": 1.1665186101562643, "MAPE": 44.47662845605622}}, "30": {"train": {"MSE": 1.3400913227195208, "MAE": 0.8500102416528775, "RMSE": 1.1576231350139479, "MAPE": 40.84264215614562}, "test": {"MSE": 1.3749950124391723, "MAE": 0.9077972771294746, "RMSE": 1.1726018132508462, "MAPE": 45.09400706610628}}, "40": {"train": {"MSE": 1.3465967001114851, "MAE": 0.8515410336157457, "RMSE": 1.1604295325919127, "MAPE": 40.74685667792883}, "test": {"MSE": 1.3712070007006831, "MAE": 0.9129313364207391, "RMSE": 1.1709854827027888, "MAPE": 45.74408316939972}}, "50": {"train": {"MSE": 1.3406939949212497, "MAE": 0.8467764796982309, "RMSE": 1.1578834116271162, "MAPE": 40.145880719960054}, "test": {"MSE": 1.3669022178465002, "MAE": 0.900860704560234, "RMSE": 1.1691459352221605, "MAPE": 44.11041783834798}}, "60": {"train": {"MSE": 1.3385766280194655, "MAE": 0.8507777153528574, "RMSE": 1.1569687238726316, "MAPE": 40.59599805500454}, "test": {"MSE": 1.3803394012543193, "MAE": 0.914098881818434, "RMSE": 1.1748784623331552, "MAPE": 45.57970117086928}}, "70": {"train": {"MSE": 1.32814726977632, "MAE": 0.8458993303213038, "RMSE": 1.1524527191066538, "MAPE": 40.25956549886694}, "test": {"MSE": 1.3756056009847126, "MAE": 0.9087908367610764, "RMSE": 1.1728621406562294, "MAPE": 44.670385835340625}}, "80": {"train": {"MSE": 1.3282875634949771, "MAE": 0.840579547608901, "RMSE": 1.1525135849502934, "MAPE": 39.779634717348735}, "test": {"MSE": 1.370361660381414, "MAE": 0.9069195200852718, "RMSE": 1.1706244745354566, "MAPE": 45.04702489009219}}, "90": {"train": {"MSE": 1.3325990664086704, "MAE": 0.8469429919510912, "RMSE": 1.1543825476888805, "MAPE": 40.361172508478}, "test": {"MSE": 1.3791188089442132, "MAE": 0.9074658394702358, "RMSE": 1.174358892734335, "MAPE": 44.82768405841113}}, "200": {"train": {"MSE": 1.4095393015885818, "MAE": 0.8615468012730065, "RMSE": 1.1872402038292764, "MAPE": 40.454734380541844}, "test": {"MSE": 1.3536093961884321, "MAE": 0.8885003352114181, "RMSE": 1.1634472038680708, "MAPE": 43.365207355713444}}, "300": {"train": {"MSE": 1.4060559446976975, "MAE": 0.8614236975104504, "RMSE": 1.18577229884059, "MAPE": 40.565372927210255}, "test": {"MSE": 1.3598840510177344, "MAE": 0.8947055313545174, "RMSE": 1.1661406651934123, "MAPE": 43.7779104602341}}, "500": {"train": {"MSE": 1.425234442987002, "MAE": 0.848846228829006, "RMSE": 1.19383183195415, "MAPE": 38.51828123165441}, "test": {"MSE": 1.3684271442565865, "MAE": 0.8843980893396597, "RMSE": 1.1697979074423865, "MAPE": 42.106014944358286}}, "2000": {"train": {"MSE": 1.4104299494582715, "MAE": 0.8626933482722458, "RMSE": 1.1876152362858399, "MAPE": 40.45495463074516}, "test": {"MSE": 1.3577153059750806, "MAE": 0.8915175543925619, "RMSE": 1.165210412747449, "MAPE": 44.07543440736554}}}