{"10": {"train": {"MSE": 1.307348278009816, "MAE": 0.8335866927819098, "RMSE": 1.1433933172840465, "MAPE": 40.00355373205791}, "test": {"MSE": 1.3214892489080408, "MAE": 0.8932585605403718, "RMSE": 1.1495604590051107, "MAPE": 44.93671580891288}}, "20": {"train": {"MSE": 1.236987860660055, "MAE": 0.8196117400903324, "RMSE": 1.1121995597284038, "MAPE": 39.56353871565685}, "test": {"MSE": 1.3768744842052125, "MAE": 0.9049003725397221, "RMSE": 1.1734029504842796, "MAPE": 44.90206866121768}}, "30": {"train": {"MSE": 1.2278722645499969, "MAE": 0.8104109310714956, "RMSE": 1.1080939782121355, "MAPE": 38.586637117641075}, "test": {"MSE": 1.3646991060109799, "MAE": 0.9023282161539027, "RMSE": 1.1682033667178757, "MAPE": 44.650033279632744}}, "40": {"train": {"MSE": 1.2401784942914424, "MAE": 0.8216314969745565, "RMSE": 1.1136330159848182, "MAPE": 39.50397228578655}, "test": {"MSE": 1.398475646438022, "MAE": 0.9139407253384674, "RMSE": 1.1825716242317088, "MAPE": 45.2666325878781}}, "50": {"train": {"MSE": 1.2167231044873656, "MAE": 0.8067999815584203, "RMSE": 1.1030517233962176, "MAPE": 38.4814750377026}, "test": {"MSE": 1.358442378948223, "MAE": 0.8987081079957139, "RMSE": 1.1655223631266038, "MAPE": 44.28273341434516}}, "60": {"train": {"MSE": 1.195861795216193, "MAE": 0.7999219032840443, "RMSE": 1.0935546603696558, "MAPE": 38.11763544006942}, "test": {"MSE": 1.3735447823020277, "MAE": 0.904120610236001, "RMSE": 1.1719832687807568, "MAPE": 44.357536112706576}}, "70": {"train": {"MSE": 1.186876158867751, "MAE": 0.7969235889686246, "RMSE": 1.0894384603398903, "MAPE": 38.16440642220978}, "test": {"MSE": 1.383922547504747, "MAE": 0.9077605532741913, "RMSE": 1.1764023748296104, "MAPE": 44.170389112060064}}, "80": {"train": {"MSE": 1.2009086351710228, "MAE": 0.8047702699791777, "RMSE": 1.0958597698478683, "MAPE": 38.62009907180229}, "test": {"MSE": 1.3887130921935138, "MAE": 0.9059694418102754, "RMSE": 1.178436715396085, "MAPE": 44.462031876908945}}, "90": {"train": {"MSE": 1.2057223835046065, "MAE": 0.8033831304896023, "RMSE": 1.0980539073764122, "MAPE": 37.927123804956366}, "test": {"MSE": 1.4124716192767772, "MAE": 0.9083809171806216, "RMSE": 1.188474492480498, "MAPE": 43.70278400597986}}, "200": {"train": {"MSE": 1.1643167253931805, "MAE": 0.7975015550163435, "RMSE": 1.079035089973065, "MAPE": 38.34905281192895}, "test": {"MSE": 1.4017005806026412, "MAE": 0.9140751100783225, "RMSE": 1.1839343649893102, "MAPE": 44.74563754182798}}, "300": {"train": {"MSE": 1.1720681877479837, "MAE": 0.7971139492213953, "RMSE": 1.0826209806520395, "MAPE": 38.16440346381587}, "test": {"MSE": 1.410706115238526, "MAE": 0.9107554818711179, "RMSE": 1.1877314996406074, "MAPE": 44.18430441215174}}, "500": {"train": {"MSE": 1.3103724355688398, "MAE": 0.8219094710134667, "RMSE": 1.1447150018973455, "MAPE": 38.029893478460956}, "test": {"MSE": 1.3583043290019938, "MAE": 0.8760396985872272, "RMSE": 1.1654631392721067, "MAPE": 41.70332717429763}}, "2000": {"train": {"MSE": 1.3655308780662854, "MAE": 0.8357574915860163, "RMSE": 1.1685593173075493, "MAPE": 39.205280849594374}, "test": {"MSE": 1.3486757228888195, "MAE": 0.8656318283574478, "RMSE": 1.1613249859056765, "MAPE": 40.56168063077146}}}