{"10": {"train": {"MSE": 1.3657117246861425, "MAE": 0.8470027470206442, "RMSE": 1.1686366949082776, "MAPE": 41.001196741126904}, "test": {"MSE": 1.3018715398965672, "MAE": 0.8846134803081734, "RMSE": 1.1409958544607282, "MAPE": 44.06310074907522}}, "20": {"train": {"MSE": 1.3537546294387526, "MAE": 0.8364936321975993, "RMSE": 1.1635096172523682, "MAPE": 39.87807418143132}, "test": {"MSE": 1.2990928600952043, "MAE": 0.8788122548792084, "RMSE": 1.139777548513395, "MAPE": 43.15502753728634}}, "30": {"train": {"MSE": 1.3416556979907632, "MAE": 0.8386245805036565, "RMSE": 1.1582986221138154, "MAPE": 40.10814695927631}, "test": {"MSE": 1.298634966928672, "MAE": 0.8836535612304597, "RMSE": 1.1395766612776308, "MAPE": 43.94296965403742}}, "40": {"train": {"MSE": 1.330617577179859, "MAE": 0.8410481139436862, "RMSE": 1.1535239820566623, "MAPE": 40.79838216786842}, "test": {"MSE": 1.2979784317384455, "MAE": 0.8847173927692916, "RMSE": 1.1392885638583605, "MAPE": 43.99776516719199}}, "50": {"train": {"MSE": 1.3332910810846337, "MAE": 0.8315093147750529, "RMSE": 1.1546822424739343, "MAPE": 39.29490214659773}, "test": {"MSE": 1.3017983082404008, "MAE": 0.8777904233359785, "RMSE": 1.140963762895387, "MAPE": 42.8196374413444}}, "60": {"train": {"MSE": 1.3269624708747896, "MAE": 0.8227281535119982, "RMSE": 1.1519385707904695, "MAPE": 38.561951378316806}, "test": {"MSE": 1.2905906631775186, "MAE": 0.8674652304453958, "RMSE": 1.1360416643669011, "MAPE": 41.819009003496994}}, "70": {"train": {"MSE": 1.323029184237135, "MAE": 0.8396325820003059, "RMSE": 1.1502300570916824, "MAPE": 40.738459906375965}, "test": {"MSE": 1.2962573790622989, "MAE": 0.8790321561689274, "RMSE": 1.1385329942791729, "MAPE": 43.28613105956285}}, "80": {"train": {"MSE": 1.3300932339255964, "MAE": 0.8325011043903928, "RMSE": 1.1532966807918925, "MAPE": 39.76484747760464}, "test": {"MSE": 1.2954035629738045, "MAE": 0.8734402495062833, "RMSE": 1.1381579692528645, "MAPE": 42.53716989030861}}, "90": {"train": {"MSE": 1.3581385186845116, "MAE": 0.8447018936302986, "RMSE": 1.1653920021540012, "MAPE": 41.04640587649801}, "test": {"MSE": 1.286930893224949, "MAE": 0.875648375373158, "RMSE": 1.1344297656642077, "MAPE": 43.22260375160429}}, "200": {"train": {"MSE": 1.3691510551866886, "MAE": 0.8621439315933425, "RMSE": 1.1701072836226123, "MAPE": 42.39596850776268}, "test": {"MSE": 1.3348694838112025, "MAE": 0.8970314897820346, "RMSE": 1.1553655195699768, "MAPE": 44.92243641815009}}, "300": {"train": {"MSE": 1.387823543982485, "MAE": 0.8691800526400795, "RMSE": 1.1780592277056723, "MAPE": 43.31304510832274}, "test": {"MSE": 1.2931080149138865, "MAE": 0.888981504288339, "RMSE": 1.1371490733030065, "MAPE": 45.17171951469073}}, "500": {"train": {"MSE": 1.4052875311855049, "MAE": 0.8350817339119831, "RMSE": 1.1854482406185032, "MAPE": 37.918199650478336}, "test": {"MSE": 1.3272245684629183, "MAE": 0.8640054634372615, "RMSE": 1.1520523288735274, "MAPE": 40.341823106165684}}, "2000": {"train": {"MSE": 1.3868807331422466, "MAE": 0.8553195609472742, "RMSE": 1.1776590054605138, "MAPE": 41.11781106528985}, "test": {"MSE": 1.30279082337038, "MAE": 0.8785752005071709, "RMSE": 1.1413986259718294, "MAPE": 43.38166686613899}}}