{"10": {"train": {"MSE": 1.4850195250201281, "MAE": 0.8789629697544409, "RMSE": 1.2186137718818577, "MAPE": 42.85016149243494}, "test": {"MSE": 1.2702382642732775, "MAE": 0.8752743181296799, "RMSE": 1.1270484746776765, "MAPE": 42.844375769399}}, "20": {"train": {"MSE": 1.4703356062843345, "MAE": 0.8735760683240457, "RMSE": 1.212573959098716, "MAPE": 42.12030187829692}, "test": {"MSE": 1.2740147455050639, "MAE": 0.8723494199411338, "RMSE": 1.12872261672435, "MAPE": 42.33646364404893}}, "30": {"train": {"MSE": 1.4870430832217052, "MAE": 0.8724758250303016, "RMSE": 1.2194437597616814, "MAPE": 41.580831630645505}, "test": {"MSE": 1.2671986198935485, "MAE": 0.8695838781065143, "RMSE": 1.1256991693581144, "MAPE": 42.24501061735172}}, "40": {"train": {"MSE": 1.4817002027614001, "MAE": 0.8795307794865478, "RMSE": 1.2172510845184736, "MAPE": 42.69724907405673}, "test": {"MSE": 1.2701548002698488, "MAE": 0.8746861829076638, "RMSE": 1.12701144637925, "MAPE": 42.84783256982389}}, "50": {"train": {"MSE": 1.4809263319882264, "MAE": 0.8742319615205406, "RMSE": 1.2169331666070353, "MAPE": 41.88996476261686}, "test": {"MSE": 1.2688966491442564, "MAE": 0.8698445689978793, "RMSE": 1.1264531278061491, "MAPE": 42.15880890080898}}, "60": {"train": {"MSE": 1.4825945521919148, "MAE": 0.873707789401125, "RMSE": 1.217618393500983, "MAPE": 41.931831254318205}, "test": {"MSE": 1.267541071345228, "MAE": 0.8676377637483235, "RMSE": 1.1258512651967967, "MAPE": 41.97565409187105}}, "70": {"train": {"MSE": 1.4796273969955656, "MAE": 0.8698543012399365, "RMSE": 1.216399357528425, "MAPE": 41.449371422392105}, "test": {"MSE": 1.2674616238824508, "MAE": 0.8664680420294277, "RMSE": 1.1258159813586104, "MAPE": 41.78532117581859}}, "80": {"train": {"MSE": 1.4769697660711119, "MAE": 0.8723915442198533, "RMSE": 1.2153064494484969, "MAPE": 41.79534889696189}, "test": {"MSE": 1.276904604121827, "MAE": 0.8709484472748368, "RMSE": 1.1300020372202109, "MAPE": 42.08160923605593}}, "90": {"train": {"MSE": 1.4813813904884416, "MAE": 0.8772670709225623, "RMSE": 1.217120121634854, "MAPE": 42.49265616544075}, "test": {"MSE": 1.259880162223448, "MAE": 0.8683952953837976, "RMSE": 1.1224438347745724, "MAPE": 42.34022194758591}}, "200": {"train": {"MSE": 1.4811021827291737, "MAE": 0.8740701165801786, "RMSE": 1.2170054160640262, "MAPE": 41.949308621482444}, "test": {"MSE": 1.2733298148459515, "MAE": 0.871034340632681, "RMSE": 1.128419166287932, "MAPE": 42.2362209931261}}, "300": {"train": {"MSE": 1.4877378672077581, "MAE": 0.8662650657439144, "RMSE": 1.2197286039147226, "MAPE": 40.7547715959671}, "test": {"MSE": 1.264534127753547, "MAE": 0.8585011810454357, "RMSE": 1.12451506337334, "MAPE": 40.79709832137894}}, "500": {"train": {"MSE": 1.4965695137438342, "MAE": 0.862837203999409, "RMSE": 1.223343579598076, "MAPE": 39.79299431928307}, "test": {"MSE": 1.2834244255994995, "MAE": 0.8633041154579251, "RMSE": 1.1328832356423584, "MAPE": 40.703252475101195}}, "2000": {"train": {"MSE": 1.5188625524143922, "MAE": 0.9261235770611819, "RMSE": 1.232421418352664, "MAPE": 47.950483133871394}, "test": {"MSE": 1.2849323986959775, "MAE": 0.9067749448354282, "RMSE": 1.1335485868263333, "MAPE": 47.15130345864957}}}