{"10": {"train": {"MSE": 1.4439029359327777, "MAE": 0.869740372673074, "RMSE": 1.201625122878503, "MAPE": 42.25962865472547}, "test": {"MSE": 1.3048208628641078, "MAE": 0.8828632583446501, "RMSE": 1.1422875569943445, "MAPE": 42.77412658581803}}, "20": {"train": {"MSE": 1.4406240849064327, "MAE": 0.8704480003024616, "RMSE": 1.2002600072094516, "MAPE": 42.39331429372692}, "test": {"MSE": 1.3130965492903488, "MAE": 0.8841534199340496, "RMSE": 1.1459042496170213, "MAPE": 42.99453242399889}}, "30": {"train": {"MSE": 1.4268211653686746, "MAE": 0.8692836926633205, "RMSE": 1.1944961973018895, "MAPE": 42.5472401013696}, "test": {"MSE": 1.3131446314956852, "MAE": 0.8842075848366213, "RMSE": 1.1459252294524653, "MAPE": 43.13941979292731}}, "40": {"train": {"MSE": 1.4248818297163222, "MAE": 0.8570303199845716, "RMSE": 1.1936841415199928, "MAPE": 40.72594391917872}, "test": {"MSE": 1.329977555910181, "MAE": 0.8760567559535791, "RMSE": 1.1532465286790075, "MAPE": 41.4120026546122}}, "50": {"train": {"MSE": 1.421338091791149, "MAE": 0.8569514570074966, "RMSE": 1.1921988474206595, "MAPE": 40.76161588435975}, "test": {"MSE": 1.3336335434058177, "MAE": 0.8762836097879168, "RMSE": 1.1548305258373706, "MAPE": 41.37871354356871}}, "60": {"train": {"MSE": 1.4300738613518822, "MAE": 0.8671520355710787, "RMSE": 1.1958569568940436, "MAPE": 41.97227475304886}, "test": {"MSE": 1.3135723016537784, "MAE": 0.8773518676379346, "RMSE": 1.146111819000999, "MAPE": 42.22973093534084}}, "70": {"train": {"MSE": 1.431587729503912, "MAE": 0.8859962092184527, "RMSE": 1.1964897531963707, "MAPE": 44.5206510945584}, "test": {"MSE": 1.3326340340901592, "MAE": 0.9005012564239145, "RMSE": 1.1543976932106887, "MAPE": 44.9472984099952}}, "80": {"train": {"MSE": 1.436808167656123, "MAE": 0.8625136413287405, "RMSE": 1.1986693320745814, "MAPE": 41.10082784602811}, "test": {"MSE": 1.3185699998412466, "MAE": 0.8702763439230438, "RMSE": 1.148290032980016, "MAPE": 40.9545358629727}}, "90": {"train": {"MSE": 1.4272163115252148, "MAE": 0.8711101893500205, "RMSE": 1.194661588704188, "MAPE": 42.74923713715037}, "test": {"MSE": 1.3181865705913618, "MAE": 0.8815150260200884, "RMSE": 1.1481230642188849, "MAPE": 42.561867829136524}}, "200": {"train": {"MSE": 1.4427789559816273, "MAE": 0.8744931889855666, "RMSE": 1.2011573402271774, "MAPE": 42.49005982665959}, "test": {"MSE": 1.307721803347567, "MAE": 0.8824531842705278, "RMSE": 1.1435566463221518, "MAPE": 42.92184822227948}}, "300": {"train": {"MSE": 1.452298277239952, "MAE": 0.8912860412713272, "RMSE": 1.2051133877108626, "MAPE": 44.56228215219763}, "test": {"MSE": 1.301459073723171, "MAE": 0.8821456550792237, "RMSE": 1.1408150918195161, "MAPE": 43.351780603002446}}, "500": {"train": {"MSE": 1.4468472177409504, "MAE": 0.8730366968763971, "RMSE": 1.2028496239102169, "MAPE": 42.152773133157766}, "test": {"MSE": 1.3133249937362206, "MAE": 0.874143467741049, "RMSE": 1.1460039239619646, "MAPE": 41.50419157688362}}, "2000": {"train": {"MSE": 1.4482409563975982, "MAE": 0.8695284887030581, "RMSE": 1.203428833125415, "MAPE": 41.632208206245416}, "test": {"MSE": 1.3193678280963919, "MAE": 0.8669728293685988, "RMSE": 1.1486373788521735, "MAPE": 40.674826879371224}}}