{"10": {"train": {"MSE": 1.3966077310510763, "MAE": 0.8523332581185821, "RMSE": 1.1817815919411998, "MAPE": 41.27201321763403}, "test": {"MSE": 1.2976745320601608, "MAE": 0.8856883429865934, "RMSE": 1.139155183484744, "MAPE": 43.886975216781856}}, "20": {"train": {"MSE": 1.3820589973576685, "MAE": 0.8497895760370356, "RMSE": 1.1756100532734775, "MAPE": 41.18170917891704}, "test": {"MSE": 1.3076863166003334, "MAE": 0.8896064473201766, "RMSE": 1.1435411302617555, "MAPE": 43.97561918225596}}, "30": {"train": {"MSE": 1.3761519424819597, "MAE": 0.8398241869513026, "RMSE": 1.1730950270468117, "MAPE": 39.86238851809728}, "test": {"MSE": 1.3011219436710864, "MAE": 0.88609477520693, "RMSE": 1.1406673238377114, "MAPE": 43.66741864654454}}, "40": {"train": {"MSE": 1.3855740373924506, "MAE": 0.8580906814527827, "RMSE": 1.1771040894468299, "MAPE": 42.19133950370786}, "test": {"MSE": 1.3080696078016727, "MAE": 0.8953201645200013, "RMSE": 1.143708707583217, "MAPE": 44.88271777276723}}, "50": {"train": {"MSE": 1.3862202918898898, "MAE": 0.8508065885470574, "RMSE": 1.1773785677894302, "MAPE": 41.10245425150113}, "test": {"MSE": 1.2908509935684016, "MAE": 0.8748840267936129, "RMSE": 1.1361562364254318, "MAPE": 42.37803129587938}}, "60": {"train": {"MSE": 1.374041319545701, "MAE": 0.8490501579813018, "RMSE": 1.1721950859586903, "MAPE": 40.99208417262469}, "test": {"MSE": 1.3292222374402851, "MAE": 0.8957182994985389, "RMSE": 1.1529190073202389, "MAPE": 44.095962140508774}}, "70": {"train": {"MSE": 1.3880692990720043, "MAE": 0.8611653708354976, "RMSE": 1.1781635281538825, "MAPE": 42.41041007039985}, "test": {"MSE": 1.3094422897544225, "MAE": 0.8963446809601846, "RMSE": 1.1443086514373744, "MAPE": 45.092445306402595}}, "80": {"train": {"MSE": 1.3835475696368082, "MAE": 0.8403395150689917, "RMSE": 1.1762429891977288, "MAPE": 39.79353478412884}, "test": {"MSE": 1.3127214781868202, "MAE": 0.879708160662677, "RMSE": 1.1457405806668541, "MAPE": 42.45577982181323}}, "90": {"train": {"MSE": 1.373088770459595, "MAE": 0.8411012421216799, "RMSE": 1.171788705552155, "MAPE": 40.189946628636505}, "test": {"MSE": 1.312791181442149, "MAE": 0.8774270273904529, "RMSE": 1.1457709986913391, "MAPE": 42.03500744020776}}, "200": {"train": {"MSE": 1.3991127530868657, "MAE": 0.8557674806109952, "RMSE": 1.1828409669464723, "MAPE": 41.34441127400122}, "test": {"MSE": 1.2906335724397278, "MAE": 0.878862632618247, "RMSE": 1.1360605496362102, "MAPE": 43.156072334220035}}, "300": {"train": {"MSE": 1.4036970452561743, "MAE": 0.8715352716538056, "RMSE": 1.1847772133427341, "MAPE": 43.376822688152956}, "test": {"MSE": 1.2987303393503469, "MAE": 0.8934377137701918, "RMSE": 1.1396185060582102, "MAPE": 45.02099408504317}}, "500": {"train": {"MSE": 1.4043340986565196, "MAE": 0.8585012040041496, "RMSE": 1.185046032294324, "MAPE": 41.777064410465805}, "test": {"MSE": 1.300390860005306, "MAE": 0.8823174165237034, "RMSE": 1.140346815668508, "MAPE": 43.34039285878288}}, "2000": {"train": {"MSE": 1.4104647884033257, "MAE": 0.8648343341188834, "RMSE": 1.1876299038014013, "MAPE": 42.222516401182006}, "test": {"MSE": 1.2898653441504384, "MAE": 0.8845571259916759, "RMSE": 1.1357223886806311, "MAPE": 44.04968219556636}}}