{"10": {"train": {"MSE": 1.3940426492490177, "MAE": 0.8509191228112195, "RMSE": 1.1806958326550567, "MAPE": 40.911243224533216}, "test": {"MSE": 1.2853576786520409, "MAE": 0.8841516634883757, "RMSE": 1.133736159188742, "MAPE": 43.87061444344359}}, "20": {"train": {"MSE": 1.373960941901589, "MAE": 0.8533744884468611, "RMSE": 1.1721608003604236, "MAPE": 41.4562986870863}, "test": {"MSE": 1.3034996998026318, "MAE": 0.8920719843424412, "RMSE": 1.1417091134797128, "MAPE": 44.68080061567496}}, "30": {"train": {"MSE": 1.3455210936243338, "MAE": 0.8408069498549207, "RMSE": 1.1599659881325546, "MAPE": 40.197137022155566}, "test": {"MSE": 1.3202634541307992, "MAE": 0.8885223629625467, "RMSE": 1.1490271772811986, "MAPE": 43.876481564763175}}, "40": {"train": {"MSE": 1.3480713569142158, "MAE": 0.840819216756272, "RMSE": 1.1610647513873702, "MAPE": 40.09121948367193}, "test": {"MSE": 1.32690516143962, "MAE": 0.8888826591850835, "RMSE": 1.151913695308646, "MAPE": 43.53371655172329}}, "50": {"train": {"MSE": 1.3442998588115562, "MAE": 0.8467681295379497, "RMSE": 1.1594394588815564, "MAPE": 41.19286384599376}, "test": {"MSE": 1.313243621894263, "MAE": 0.8887304050156644, "RMSE": 1.145968420984742, "MAPE": 44.00943585532573}}, "60": {"train": {"MSE": 1.3653957549328917, "MAE": 0.8446284235399825, "RMSE": 1.1685014997563725, "MAPE": 40.43729371547009}, "test": {"MSE": 1.3145904451457804, "MAE": 0.8873525099973649, "RMSE": 1.1465559058091237, "MAPE": 43.794304330426506}}, "70": {"train": {"MSE": 1.3585692027899132, "MAE": 0.8483061578832722, "RMSE": 1.1655767682953848, "MAPE": 41.19817687766641}, "test": {"MSE": 1.3144112932771013, "MAE": 0.8885117295189541, "RMSE": 1.146477777053311, "MAPE": 43.94477381274324}}, "80": {"train": {"MSE": 1.3437135420836326, "MAE": 0.8390948241764309, "RMSE": 1.1591865863973896, "MAPE": 39.98769696275206}, "test": {"MSE": 1.3281141127353204, "MAE": 0.8895391651205448, "RMSE": 1.152438333593308, "MAPE": 43.546361104859145}}, "90": {"train": {"MSE": 1.3665440762042635, "MAE": 0.8499650195828888, "RMSE": 1.1689927613994295, "MAPE": 40.81120485869973}, "test": {"MSE": 1.3133625852631823, "MAE": 0.8874540499283504, "RMSE": 1.1460203249782188, "MAPE": 44.00412909386094}}, "200": {"train": {"MSE": 1.3845971931767318, "MAE": 0.8534263906177635, "RMSE": 1.1766890809286588, "MAPE": 41.251175134341175}, "test": {"MSE": 1.2902192693930086, "MAE": 0.8763815895257456, "RMSE": 1.1358781930264392, "MAPE": 43.01863522042651}}, "300": {"train": {"MSE": 1.3896975921466803, "MAE": 0.8359614169782689, "RMSE": 1.1788543557822062, "MAPE": 38.76528368307179}, "test": {"MSE": 1.3142710766139425, "MAE": 0.864287701120634, "RMSE": 1.1464166243621654, "MAPE": 40.58417628893158}}, "500": {"train": {"MSE": 1.392962298998251, "MAE": 0.8417998250789205, "RMSE": 1.1802382382376242, "MAPE": 39.29722373538413}, "test": {"MSE": 1.31265660378601, "MAE": 0.8631376290371255, "RMSE": 1.1457122691958963, "MAPE": 40.41177185732401}}, "2000": {"train": {"MSE": 1.3991002730530022, "MAE": 0.8427211540763601, "RMSE": 1.1828356914859317, "MAPE": 39.25372165092653}, "test": {"MSE": 1.307624754656582, "MAE": 0.8735172229996524, "RMSE": 1.143514212704233, "MAPE": 42.13416475859466}}}