{"10": {"train": {"MSE": 1.2977288879537299, "MAE": 0.840531482323772, "RMSE": 1.1391790412194782, "MAPE": 40.517517432841885}, "test": {"MSE": 1.3301257963619086, "MAE": 0.9167733727886366, "RMSE": 1.1533107978172703, "MAPE": 47.621661009746276}}, "20": {"train": {"MSE": 1.2266742942237543, "MAE": 0.8163864245445688, "RMSE": 1.1075532918210997, "MAPE": 39.148795747039735}, "test": {"MSE": 1.3664440440150551, "MAE": 0.9264540013999952, "RMSE": 1.1689499749839833, "MAPE": 48.06665691433016}}, "30": {"train": {"MSE": 1.2269346971607837, "MAE": 0.8110260183487177, "RMSE": 1.107670843328822, "MAPE": 38.449175985411074}, "test": {"MSE": 1.3376360747266964, "MAE": 0.9045820928799704, "RMSE": 1.1565621793603216, "MAPE": 45.964159231494165}}, "40": {"train": {"MSE": 1.2238240139663439, "MAE": 0.8110662357799655, "RMSE": 1.1062657971601326, "MAPE": 38.37706356210229}, "test": {"MSE": 1.3629355716160314, "MAE": 0.9144025672131059, "RMSE": 1.167448316464601, "MAPE": 46.417293888150645}}, "50": {"train": {"MSE": 1.1942617294799247, "MAE": 0.8043754815665453, "RMSE": 1.092822826207398, "MAPE": 38.229463177762604}, "test": {"MSE": 1.325082016131952, "MAE": 0.8729363437758582, "RMSE": 1.1511220683020338, "MAPE": 42.52748470356629}}, "60": {"train": {"MSE": 1.1948982904609877, "MAE": 0.8071617644730026, "RMSE": 1.0931140336035339, "MAPE": 38.5228621910477}, "test": {"MSE": 1.3518502771621261, "MAE": 0.9128260176730362, "RMSE": 1.1626909637397747, "MAPE": 46.63278650861929}}, "70": {"train": {"MSE": 1.1737067267143535, "MAE": 0.7810513669712388, "RMSE": 1.083377462712952, "MAPE": 36.17720742941115}, "test": {"MSE": 1.3275472039836032, "MAE": 0.8846900787558214, "RMSE": 1.1521923467822563, "MAPE": 44.00162708875837}}, "80": {"train": {"MSE": 1.2339366070368956, "MAE": 0.8138795852114601, "RMSE": 1.1108269923966088, "MAPE": 38.26970255897537}, "test": {"MSE": 1.3680851939368457, "MAE": 0.9178576952085941, "RMSE": 1.1696517404496287, "MAPE": 47.28074864878415}}, "90": {"train": {"MSE": 1.1934354457038512, "MAE": 0.8128947435595936, "RMSE": 1.092444710593562, "MAPE": 39.25645619099617}, "test": {"MSE": 1.3429071513079762, "MAE": 0.8992850637847974, "RMSE": 1.158838708064231, "MAPE": 45.39104159371829}}, "200": {"train": {"MSE": 1.2111828272509402, "MAE": 0.8261042296976101, "RMSE": 1.100537517420892, "MAPE": 40.612738083614786}, "test": {"MSE": 1.3619089488380751, "MAE": 0.8720020737822269, "RMSE": 1.1670085470287161, "MAPE": 41.223378143661506}}, "300": {"train": {"MSE": 1.3377314260017192, "MAE": 0.8729880773746321, "RMSE": 1.1566034004799222, "MAPE": 42.87198226751838}, "test": {"MSE": 1.4005882663784217, "MAE": 0.9116953421435258, "RMSE": 1.1834645184281707, "MAPE": 45.08201861242878}}, "500": {"train": {"MSE": 1.3495949897601593, "MAE": 0.8635310970788638, "RMSE": 1.1617207021311788, "MAPE": 41.801518997002866}, "test": {"MSE": 1.3966628118220408, "MAE": 0.9291618895262941, "RMSE": 1.1818048958360432, "MAPE": 48.071854850869876}}, "2000": {"train": {"MSE": 1.3713773821988864, "MAE": 0.8727659044216536, "RMSE": 1.1710582317711133, "MAPE": 42.43169881801415}, "test": {"MSE": 1.412343722647227, "MAE": 0.94865334512067, "RMSE": 1.1884206842053984, "MAPE": 49.35517460523231}}}