{"10": {"train": {"MSE": 1.1391411739823163, "MAE": 0.7846630477731477, "RMSE": 1.0673055672965996, "MAPE": 36.88893760709687}, "test": {"MSE": 1.4083964430155536, "MAE": 0.9543614363077522, "RMSE": 1.186758797319638, "MAPE": 50.40854165935761}}, "20": {"train": {"MSE": 1.089919342601586, "MAE": 0.7727945316998056, "RMSE": 1.0439920222882866, "MAPE": 36.63326068354183}, "test": {"MSE": 1.3565823135490263, "MAE": 0.9101735694578986, "RMSE": 1.1647241362438687, "MAPE": 46.41844537237848}}, "30": {"train": {"MSE": 1.0367236156677835, "MAE": 0.7534459081451086, "RMSE": 1.0181962559682605, "MAPE": 35.56516061098869}, "test": {"MSE": 1.3758646831495829, "MAE": 0.9344707568997991, "RMSE": 1.1729725841423502, "MAPE": 48.94501771015674}}, "40": {"train": {"MSE": 0.9970794508336185, "MAE": 0.7398115567014776, "RMSE": 0.9985386576560862, "MAPE": 35.054812829145774}, "test": {"MSE": 1.424687971209646, "MAE": 0.9559448688237908, "RMSE": 1.1936029369977463, "MAPE": 50.46342248553526}}, "50": {"train": {"MSE": 1.0508168640642335, "MAE": 0.769003296153265, "RMSE": 1.0250935879539163, "MAPE": 36.52767728915976}, "test": {"MSE": 1.415120734597702, "MAE": 0.9419141572081929, "RMSE": 1.189588472791201, "MAPE": 48.95518533734411}}, "60": {"train": {"MSE": 0.937922964840746, "MAE": 0.7328524153223107, "RMSE": 0.968464230026461, "MAPE": 35.24226758999933}, "test": {"MSE": 1.367396982270431, "MAE": 0.9007850046228443, "RMSE": 1.1693575083225964, "MAPE": 44.40579032821706}}, "70": {"train": {"MSE": 0.9519808549341755, "MAE": 0.7307406131075149, "RMSE": 0.9756950624729919, "MAPE": 34.86537182732041}, "test": {"MSE": 1.367377458306205, "MAE": 0.9095775415930811, "RMSE": 1.1693491601340487, "MAPE": 45.366580852149205}}, "80": {"train": {"MSE": 0.9413202839982086, "MAE": 0.7180185977247171, "RMSE": 0.9702166170491044, "MAPE": 33.61054031618435}, "test": {"MSE": 1.3854087438421225, "MAE": 0.9213585426962042, "RMSE": 1.177033875401266, "MAPE": 46.005042375374444}}, "90": {"train": {"MSE": 0.9281597286520961, "MAE": 0.7145073272898272, "RMSE": 0.9634104673772732, "MAPE": 33.999426722341475}, "test": {"MSE": 1.3811102796284525, "MAE": 0.8805108375096198, "RMSE": 1.1752064838267582, "MAPE": 41.55900335100571}}, "200": {"train": {"MSE": 0.914273466097342, "MAE": 0.7024222690393164, "RMSE": 0.9561764827150592, "MAPE": 32.75968244766888}, "test": {"MSE": 1.3728946280799583, "MAE": 0.892821811013011, "RMSE": 1.1717058624415764, "MAPE": 43.029741968016346}}, "300": {"train": {"MSE": 0.9209634952173879, "MAE": 0.7111530379335561, "RMSE": 0.9596684298326104, "MAPE": 33.79425666393303}, "test": {"MSE": 1.4025105678126566, "MAE": 0.9056602943842634, "RMSE": 1.184276389958297, "MAPE": 43.255049874127785}}, "500": {"train": {"MSE": 0.9464693954720541, "MAE": 0.7188841044475194, "RMSE": 0.9728665866767416, "MAPE": 32.81227543778098}, "test": {"MSE": 1.4109489270599505, "MAE": 0.9163283630713986, "RMSE": 1.1878337118721418, "MAPE": 43.78979124557701}}, "2000": {"train": {"MSE": 1.2805061045904584, "MAE": 0.8577082481587353, "RMSE": 1.1315944965359537, "MAPE": 41.88541336582002}, "test": {"MSE": 1.5234457025879313, "MAE": 0.965594335636242, "RMSE": 1.2342794264622299, "MAPE": 49.37701499502368}}}