{"10": {"train": {"MSE": 1.4783594597806458, "MAE": 0.8782937443927827, "RMSE": 1.2158780612300912, "MAPE": 42.10026427096634}, "test": {"MSE": 1.3791851082681175, "MAE": 0.9477225450305753, "RMSE": 1.1743871202751321, "MAPE": 50.813417105234805}}, "20": {"train": {"MSE": 1.4851357934317766, "MAE": 0.8802106672336298, "RMSE": 1.2186614761416628, "MAPE": 42.472807146112146}, "test": {"MSE": 1.3222309240778776, "MAE": 0.9165304072400826, "RMSE": 1.149883004517363, "MAPE": 48.26682440275123}}, "30": {"train": {"MSE": 1.4769872208000936, "MAE": 0.8786335375097523, "RMSE": 1.215313630632066, "MAPE": 42.0829572066739}, "test": {"MSE": 1.3465376772796198, "MAE": 0.9235834234296244, "RMSE": 1.1604041008543617, "MAPE": 48.52251269073802}}, "40": {"train": {"MSE": 1.479526809099109, "MAE": 0.8808107294049854, "RMSE": 1.2163580102499054, "MAPE": 42.484741943218594}, "test": {"MSE": 1.3462495597199682, "MAE": 0.9245216034504662, "RMSE": 1.1602799488571576, "MAPE": 48.73480129971542}}, "50": {"train": {"MSE": 1.483164767894144, "MAE": 0.8972111786590432, "RMSE": 1.2178525230479034, "MAPE": 44.402394652221496}, "test": {"MSE": 1.3655365554792998, "MAE": 0.9371867514424742, "RMSE": 1.1685617465411486, "MAPE": 49.940280786815364}}, "60": {"train": {"MSE": 1.481054273161208, "MAE": 0.8744645420900716, "RMSE": 1.2169857325216298, "MAPE": 41.531074074063746}, "test": {"MSE": 1.331886781677826, "MAE": 0.9138008218192538, "RMSE": 1.1540739931554762, "MAPE": 47.47459654370001}}, "70": {"train": {"MSE": 1.4818995984010637, "MAE": 0.8892049739148596, "RMSE": 1.2173329858346333, "MAPE": 43.44467922389083}, "test": {"MSE": 1.3406721153185155, "MAE": 0.9198814029626645, "RMSE": 1.1578739634858863, "MAPE": 48.33993248735437}}, "80": {"train": {"MSE": 1.4832542492853826, "MAE": 0.8882425550756993, "RMSE": 1.2178892598612496, "MAPE": 43.172280276481516}, "test": {"MSE": 1.399942573319584, "MAE": 0.9593424194796877, "RMSE": 1.1831916891694194, "MAPE": 51.821651090755694}}, "90": {"train": {"MSE": 1.4818576497551346, "MAE": 0.8822885341028456, "RMSE": 1.2173157559791685, "MAPE": 42.54308170412175}, "test": {"MSE": 1.3701876561395385, "MAE": 0.9381496055338419, "RMSE": 1.1705501510569885, "MAPE": 49.86573171600474}}, "200": {"train": {"MSE": 1.4834492001843949, "MAE": 0.8822328259764844, "RMSE": 1.2179692936131004, "MAPE": 42.37704975640623}, "test": {"MSE": 1.3345149814232986, "MAE": 0.9143682016933277, "RMSE": 1.1552120936967802, "MAPE": 47.657996791499045}}, "300": {"train": {"MSE": 1.4904413633036624, "MAE": 0.8771613824044348, "RMSE": 1.2208363376405793, "MAPE": 41.44489283112718}, "test": {"MSE": 1.3448821530382753, "MAE": 0.9289017095726326, "RMSE": 1.1596905419284385, "MAPE": 49.14131444025044}}, "500": {"train": {"MSE": 1.487798715430517, "MAE": 0.8828537469334192, "RMSE": 1.2197535470046879, "MAPE": 42.219384464220596}, "test": {"MSE": 1.3919011805010757, "MAE": 0.9528614196882826, "RMSE": 1.1797886168721394, "MAPE": 50.94782701846772}}, "2000": {"train": {"MSE": 1.4862087407158482, "MAE": 0.885716829379174, "RMSE": 1.2191016121373346, "MAPE": 43.053300205630656}, "test": {"MSE": 1.32113704724363, "MAE": 0.9064238101733075, "RMSE": 1.1494072590877569, "MAPE": 46.60098704609293}}}