{"10": {"train": {"MSE": 1.425268353307878, "MAE": 0.8681164985535061, "RMSE": 1.19384603417186, "MAPE": 41.984542474115244}, "test": {"MSE": 1.3494402006328388, "MAE": 0.9200305428988854, "RMSE": 1.161654079592044, "MAPE": 48.12927178338168}}, "20": {"train": {"MSE": 1.413935524463217, "MAE": 0.8637486677108573, "RMSE": 1.1890902087155613, "MAPE": 41.522537683905384}, "test": {"MSE": 1.391696709882329, "MAE": 0.9449880072803752, "RMSE": 1.1797019580734487, "MAPE": 50.33547568735052}}, "30": {"train": {"MSE": 1.3884764754218901, "MAE": 0.8532143296815201, "RMSE": 1.1783363167711882, "MAPE": 40.89299674950701}, "test": {"MSE": 1.326827592095127, "MAE": 0.9032681087020511, "RMSE": 1.151880025043896, "MAPE": 46.081946868286394}}, "40": {"train": {"MSE": 1.4027750280104745, "MAE": 0.8647482733577524, "RMSE": 1.1843880394577084, "MAPE": 41.93294615703838}, "test": {"MSE": 1.3711614642133367, "MAE": 0.9277461043304139, "RMSE": 1.170966038881289, "MAPE": 48.324674154701256}}, "50": {"train": {"MSE": 1.412243795923782, "MAE": 0.853908006683665, "RMSE": 1.1883786416474262, "MAPE": 40.385858503095626}, "test": {"MSE": 1.3429842608807039, "MAE": 0.9075974868587742, "RMSE": 1.1588719777786949, "MAPE": 46.39726359689161}}, "60": {"train": {"MSE": 1.411713600424323, "MAE": 0.8593158031321879, "RMSE": 1.1881555455513066, "MAPE": 41.04710668488662}, "test": {"MSE": 1.3421831370313593, "MAE": 0.906703064176951, "RMSE": 1.1585262780927152, "MAPE": 45.81611767023802}}, "70": {"train": {"MSE": 1.4049701969335358, "MAE": 0.8676264090566528, "RMSE": 1.185314387381481, "MAPE": 42.28146222544173}, "test": {"MSE": 1.3406747673370678, "MAE": 0.9033538778662226, "RMSE": 1.157875108695695, "MAPE": 45.84267889830631}}, "80": {"train": {"MSE": 1.4146305375324995, "MAE": 0.8780889583663052, "RMSE": 1.189382418540185, "MAPE": 43.1217319274653}, "test": {"MSE": 1.3775171505449806, "MAE": 0.9236405096638597, "RMSE": 1.1736767657856146, "MAPE": 47.66086386449229}}, "90": {"train": {"MSE": 1.4365616845860407, "MAE": 0.8810319879907006, "RMSE": 1.1985665123746954, "MAPE": 43.162713420583465}, "test": {"MSE": 1.347700374734645, "MAE": 0.9106861865375445, "RMSE": 1.160904980924212, "MAPE": 46.60685959751937}}, "200": {"train": {"MSE": 1.4473553416239078, "MAE": 0.8821830124427819, "RMSE": 1.2030608220800425, "MAPE": 43.01206416961504}, "test": {"MSE": 1.3536969747097514, "MAE": 0.9163676710650904, "RMSE": 1.1634848407735063, "MAPE": 46.97841700738423}}, "300": {"train": {"MSE": 1.446198993683713, "MAE": 0.8835170093352336, "RMSE": 1.2025801402333705, "MAPE": 43.14149733927275}, "test": {"MSE": 1.4035776196272114, "MAE": 0.9451821343648347, "RMSE": 1.184726812234454, "MAPE": 49.90654202436575}}, "500": {"train": {"MSE": 1.4519317261369524, "MAE": 0.8856275135203306, "RMSE": 1.2049612965307028, "MAPE": 43.49219165600682}, "test": {"MSE": 1.3329948276397594, "MAE": 0.9016207335505736, "RMSE": 1.1545539518098578, "MAPE": 45.648188723849564}}, "2000": {"train": {"MSE": 1.4806581133105108, "MAE": 0.8564623417160386, "RMSE": 1.2168229589017914, "MAPE": 38.25811996525393}, "test": {"MSE": 1.354044910643004, "MAE": 0.8991376867455969, "RMSE": 1.163634354358363, "MAPE": 44.27438811449551}}}