{"10": {"train": {"MSE": 1.3810867996031357, "MAE": 0.8589415703448785, "RMSE": 1.1751964940396715, "MAPE": 41.47181202277193}, "test": {"MSE": 1.341694178550709, "MAE": 0.9202136623906432, "RMSE": 1.1583152328061257, "MAPE": 47.48660029405258}}, "20": {"train": {"MSE": 1.3642303069282435, "MAE": 0.8527953030612317, "RMSE": 1.1680026998805455, "MAPE": 41.090657823810304}, "test": {"MSE": 1.3645072792525235, "MAE": 0.9281295712060229, "RMSE": 1.1681212605087383, "MAPE": 47.935516935259095}}, "30": {"train": {"MSE": 1.336851895875371, "MAE": 0.8418272712111141, "RMSE": 1.1562231168227743, "MAPE": 39.89243601293025}, "test": {"MSE": 1.343693548822532, "MAE": 0.8997555377679611, "RMSE": 1.1591779625331617, "MAPE": 44.31305081911569}}, "40": {"train": {"MSE": 1.3557003779457713, "MAE": 0.8558054194154563, "RMSE": 1.1643454719050403, "MAPE": 41.27471722861685}, "test": {"MSE": 1.3512031981645893, "MAE": 0.9198265727559702, "RMSE": 1.162412662596459, "MAPE": 46.9750257810128}}, "50": {"train": {"MSE": 1.326046635775054, "MAE": 0.8345211505840714, "RMSE": 1.1515409831070078, "MAPE": 39.28719918497243}, "test": {"MSE": 1.3353246507552794, "MAE": 0.8954221532010569, "RMSE": 1.1555624824107433, "MAPE": 44.094109387268745}}, "60": {"train": {"MSE": 1.3329117493552947, "MAE": 0.8406849071232095, "RMSE": 1.1545179727294395, "MAPE": 39.9589737932738}, "test": {"MSE": 1.3589924121310875, "MAE": 0.9066930944508963, "RMSE": 1.1657582991903113, "MAPE": 45.053806105271775}}, "70": {"train": {"MSE": 1.3275712302377818, "MAE": 0.8496364520775083, "RMSE": 1.152202773055933, "MAPE": 40.78335423782221}, "test": {"MSE": 1.3845816278332266, "MAE": 0.9426998580020228, "RMSE": 1.1766824668674325, "MAPE": 48.904516495870645}}, "80": {"train": {"MSE": 1.3393300223824716, "MAE": 0.8543256942218207, "RMSE": 1.157294267843089, "MAPE": 41.512008961633065}, "test": {"MSE": 1.356325882754646, "MAE": 0.9115561317745957, "RMSE": 1.1646140488396344, "MAPE": 45.71166554095484}}, "90": {"train": {"MSE": 1.3405135723000354, "MAE": 0.847269402934194, "RMSE": 1.1578054984754718, "MAPE": 40.589416787113606}, "test": {"MSE": 1.3389293117260308, "MAE": 0.8987413684879912, "RMSE": 1.157121130965134, "MAPE": 44.45199328699261}}, "200": {"train": {"MSE": 1.403062048925485, "MAE": 0.8600662416641409, "RMSE": 1.1845092017057044, "MAPE": 40.28424999731537}, "test": {"MSE": 1.3861593440678632, "MAE": 0.9357267046539746, "RMSE": 1.177352684656498, "MAPE": 47.96138024643598}}, "300": {"train": {"MSE": 1.409632659651873, "MAE": 0.8676415963878414, "RMSE": 1.1872795204381623, "MAPE": 41.69518611588078}, "test": {"MSE": 1.3662906996235524, "MAE": 0.9263916277891325, "RMSE": 1.1688843824876576, "MAPE": 47.81772286302133}}, "500": {"train": {"MSE": 1.414778789443534, "MAE": 0.8746617322425222, "RMSE": 1.1894447399705184, "MAPE": 41.96048648750284}, "test": {"MSE": 1.3662281286767604, "MAE": 0.9202462171221494, "RMSE": 1.168857616939189, "MAPE": 46.346347893808264}}, "2000": {"train": {"MSE": 1.4380954295086295, "MAE": 0.9093303164396053, "RMSE": 1.1992061663903457, "MAPE": 46.081949666366874}, "test": {"MSE": 1.4061634911651573, "MAE": 0.9526891265353601, "RMSE": 1.1858176466747141, "MAPE": 49.84776217477151}}}