{"10": {"train": {"MSE": 1.3242652003258633, "MAE": 0.8360034605762318, "RMSE": 1.1507672224763197, "MAPE": 39.96191181909369}, "test": {"MSE": 1.3036018519124544, "MAE": 0.9043355334890886, "RMSE": 1.1417538490902732, "MAPE": 46.599205773133576}}, "20": {"train": {"MSE": 1.2905260571425132, "MAE": 0.8374916790711187, "RMSE": 1.1360132292990752, "MAPE": 40.456036333412946}, "test": {"MSE": 1.3471370715313564, "MAE": 0.9294505699860273, "RMSE": 1.160662341739128, "MAPE": 48.45181001354711}}, "30": {"train": {"MSE": 1.3137221687350134, "MAE": 0.8420523949295274, "RMSE": 1.1461771977905568, "MAPE": 40.57420669824815}, "test": {"MSE": 1.3232838663893098, "MAE": 0.9139266909305994, "RMSE": 1.150340760987504, "MAPE": 47.44008298344468}}, "40": {"train": {"MSE": 1.2780318697138988, "MAE": 0.8413490054119842, "RMSE": 1.1305007163703606, "MAPE": 41.00715116018004}, "test": {"MSE": 1.3603952756671749, "MAE": 0.9367040773461939, "RMSE": 1.1663598397009283, "MAPE": 49.15078377318285}}, "50": {"train": {"MSE": 1.2954809379281935, "MAE": 0.8422045867763922, "RMSE": 1.1381919600525183, "MAPE": 40.69136683088206}, "test": {"MSE": 1.3509570198569858, "MAE": 0.9271669579960538, "RMSE": 1.1623067666743516, "MAPE": 47.7938077362067}}, "60": {"train": {"MSE": 1.2668815225831325, "MAE": 0.8240774581977303, "RMSE": 1.1255583159406413, "MAPE": 39.18310037114235}, "test": {"MSE": 1.3205990670618413, "MAE": 0.9030790247642971, "RMSE": 1.1491732102089054, "MAPE": 45.610294337073974}}, "70": {"train": {"MSE": 1.2861270909275473, "MAE": 0.8336060248984362, "RMSE": 1.1340754344079353, "MAPE": 39.455399074476965}, "test": {"MSE": 1.357592919490414, "MAE": 0.9226253219688481, "RMSE": 1.1651578946608112, "MAPE": 46.862916975503396}}, "80": {"train": {"MSE": 1.2716640146273535, "MAE": 0.8384371396139272, "RMSE": 1.127680812387687, "MAPE": 40.45352385273856}, "test": {"MSE": 1.353443285840211, "MAE": 0.9242139630256183, "RMSE": 1.1633758145329527, "MAPE": 47.37341448422142}}, "90": {"train": {"MSE": 1.2678882780040712, "MAE": 0.8245898261639305, "RMSE": 1.1260054520312375, "MAPE": 38.95669970531294}, "test": {"MSE": 1.3300185979553212, "MAE": 0.8935810332299416, "RMSE": 1.1532643226751278, "MAPE": 43.99422450668366}}, "200": {"train": {"MSE": 1.2866795654925332, "MAE": 0.8506046097691841, "RMSE": 1.1343189875394546, "MAPE": 41.4938112107888}, "test": {"MSE": 1.360829509478535, "MAE": 0.9082517253330638, "RMSE": 1.1665459740098265, "MAPE": 45.05084354979345}}, "300": {"train": {"MSE": 1.3795542500547162, "MAE": 0.8576645490248631, "RMSE": 1.1745442733480573, "MAPE": 40.27818386051532}, "test": {"MSE": 1.3691975818877948, "MAE": 0.9012888208738071, "RMSE": 1.1701271648362817, "MAPE": 43.96485066205991}}, "500": {"train": {"MSE": 1.385011409519683, "MAE": 0.8511528631210583, "RMSE": 1.1768650770244153, "MAPE": 39.30835130533245}, "test": {"MSE": 1.361063531878283, "MAE": 0.9142510156346091, "RMSE": 1.1666462753886815, "MAPE": 46.11691486291439}}, "2000": {"train": {"MSE": 1.3963050457349135, "MAE": 0.8779601420323139, "RMSE": 1.181653521864558, "MAPE": 42.28427869711555}, "test": {"MSE": 1.4028091628708026, "MAE": 0.9488467500325123, "RMSE": 1.1844024497065186, "MAPE": 49.22432821683606}}}