{"10": {"train": {"MSE": 0.6232208720296926, "MAE": 0.6323139184757898, "RMSE": 0.7894433938096465, "MAPE": 34.02508936719947}, "test": {"MSE": 1.3503461603645992, "MAE": 0.8960729298889953, "RMSE": 1.1620439580173374, "MAPE": 43.98231510976277}}, "20": {"train": {"MSE": 0.6232208720296926, "MAE": 0.6323139184757898, "RMSE": 0.7894433938096465, "MAPE": 34.02508936719947}, "test": {"MSE": 1.3503461603645992, "MAE": 0.8960729298889953, "RMSE": 1.1620439580173374, "MAPE": 43.98231510976277}}, "30": {"train": {"MSE": 0.6232208720296926, "MAE": 0.6323139184757898, "RMSE": 0.7894433938096465, "MAPE": 34.02508936719947}, "test": {"MSE": 1.3503461603645992, "MAE": 0.8960729298889953, "RMSE": 1.1620439580173374, "MAPE": 43.98231510976277}}, "40": {"train": {"MSE": 0.6232208720296926, "MAE": 0.6323139184757898, "RMSE": 0.7894433938096465, "MAPE": 34.02508936719947}, "test": {"MSE": 1.3503461603645992, "MAE": 0.8960729298889953, "RMSE": 1.1620439580173374, "MAPE": 43.98231510976277}}, "50": {"train": {"MSE": 0.6232208720296926, "MAE": 0.6323139184757898, "RMSE": 0.7894433938096465, "MAPE": 34.02508936719947}, "test": {"MSE": 1.3503461603645992, "MAE": 0.8960729298889953, "RMSE": 1.1620439580173374, "MAPE": 43.98231510976277}}, "60": {"train": {"MSE": 0.6232208720296926, "MAE": 0.6323139184757898, "RMSE": 0.7894433938096465, "MAPE": 34.02508936719947}, "test": {"MSE": 1.3503461603645992, "MAE": 0.8960729298889953, "RMSE": 1.1620439580173374, "MAPE": 43.98231510976277}}, "70": {"train": {"MSE": 0.6232208720296926, "MAE": 0.6323139184757898, "RMSE": 0.7894433938096465, "MAPE": 34.02508936719947}, "test": {"MSE": 1.3503461603645992, "MAE": 0.8960729298889953, "RMSE": 1.1620439580173374, "MAPE": 43.98231510976277}}, "80": {"train": {"MSE": 0.6232208720296926, "MAE": 0.6323139184757898, "RMSE": 0.7894433938096465, "MAPE": 34.02508936719947}, "test": {"MSE": 1.3503461603645992, "MAE": 0.8960729298889953, "RMSE": 1.1620439580173374, "MAPE": 43.98231510976277}}, "90": {"train": {"MSE": 0.6232208720296926, "MAE": 0.6323139184757898, "RMSE": 0.7894433938096465, "MAPE": 34.02508936719947}, "test": {"MSE": 1.3503461603645992, "MAE": 0.8960729298889953, "RMSE": 1.1620439580173374, "MAPE": 43.98231510976277}}, "200": {"train": {"MSE": 0.6232208720296926, "MAE": 0.6323139184757898, "RMSE": 0.7894433938096465, "MAPE": 34.02508936719947}, "test": {"MSE": 1.3503461603645992, "MAE": 0.8960729298889953, "RMSE": 1.1620439580173374, "MAPE": 43.98231510976277}}, "300": {"train": {"MSE": 0.6232208720296926, "MAE": 0.6323139184757898, "RMSE": 0.7894433938096465, "MAPE": 34.02508936719947}, "test": {"MSE": 1.3503461603645992, "MAE": 0.8960729298889953, "RMSE": 1.1620439580173374, "MAPE": 43.98231510976277}}, "500": {"train": {"MSE": 0.6232208720296926, "MAE": 0.6323139184757898, "RMSE": 0.7894433938096465, "MAPE": 34.02508936719947}, "test": {"MSE": 1.3503461603645992, "MAE": 0.8960729298889953, "RMSE": 1.1620439580173374, "MAPE": 43.98231510976277}}}