{"10": {"train": {"MSE": 0.9467877764920763, "MAE": 0.783864638957703, "RMSE": 0.9730302032784369, "MAPE": 42.901090759976704}, "test": {"MSE": 1.416542540439299, "MAE": 0.9266508210417506, "RMSE": 1.190185926836349, "MAPE": 48.229410341487785}}, "20": {"train": {"MSE": 0.9467877764920763, "MAE": 0.783864638957703, "RMSE": 0.9730302032784369, "MAPE": 42.901090759976704}, "test": {"MSE": 1.416542540439299, "MAE": 0.9266508210417506, "RMSE": 1.190185926836349, "MAPE": 48.229410341487785}}, "30": {"train": {"MSE": 0.9467877764920763, "MAE": 0.783864638957703, "RMSE": 0.9730302032784369, "MAPE": 42.901090759976704}, "test": {"MSE": 1.416542540439299, "MAE": 0.9266508210417506, "RMSE": 1.190185926836349, "MAPE": 48.229410341487785}}, "40": {"train": {"MSE": 0.9467877764920763, "MAE": 0.783864638957703, "RMSE": 0.9730302032784369, "MAPE": 42.901090759976704}, "test": {"MSE": 1.416542540439299, "MAE": 0.9266508210417506, "RMSE": 1.190185926836349, "MAPE": 48.229410341487785}}, "50": {"train": {"MSE": 0.9467877764920763, "MAE": 0.783864638957703, "RMSE": 0.9730302032784369, "MAPE": 42.901090759976704}, "test": {"MSE": 1.416542540439299, "MAE": 0.9266508210417506, "RMSE": 1.190185926836349, "MAPE": 48.229410341487785}}, "60": {"train": {"MSE": 0.9467877764920763, "MAE": 0.783864638957703, "RMSE": 0.9730302032784369, "MAPE": 42.901090759976704}, "test": {"MSE": 1.416542540439299, "MAE": 0.9266508210417506, "RMSE": 1.190185926836349, "MAPE": 48.229410341487785}}, "70": {"train": {"MSE": 0.9467877764920763, "MAE": 0.783864638957703, "RMSE": 0.9730302032784369, "MAPE": 42.901090759976704}, "test": {"MSE": 1.416542540439299, "MAE": 0.9266508210417506, "RMSE": 1.190185926836349, "MAPE": 48.229410341487785}}, "80": {"train": {"MSE": 0.9467877764920763, "MAE": 0.783864638957703, "RMSE": 0.9730302032784369, "MAPE": 42.901090759976704}, "test": {"MSE": 1.416542540439299, "MAE": 0.9266508210417506, "RMSE": 1.190185926836349, "MAPE": 48.229410341487785}}, "90": {"train": {"MSE": 0.9467877764920763, "MAE": 0.783864638957703, "RMSE": 0.9730302032784369, "MAPE": 42.901090759976704}, "test": {"MSE": 1.416542540439299, "MAE": 0.9266508210417506, "RMSE": 1.190185926836349, "MAPE": 48.229410341487785}}, "200": {"train": {"MSE": 0.9467877764920763, "MAE": 0.783864638957703, "RMSE": 0.9730302032784369, "MAPE": 42.901090759976704}, "test": {"MSE": 1.416542540439299, "MAE": 0.9266508210417506, "RMSE": 1.190185926836349, "MAPE": 48.229410341487785}}, "300": {"train": {"MSE": 0.9467877764920763, "MAE": 0.783864638957703, "RMSE": 0.9730302032784369, "MAPE": 42.901090759976704}, "test": {"MSE": 1.416542540439299, "MAE": 0.9266508210417506, "RMSE": 1.190185926836349, "MAPE": 48.229410341487785}}, "500": {"train": {"MSE": 0.9467877764920763, "MAE": 0.783864638957703, "RMSE": 0.9730302032784369, "MAPE": 42.901090759976704}, "test": {"MSE": 1.416542540439299, "MAE": 0.9266508210417506, "RMSE": 1.190185926836349, "MAPE": 48.229410341487785}}}