{"10": {"train": {"MSE": 1.2149844288893545, "MAE": 0.8752933853077363, "RMSE": 1.102263321030576, "MAPE": 48.44160363445587}, "test": {"MSE": 1.378629466175599, "MAE": 0.9409981173443018, "RMSE": 1.1741505296066594, "MAPE": 50.77633091916668}}, "20": {"train": {"MSE": 1.2149844288893545, "MAE": 0.8752933853077363, "RMSE": 1.102263321030576, "MAPE": 48.44160363445587}, "test": {"MSE": 1.378629466175599, "MAE": 0.9409981173443018, "RMSE": 1.1741505296066594, "MAPE": 50.77633091916668}}, "30": {"train": {"MSE": 1.2149844288893545, "MAE": 0.8752933853077363, "RMSE": 1.102263321030576, "MAPE": 48.44160363445587}, "test": {"MSE": 1.378629466175599, "MAE": 0.9409981173443018, "RMSE": 1.1741505296066594, "MAPE": 50.77633091916668}}, "40": {"train": {"MSE": 1.2149844288893545, "MAE": 0.8752933853077363, "RMSE": 1.102263321030576, "MAPE": 48.44160363445587}, "test": {"MSE": 1.378629466175599, "MAE": 0.9409981173443018, "RMSE": 1.1741505296066594, "MAPE": 50.77633091916668}}, "50": {"train": {"MSE": 1.2149844288893545, "MAE": 0.8752933853077363, "RMSE": 1.102263321030576, "MAPE": 48.44160363445587}, "test": {"MSE": 1.378629466175599, "MAE": 0.9409981173443018, "RMSE": 1.1741505296066594, "MAPE": 50.77633091916668}}, "60": {"train": {"MSE": 1.2149844288893545, "MAE": 0.8752933853077363, "RMSE": 1.102263321030576, "MAPE": 48.44160363445587}, "test": {"MSE": 1.378629466175599, "MAE": 0.9409981173443018, "RMSE": 1.1741505296066594, "MAPE": 50.77633091916668}}, "70": {"train": {"MSE": 1.2149844288893545, "MAE": 0.8752933853077363, "RMSE": 1.102263321030576, "MAPE": 48.44160363445587}, "test": {"MSE": 1.378629466175599, "MAE": 0.9409981173443018, "RMSE": 1.1741505296066594, "MAPE": 50.77633091916668}}, "80": {"train": {"MSE": 1.2149844288893545, "MAE": 0.8752933853077363, "RMSE": 1.102263321030576, "MAPE": 48.44160363445587}, "test": {"MSE": 1.378629466175599, "MAE": 0.9409981173443018, "RMSE": 1.1741505296066594, "MAPE": 50.77633091916668}}, "90": {"train": {"MSE": 1.2149844288893545, "MAE": 0.8752933853077363, "RMSE": 1.102263321030576, "MAPE": 48.44160363445587}, "test": {"MSE": 1.378629466175599, "MAE": 0.9409981173443018, "RMSE": 1.1741505296066594, "MAPE": 50.77633091916668}}, "200": {"train": {"MSE": 1.2149844288893545, "MAE": 0.8752933853077363, "RMSE": 1.102263321030576, "MAPE": 48.44160363445587}, "test": {"MSE": 1.378629466175599, "MAE": 0.9409981173443018, "RMSE": 1.1741505296066594, "MAPE": 50.77633091916668}}, "300": {"train": {"MSE": 1.2149844288893545, "MAE": 0.8752933853077363, "RMSE": 1.102263321030576, "MAPE": 48.44160363445587}, "test": {"MSE": 1.378629466175599, "MAE": 0.9409981173443018, "RMSE": 1.1741505296066594, "MAPE": 50.77633091916668}}, "500": {"train": {"MSE": 1.2149844288893545, "MAE": 0.8752933853077363, "RMSE": 1.102263321030576, "MAPE": 48.44160363445587}, "test": {"MSE": 1.378629466175599, "MAE": 0.9409981173443018, "RMSE": 1.1741505296066594, "MAPE": 50.77633091916668}}}