{"10": {"train": {"MSE": 1.2008246740118853, "MAE": 0.8824865808254219, "RMSE": 1.0958214608283072, "MAPE": 48.90628237496274}, "test": {"MSE": 1.4694835540224898, "MAE": 0.9491496302788148, "RMSE": 1.2122225678572767, "MAPE": 50.79466879088332}}, "20": {"train": {"MSE": 1.2008246740118853, "MAE": 0.8824865808254219, "RMSE": 1.0958214608283072, "MAPE": 48.90628237496274}, "test": {"MSE": 1.4694835540224898, "MAE": 0.9491496302788148, "RMSE": 1.2122225678572767, "MAPE": 50.79466879088332}}, "30": {"train": {"MSE": 1.2008246740118853, "MAE": 0.8824865808254219, "RMSE": 1.0958214608283072, "MAPE": 48.90628237496274}, "test": {"MSE": 1.4694835540224898, "MAE": 0.9491496302788148, "RMSE": 1.2122225678572767, "MAPE": 50.79466879088332}}, "40": {"train": {"MSE": 1.2008246740118853, "MAE": 0.8824865808254219, "RMSE": 1.0958214608283072, "MAPE": 48.90628237496274}, "test": {"MSE": 1.4694835540224898, "MAE": 0.9491496302788148, "RMSE": 1.2122225678572767, "MAPE": 50.79466879088332}}, "50": {"train": {"MSE": 1.2008246740118853, "MAE": 0.8824865808254219, "RMSE": 1.0958214608283072, "MAPE": 48.90628237496274}, "test": {"MSE": 1.4694835540224898, "MAE": 0.9491496302788148, "RMSE": 1.2122225678572767, "MAPE": 50.79466879088332}}, "60": {"train": {"MSE": 1.2008246740118853, "MAE": 0.8824865808254219, "RMSE": 1.0958214608283072, "MAPE": 48.90628237496274}, "test": {"MSE": 1.4694835540224898, "MAE": 0.9491496302788148, "RMSE": 1.2122225678572767, "MAPE": 50.79466879088332}}, "70": {"train": {"MSE": 1.2008246740118853, "MAE": 0.8824865808254219, "RMSE": 1.0958214608283072, "MAPE": 48.90628237496274}, "test": {"MSE": 1.4694835540224898, "MAE": 0.9491496302788148, "RMSE": 1.2122225678572767, "MAPE": 50.79466879088332}}, "80": {"train": {"MSE": 1.2008246740118853, "MAE": 0.8824865808254219, "RMSE": 1.0958214608283072, "MAPE": 48.90628237496274}, "test": {"MSE": 1.4694835540224898, "MAE": 0.9491496302788148, "RMSE": 1.2122225678572767, "MAPE": 50.79466879088332}}, "90": {"train": {"MSE": 1.2008246740118853, "MAE": 0.8824865808254219, "RMSE": 1.0958214608283072, "MAPE": 48.90628237496274}, "test": {"MSE": 1.4694835540224898, "MAE": 0.9491496302788148, "RMSE": 1.2122225678572767, "MAPE": 50.79466879088332}}, "200": {"train": {"MSE": 1.2008246740118853, "MAE": 0.8824865808254219, "RMSE": 1.0958214608283072, "MAPE": 48.90628237496274}, "test": {"MSE": 1.4694835540224898, "MAE": 0.9491496302788148, "RMSE": 1.2122225678572767, "MAPE": 50.79466879088332}}, "300": {"train": {"MSE": 1.2008246740118853, "MAE": 0.8824865808254219, "RMSE": 1.0958214608283072, "MAPE": 48.90628237496274}, "test": {"MSE": 1.4694835540224898, "MAE": 0.9491496302788148, "RMSE": 1.2122225678572767, "MAPE": 50.79466879088332}}, "500": {"train": {"MSE": 1.2008246740118853, "MAE": 0.8824865808254219, "RMSE": 1.0958214608283072, "MAPE": 48.90628237496274}, "test": {"MSE": 1.4694835540224898, "MAE": 0.9491496302788148, "RMSE": 1.2122225678572767, "MAPE": 50.79466879088332}}}