{"10": {"train": {"MSE": 1.1604687552345319, "MAE": 0.8673934530987858, "RMSE": 1.0772505536014043, "MAPE": 48.08920801641011}, "test": {"MSE": 1.427352083246673, "MAE": 0.9387042910016525, "RMSE": 1.1947184116965273, "MAPE": 50.45863729055191}}, "20": {"train": {"MSE": 1.1604687552345319, "MAE": 0.8673934530987858, "RMSE": 1.0772505536014043, "MAPE": 48.08920801641011}, "test": {"MSE": 1.427352083246673, "MAE": 0.9387042910016525, "RMSE": 1.1947184116965273, "MAPE": 50.45863729055191}}, "30": {"train": {"MSE": 1.1604687552345319, "MAE": 0.8673934530987858, "RMSE": 1.0772505536014043, "MAPE": 48.08920801641011}, "test": {"MSE": 1.427352083246673, "MAE": 0.9387042910016525, "RMSE": 1.1947184116965273, "MAPE": 50.45863729055191}}, "40": {"train": {"MSE": 1.1604687552345319, "MAE": 0.8673934530987858, "RMSE": 1.0772505536014043, "MAPE": 48.08920801641011}, "test": {"MSE": 1.427352083246673, "MAE": 0.9387042910016525, "RMSE": 1.1947184116965273, "MAPE": 50.45863729055191}}, "50": {"train": {"MSE": 1.1604687552345319, "MAE": 0.8673934530987858, "RMSE": 1.0772505536014043, "MAPE": 48.08920801641011}, "test": {"MSE": 1.427352083246673, "MAE": 0.9387042910016525, "RMSE": 1.1947184116965273, "MAPE": 50.45863729055191}}, "60": {"train": {"MSE": 1.1604687552345319, "MAE": 0.8673934530987858, "RMSE": 1.0772505536014043, "MAPE": 48.08920801641011}, "test": {"MSE": 1.427352083246673, "MAE": 0.9387042910016525, "RMSE": 1.1947184116965273, "MAPE": 50.45863729055191}}, "70": {"train": {"MSE": 1.1604687552345319, "MAE": 0.8673934530987858, "RMSE": 1.0772505536014043, "MAPE": 48.08920801641011}, "test": {"MSE": 1.427352083246673, "MAE": 0.9387042910016525, "RMSE": 1.1947184116965273, "MAPE": 50.45863729055191}}, "80": {"train": {"MSE": 1.1604687552345319, "MAE": 0.8673934530987858, "RMSE": 1.0772505536014043, "MAPE": 48.08920801641011}, "test": {"MSE": 1.427352083246673, "MAE": 0.9387042910016525, "RMSE": 1.1947184116965273, "MAPE": 50.45863729055191}}, "90": {"train": {"MSE": 1.1604687552345319, "MAE": 0.8673934530987858, "RMSE": 1.0772505536014043, "MAPE": 48.08920801641011}, "test": {"MSE": 1.427352083246673, "MAE": 0.9387042910016525, "RMSE": 1.1947184116965273, "MAPE": 50.45863729055191}}, "200": {"train": {"MSE": 1.1604687552345319, "MAE": 0.8673934530987858, "RMSE": 1.0772505536014043, "MAPE": 48.08920801641011}, "test": {"MSE": 1.427352083246673, "MAE": 0.9387042910016525, "RMSE": 1.1947184116965273, "MAPE": 50.45863729055191}}, "300": {"train": {"MSE": 1.1604687552345319, "MAE": 0.8673934530987858, "RMSE": 1.0772505536014043, "MAPE": 48.08920801641011}, "test": {"MSE": 1.427352083246673, "MAE": 0.9387042910016525, "RMSE": 1.1947184116965273, "MAPE": 50.45863729055191}}, "500": {"train": {"MSE": 1.1604687552345319, "MAE": 0.8673934530987858, "RMSE": 1.0772505536014043, "MAPE": 48.08920801641011}, "test": {"MSE": 1.427352083246673, "MAE": 0.9387042910016525, "RMSE": 1.1947184116965273, "MAPE": 50.45863729055191}}}