{"10": {"train": {"MSE": 1.1555947477818527, "MAE": 0.8718034537139633, "RMSE": 1.0749859291087733, "MAPE": 48.32156433249324}, "test": {"MSE": 1.4295796847623963, "MAE": 0.9528450083083769, "RMSE": 1.195650318764812, "MAPE": 51.35838799746768}}, "20": {"train": {"MSE": 1.1555947477818527, "MAE": 0.8718034537139633, "RMSE": 1.0749859291087733, "MAPE": 48.32156433249324}, "test": {"MSE": 1.4295796847623963, "MAE": 0.9528450083083769, "RMSE": 1.195650318764812, "MAPE": 51.35838799746768}}, "30": {"train": {"MSE": 1.1555947477818527, "MAE": 0.8718034537139633, "RMSE": 1.0749859291087733, "MAPE": 48.32156433249324}, "test": {"MSE": 1.4295796847623963, "MAE": 0.9528450083083769, "RMSE": 1.195650318764812, "MAPE": 51.35838799746768}}, "40": {"train": {"MSE": 1.1555947477818527, "MAE": 0.8718034537139633, "RMSE": 1.0749859291087733, "MAPE": 48.32156433249324}, "test": {"MSE": 1.4295796847623963, "MAE": 0.9528450083083769, "RMSE": 1.195650318764812, "MAPE": 51.35838799746768}}, "50": {"train": {"MSE": 1.1555947477818527, "MAE": 0.8718034537139633, "RMSE": 1.0749859291087733, "MAPE": 48.32156433249324}, "test": {"MSE": 1.4295796847623963, "MAE": 0.9528450083083769, "RMSE": 1.195650318764812, "MAPE": 51.35838799746768}}, "60": {"train": {"MSE": 1.1555947477818527, "MAE": 0.8718034537139633, "RMSE": 1.0749859291087733, "MAPE": 48.32156433249324}, "test": {"MSE": 1.4295796847623963, "MAE": 0.9528450083083769, "RMSE": 1.195650318764812, "MAPE": 51.35838799746768}}, "70": {"train": {"MSE": 1.1555947477818527, "MAE": 0.8718034537139633, "RMSE": 1.0749859291087733, "MAPE": 48.32156433249324}, "test": {"MSE": 1.4295796847623963, "MAE": 0.9528450083083769, "RMSE": 1.195650318764812, "MAPE": 51.35838799746768}}, "80": {"train": {"MSE": 1.1555947477818527, "MAE": 0.8718034537139633, "RMSE": 1.0749859291087733, "MAPE": 48.32156433249324}, "test": {"MSE": 1.4295796847623963, "MAE": 0.9528450083083769, "RMSE": 1.195650318764812, "MAPE": 51.35838799746768}}, "90": {"train": {"MSE": 1.1555947477818527, "MAE": 0.8718034537139633, "RMSE": 1.0749859291087733, "MAPE": 48.32156433249324}, "test": {"MSE": 1.4295796847623963, "MAE": 0.9528450083083769, "RMSE": 1.195650318764812, "MAPE": 51.35838799746768}}, "200": {"train": {"MSE": 1.1555947477818527, "MAE": 0.8718034537139633, "RMSE": 1.0749859291087733, "MAPE": 48.32156433249324}, "test": {"MSE": 1.4295796847623963, "MAE": 0.9528450083083769, "RMSE": 1.195650318764812, "MAPE": 51.35838799746768}}, "300": {"train": {"MSE": 1.1555947477818527, "MAE": 0.8718034537139633, "RMSE": 1.0749859291087733, "MAPE": 48.32156433249324}, "test": {"MSE": 1.4295796847623963, "MAE": 0.9528450083083769, "RMSE": 1.195650318764812, "MAPE": 51.35838799746768}}, "500": {"train": {"MSE": 1.1555947477818527, "MAE": 0.8718034537139633, "RMSE": 1.0749859291087733, "MAPE": 48.32156433249324}, "test": {"MSE": 1.4295796847623963, "MAE": 0.9528450083083769, "RMSE": 1.195650318764812, "MAPE": 51.35838799746768}}}